2026-06-06 14:24:30,487 - INFO - Processing 24 symbols
2026-06-06 14:24:33,650 - INFO -   RELIANCE.NS: 250 rows stored in DB
2026-06-06 14:24:35,241 - INFO -   HDFCBANK.NS: 250 rows stored in DB
2026-06-06 14:24:37,082 - INFO -   ICICIBANK.NS: 250 rows stored in DB
2026-06-06 14:24:38,640 - INFO -   INFY.NS: 250 rows stored in DB
2026-06-06 14:24:40,132 - INFO -   TCS.NS: 250 rows stored in DB
2026-06-06 14:24:41,626 - INFO -   ITC.NS: 250 rows stored in DB
2026-06-06 14:24:42,950 - INFO -   HINDUNILVR.NS: 250 rows stored in DB
2026-06-06 14:24:44,561 - INFO -   SBIN.NS: 250 rows stored in DB
2026-06-06 14:24:45,823 - INFO -   BHARTIARTL.NS: 250 rows stored in DB
2026-06-06 14:24:47,564 - INFO -   KOTAKBANK.NS: 250 rows stored in DB
2026-06-06 14:24:49,333 - INFO -   LT.NS: 250 rows stored in DB
2026-06-06 14:24:51,059 - INFO -   AXISBANK.NS: 250 rows stored in DB
2026-06-06 14:24:52,485 - INFO -   BAJFINANCE.NS: 250 rows stored in DB
2026-06-06 14:24:53,828 - INFO -   ASIANPAINT.NS: 250 rows stored in DB
2026-06-06 14:24:55,110 - INFO -   MARUTI.NS: 250 rows stored in DB
2026-06-06 14:24:56,503 - INFO -   SUNPHARMA.NS: 250 rows stored in DB
2026-06-06 14:24:58,019 - INFO -   WIPRO.NS: 250 rows stored in DB
2026-06-06 14:24:59,558 - INFO -   POWERGRID.NS: 250 rows stored in DB
2026-06-06 14:25:00,993 - INFO -   NTPC.NS: 250 rows stored in DB
2026-06-06 14:25:02,358 - INFO -   ONGC.NS: 250 rows stored in DB
2026-06-06 14:25:03,837 - INFO -   ^NSEI: 247 rows stored in DB
2026-06-06 14:25:05,011 - INFO -   ^NSEBANK: 247 rows stored in DB
2026-06-06 14:25:06,532 - INFO -   ^BSESN: 247 rows stored in DB
2026-06-06 14:25:08,102 - INFO -   ^NSEMDCP50: 246 rows stored in DB
2026-06-06 14:25:08,530 - INFO - README updated.
2026-06-06 14:25:08,532 - INFO - All done.
2026-06-06 14:35:15,626 - INFO - Processing 24 symbols
2026-06-06 14:35:15,649 - INFO - Processing: RELIANCE.NS
2026-06-06 14:35:16,809 - INFO -   RELIANCE.NS: 250 rows stored in DB
2026-06-06 14:35:16,809 - INFO - Processing: HDFCBANK.NS
2026-06-06 14:35:17,951 - INFO -   HDFCBANK.NS: 250 rows stored in DB
2026-06-06 14:35:17,951 - INFO - Processing: ICICIBANK.NS
2026-06-06 14:35:19,102 - INFO -   ICICIBANK.NS: 250 rows stored in DB
2026-06-06 14:35:19,103 - INFO - Processing: INFY.NS
2026-06-06 14:35:19,956 - INFO -   INFY.NS: 250 rows stored in DB
2026-06-06 14:35:19,956 - INFO - Processing: TCS.NS
2026-06-06 14:35:21,100 - INFO -   TCS.NS: 250 rows stored in DB
2026-06-06 14:35:21,100 - INFO - Processing: ITC.NS
2026-06-06 14:35:22,119 - INFO -   ITC.NS: 250 rows stored in DB
2026-06-06 14:35:22,119 - INFO - Processing: HINDUNILVR.NS
2026-06-06 14:35:23,286 - INFO -   HINDUNILVR.NS: 250 rows stored in DB
2026-06-06 14:35:23,288 - INFO - Processing: SBIN.NS
2026-06-06 14:35:24,537 - INFO -   SBIN.NS: 250 rows stored in DB
2026-06-06 14:35:24,537 - INFO - Processing: BHARTIARTL.NS
2026-06-06 14:35:25,659 - INFO -   BHARTIARTL.NS: 250 rows stored in DB
2026-06-06 14:35:25,660 - INFO - Processing: KOTAKBANK.NS
2026-06-06 14:35:26,927 - INFO -   KOTAKBANK.NS: 250 rows stored in DB
2026-06-06 14:35:26,929 - INFO - Processing: LT.NS
2026-06-06 14:35:28,136 - INFO -   LT.NS: 250 rows stored in DB
2026-06-06 14:35:28,136 - INFO - Processing: AXISBANK.NS
2026-06-06 14:35:29,286 - INFO -   AXISBANK.NS: 250 rows stored in DB
2026-06-06 14:35:29,291 - INFO - Processing: BAJFINANCE.NS
2026-06-06 14:35:30,815 - INFO -   BAJFINANCE.NS: 250 rows stored in DB
2026-06-06 14:35:30,815 - INFO - Processing: ASIANPAINT.NS
2026-06-06 14:35:31,891 - INFO -   ASIANPAINT.NS: 250 rows stored in DB
2026-06-06 14:35:31,892 - INFO - Processing: MARUTI.NS
2026-06-06 14:35:33,287 - INFO -   MARUTI.NS: 250 rows stored in DB
2026-06-06 14:35:33,287 - INFO - Processing: SUNPHARMA.NS
2026-06-06 14:35:34,805 - INFO -   SUNPHARMA.NS: 250 rows stored in DB
2026-06-06 14:35:34,805 - INFO - Processing: WIPRO.NS
2026-06-06 14:35:36,378 - INFO -   WIPRO.NS: 250 rows stored in DB
2026-06-06 14:35:36,379 - INFO - Processing: POWERGRID.NS
2026-06-06 14:35:37,824 - INFO -   POWERGRID.NS: 250 rows stored in DB
2026-06-06 14:35:37,825 - INFO - Processing: NTPC.NS
2026-06-06 14:35:39,315 - INFO -   NTPC.NS: 250 rows stored in DB
2026-06-06 14:35:39,315 - INFO - Processing: ONGC.NS
2026-06-06 14:35:40,803 - INFO -   ONGC.NS: 250 rows stored in DB
2026-06-06 14:35:40,804 - INFO - Processing: ^NSEI
2026-06-06 14:35:42,324 - INFO -   ^NSEI: 247 rows stored in DB
2026-06-06 14:35:42,324 - INFO - Processing: ^NSEBANK
2026-06-06 14:35:43,862 - INFO -   ^NSEBANK: 247 rows stored in DB
2026-06-06 14:35:43,863 - INFO - Processing: ^BSESN
2026-06-06 14:35:45,484 - INFO -   ^BSESN: 247 rows stored in DB
2026-06-06 14:35:45,485 - INFO - Processing: ^NSEMDCP50
2026-06-06 14:35:47,229 - INFO -   ^NSEMDCP50: 246 rows stored in DB
2026-06-06 14:35:47,645 - INFO - README updated.
2026-06-06 14:35:47,645 - INFO - All done.
2026-06-06 14:40:05,907 - INFO - Processing 24 symbols
2026-06-06 14:40:05,907 - INFO - Processing: RELIANCE.NS
2026-06-06 14:40:07,329 - INFO -   RELIANCE.NS: 250 rows stored in DB
2026-06-06 14:40:07,336 - INFO - Processing: HDFCBANK.NS
2026-06-06 14:40:08,278 - INFO -   HDFCBANK.NS: 250 rows stored in DB
2026-06-06 14:40:08,278 - INFO - Processing: ICICIBANK.NS
2026-06-06 14:40:09,425 - INFO -   ICICIBANK.NS: 250 rows stored in DB
2026-06-06 14:40:09,425 - INFO - Processing: INFY.NS
2026-06-06 14:40:10,245 - INFO -   INFY.NS: 250 rows stored in DB
2026-06-06 14:40:10,245 - INFO - Processing: TCS.NS
2026-06-06 14:40:11,138 - INFO -   TCS.NS: 250 rows stored in DB
2026-06-06 14:40:11,139 - INFO - Processing: ITC.NS
2026-06-06 14:40:12,500 - INFO -   ITC.NS: 250 rows stored in DB
2026-06-06 14:40:12,501 - INFO - Processing: HINDUNILVR.NS
2026-06-06 14:40:13,940 - INFO -   HINDUNILVR.NS: 250 rows stored in DB
2026-06-06 14:40:13,941 - INFO - Processing: SBIN.NS
2026-06-06 14:40:15,406 - INFO -   SBIN.NS: 250 rows stored in DB
2026-06-06 14:40:15,408 - INFO - Processing: BHARTIARTL.NS
2026-06-06 14:40:16,720 - INFO -   BHARTIARTL.NS: 250 rows stored in DB
2026-06-06 14:40:16,721 - INFO - Processing: KOTAKBANK.NS
2026-06-06 14:40:17,991 - INFO -   KOTAKBANK.NS: 250 rows stored in DB
2026-06-06 14:40:17,991 - INFO - Processing: LT.NS
2026-06-06 14:40:19,404 - INFO -   LT.NS: 250 rows stored in DB
2026-06-06 14:40:19,405 - INFO - Processing: AXISBANK.NS
2026-06-06 14:40:20,594 - INFO -   AXISBANK.NS: 250 rows stored in DB
2026-06-06 14:40:20,596 - INFO - Processing: BAJFINANCE.NS
2026-06-06 14:40:22,008 - INFO -   BAJFINANCE.NS: 250 rows stored in DB
2026-06-06 14:40:22,008 - INFO - Processing: ASIANPAINT.NS
2026-06-06 14:40:23,366 - INFO -   ASIANPAINT.NS: 250 rows stored in DB
2026-06-06 14:40:23,366 - INFO - Processing: MARUTI.NS
2026-06-06 14:40:24,479 - INFO -   MARUTI.NS: 250 rows stored in DB
2026-06-06 14:40:24,479 - INFO - Processing: SUNPHARMA.NS
2026-06-06 14:40:26,046 - INFO -   SUNPHARMA.NS: 250 rows stored in DB
2026-06-06 14:40:26,046 - INFO - Processing: WIPRO.NS
2026-06-06 14:40:27,350 - INFO -   WIPRO.NS: 250 rows stored in DB
2026-06-06 14:40:27,352 - INFO - Processing: POWERGRID.NS
2026-06-06 14:40:28,814 - INFO -   POWERGRID.NS: 250 rows stored in DB
2026-06-06 14:40:28,814 - INFO - Processing: NTPC.NS
2026-06-06 14:40:30,226 - INFO -   NTPC.NS: 250 rows stored in DB
2026-06-06 14:40:30,226 - INFO - Processing: ONGC.NS
2026-06-06 14:40:31,722 - INFO -   ONGC.NS: 250 rows stored in DB
2026-06-06 14:40:31,722 - INFO - Processing: ^NSEI
2026-06-06 14:40:33,059 - INFO -   ^NSEI: 247 rows stored in DB
2026-06-06 14:40:33,060 - INFO - Processing: ^NSEBANK
2026-06-06 14:40:34,304 - INFO -   ^NSEBANK: 247 rows stored in DB
2026-06-06 14:40:34,304 - INFO - Processing: ^BSESN
2026-06-06 14:40:35,707 - INFO -   ^BSESN: 247 rows stored in DB
2026-06-06 14:40:35,707 - INFO - Processing: ^NSEMDCP50
2026-06-06 14:40:37,142 - INFO -   ^NSEMDCP50: 246 rows stored in DB
2026-06-06 14:40:37,471 - INFO - README updated.
2026-06-06 14:40:37,478 - INFO - All done.
2026-06-06 14:47:56,032 - INFO - Processing 24 symbols
2026-06-06 14:47:56,032 - INFO - Processing: RELIANCE.NS
2026-06-06 14:47:57,361 - INFO -   RELIANCE.NS: 250 rows stored in DB
2026-06-06 14:47:57,364 - INFO - Processing: HDFCBANK.NS
2026-06-06 14:47:58,180 - INFO -   HDFCBANK.NS: 250 rows stored in DB
2026-06-06 14:47:58,181 - INFO - Processing: ICICIBANK.NS
2026-06-06 14:47:58,905 - INFO -   ICICIBANK.NS: 250 rows stored in DB
2026-06-06 14:47:58,906 - INFO - Processing: INFY.NS
2026-06-06 14:47:59,734 - INFO -   INFY.NS: 250 rows stored in DB
2026-06-06 14:47:59,735 - INFO - Processing: TCS.NS
2026-06-06 14:48:00,536 - INFO -   TCS.NS: 250 rows stored in DB
2026-06-06 14:48:00,536 - INFO - Processing: ITC.NS
2026-06-06 14:48:01,522 - INFO -   ITC.NS: 250 rows stored in DB
2026-06-06 14:48:01,523 - INFO - Processing: HINDUNILVR.NS
2026-06-06 14:48:02,749 - INFO -   HINDUNILVR.NS: 250 rows stored in DB
2026-06-06 14:48:02,749 - INFO - Processing: SBIN.NS
2026-06-06 14:48:04,383 - INFO -   SBIN.NS: 250 rows stored in DB
2026-06-06 14:48:04,383 - INFO - Processing: BHARTIARTL.NS
2026-06-06 14:48:05,869 - INFO -   BHARTIARTL.NS: 250 rows stored in DB
2026-06-06 14:48:05,869 - INFO - Processing: KOTAKBANK.NS
2026-06-06 14:48:07,501 - INFO -   KOTAKBANK.NS: 250 rows stored in DB
2026-06-06 14:48:07,501 - INFO - Processing: LT.NS
2026-06-06 14:48:08,854 - INFO -   LT.NS: 250 rows stored in DB
2026-06-06 14:48:08,854 - INFO - Processing: AXISBANK.NS
2026-06-06 14:48:10,299 - INFO -   AXISBANK.NS: 250 rows stored in DB
2026-06-06 14:48:10,300 - INFO - Processing: BAJFINANCE.NS
2026-06-06 14:48:11,767 - INFO -   BAJFINANCE.NS: 250 rows stored in DB
2026-06-06 14:48:11,768 - INFO - Processing: ASIANPAINT.NS
2026-06-06 14:48:13,270 - INFO -   ASIANPAINT.NS: 250 rows stored in DB
2026-06-06 14:48:13,270 - INFO - Processing: MARUTI.NS
2026-06-06 14:48:14,736 - INFO -   MARUTI.NS: 250 rows stored in DB
2026-06-06 14:48:14,737 - INFO - Processing: SUNPHARMA.NS
2026-06-06 14:48:16,120 - INFO -   SUNPHARMA.NS: 250 rows stored in DB
2026-06-06 14:48:16,120 - INFO - Processing: WIPRO.NS
2026-06-06 14:48:17,553 - INFO -   WIPRO.NS: 250 rows stored in DB
2026-06-06 14:48:17,553 - INFO - Processing: POWERGRID.NS
2026-06-06 14:48:18,779 - INFO -   POWERGRID.NS: 250 rows stored in DB
2026-06-06 14:48:18,781 - INFO - Processing: NTPC.NS
2026-06-06 14:48:20,348 - INFO -   NTPC.NS: 250 rows stored in DB
2026-06-06 14:48:20,348 - INFO - Processing: ONGC.NS
2026-06-06 14:48:22,110 - INFO -   ONGC.NS: 250 rows stored in DB
2026-06-06 14:48:22,110 - INFO - Processing: ^NSEI
2026-06-06 14:48:23,456 - INFO -   ^NSEI: 247 rows stored in DB
2026-06-06 14:48:23,456 - INFO - Processing: ^NSEBANK
2026-06-06 14:48:24,639 - INFO -   ^NSEBANK: 247 rows stored in DB
2026-06-06 14:48:24,640 - INFO - Processing: ^BSESN
2026-06-06 14:48:25,905 - INFO -   ^BSESN: 247 rows stored in DB
2026-06-06 14:48:25,905 - INFO - Processing: ^NSEMDCP50
2026-06-06 14:48:27,121 - INFO -   ^NSEMDCP50: 246 rows stored in DB
2026-06-06 14:48:27,689 - INFO - README updated.
2026-06-06 14:48:27,695 - INFO - All done.
2026-06-06 14:50:38,002 - INFO - Processing 24 symbols
2026-06-06 14:50:38,002 - INFO - Processing: RELIANCE.NS
2026-06-06 14:50:39,219 - INFO -   RELIANCE.NS: 250 rows stored in DB
2026-06-06 14:50:39,219 - INFO - Processing: HDFCBANK.NS
2026-06-06 14:50:39,891 - INFO -   HDFCBANK.NS: 250 rows stored in DB
2026-06-06 14:50:39,891 - INFO - Processing: ICICIBANK.NS
2026-06-06 14:50:40,653 - INFO -   ICICIBANK.NS: 250 rows stored in DB
2026-06-06 14:50:40,654 - INFO - Processing: INFY.NS
2026-06-06 14:50:41,401 - INFO -   INFY.NS: 250 rows stored in DB
2026-06-06 14:50:41,402 - INFO - Processing: TCS.NS
2026-06-06 14:50:42,125 - INFO -   TCS.NS: 250 rows stored in DB
2026-06-06 14:50:42,126 - INFO - Processing: ITC.NS
2026-06-06 14:50:42,833 - INFO -   ITC.NS: 250 rows stored in DB
2026-06-06 14:50:42,833 - INFO - Processing: HINDUNILVR.NS
2026-06-06 14:50:43,505 - INFO -   HINDUNILVR.NS: 250 rows stored in DB
2026-06-06 14:50:43,507 - INFO - Processing: SBIN.NS
2026-06-06 14:50:44,362 - INFO -   SBIN.NS: 250 rows stored in DB
2026-06-06 14:50:44,366 - INFO - Processing: BHARTIARTL.NS
2026-06-06 14:50:45,574 - INFO -   BHARTIARTL.NS: 250 rows stored in DB
2026-06-06 14:50:45,580 - INFO - Processing: KOTAKBANK.NS
2026-06-06 14:50:48,057 - INFO -   KOTAKBANK.NS: 250 rows stored in DB
2026-06-06 14:50:48,061 - INFO - Processing: LT.NS
2026-06-06 14:50:49,424 - INFO -   LT.NS: 250 rows stored in DB
2026-06-06 14:50:49,428 - INFO - Processing: AXISBANK.NS
2026-06-06 14:50:51,114 - INFO -   AXISBANK.NS: 250 rows stored in DB
2026-06-06 14:50:51,117 - INFO - Processing: BAJFINANCE.NS
2026-06-06 14:50:52,631 - INFO -   BAJFINANCE.NS: 250 rows stored in DB
2026-06-06 14:50:52,635 - INFO - Processing: ASIANPAINT.NS
2026-06-06 14:50:53,949 - INFO -   ASIANPAINT.NS: 250 rows stored in DB
2026-06-06 14:50:53,955 - INFO - Processing: MARUTI.NS
2026-06-06 14:50:55,206 - INFO -   MARUTI.NS: 250 rows stored in DB
2026-06-06 14:50:55,208 - INFO - Processing: SUNPHARMA.NS
2026-06-06 14:50:56,647 - INFO -   SUNPHARMA.NS: 250 rows stored in DB
2026-06-06 14:50:56,651 - INFO - Processing: WIPRO.NS
2026-06-06 14:50:58,487 - INFO -   WIPRO.NS: 250 rows stored in DB
2026-06-06 14:50:58,487 - INFO - Processing: POWERGRID.NS
2026-06-06 14:50:59,804 - INFO -   POWERGRID.NS: 250 rows stored in DB
2026-06-06 14:50:59,805 - INFO - Processing: NTPC.NS
2026-06-06 14:51:01,271 - INFO -   NTPC.NS: 250 rows stored in DB
2026-06-06 14:51:01,271 - INFO - Processing: ONGC.NS
2026-06-06 14:51:02,731 - INFO -   ONGC.NS: 250 rows stored in DB
2026-06-06 14:51:02,734 - INFO - Processing: ^NSEI
2026-06-06 14:51:04,114 - INFO -   ^NSEI: 247 rows stored in DB
2026-06-06 14:51:04,123 - INFO - Processing: ^NSEBANK
2026-06-06 14:51:05,318 - INFO -   ^NSEBANK: 247 rows stored in DB
2026-06-06 14:51:05,319 - INFO - Processing: ^BSESN
2026-06-06 14:51:06,461 - INFO -   ^BSESN: 247 rows stored in DB
2026-06-06 14:51:06,463 - INFO - Processing: ^NSEMDCP50
2026-06-06 14:51:07,786 - INFO -   ^NSEMDCP50: 246 rows stored in DB
2026-06-06 14:51:08,187 - INFO - README updated.
2026-06-06 14:51:08,192 - INFO - All done.
2026-06-06 15:24:48,385 - INFO - Processing 25 symbols
2026-06-06 15:24:48,385 - INFO - Processing: RELIANCE.NS
2026-06-06 15:24:50,050 - INFO -   RELIANCE.NS: 250 rows stored in DB
2026-06-06 15:24:50,052 - INFO - Processing: HDFCBANK.NS
2026-06-06 15:24:50,976 - INFO -   HDFCBANK.NS: 250 rows stored in DB
2026-06-06 15:24:50,977 - INFO - Processing: ICICIBANK.NS
2026-06-06 15:24:52,039 - INFO -   ICICIBANK.NS: 250 rows stored in DB
2026-06-06 15:24:52,040 - INFO - Processing: INFY.NS
2026-06-06 15:24:52,963 - INFO -   INFY.NS: 250 rows stored in DB
2026-06-06 15:24:52,963 - INFO - Processing: TCS.NS
2026-06-06 15:24:53,763 - INFO -   TCS.NS: 250 rows stored in DB
2026-06-06 15:24:53,763 - INFO - Processing: ITC.NS
2026-06-06 15:24:54,650 - INFO -   ITC.NS: 250 rows stored in DB
2026-06-06 15:24:54,651 - INFO - Processing: HINDUNILVR.NS
2026-06-06 15:24:55,537 - INFO -   HINDUNILVR.NS: 250 rows stored in DB
2026-06-06 15:24:55,537 - INFO - Processing: SBIN.NS
2026-06-06 15:24:56,304 - INFO -   SBIN.NS: 250 rows stored in DB
2026-06-06 15:24:56,305 - INFO - Processing: BHARTIARTL.NS
2026-06-06 15:24:57,276 - INFO -   BHARTIARTL.NS: 250 rows stored in DB
2026-06-06 15:24:57,276 - INFO - Processing: KOTAKBANK.NS
2026-06-06 15:24:58,171 - INFO -   KOTAKBANK.NS: 250 rows stored in DB
2026-06-06 15:24:58,171 - INFO - Processing: LT.NS
2026-06-06 15:24:59,125 - INFO -   LT.NS: 250 rows stored in DB
2026-06-06 15:24:59,125 - INFO - Processing: AXISBANK.NS
2026-06-06 15:24:59,808 - INFO -   AXISBANK.NS: 250 rows stored in DB
2026-06-06 15:24:59,808 - INFO - Processing: BAJFINANCE.NS
2026-06-06 15:25:00,749 - INFO -   BAJFINANCE.NS: 250 rows stored in DB
2026-06-06 15:25:00,749 - INFO - Processing: ASIANPAINT.NS
2026-06-06 15:25:01,551 - INFO -   ASIANPAINT.NS: 250 rows stored in DB
2026-06-06 15:25:01,551 - INFO - Processing: MARUTI.NS
2026-06-06 15:25:02,300 - INFO -   MARUTI.NS: 250 rows stored in DB
2026-06-06 15:25:02,301 - INFO - Processing: SUNPHARMA.NS
2026-06-06 15:25:03,186 - INFO -   SUNPHARMA.NS: 250 rows stored in DB
2026-06-06 15:25:03,186 - INFO - Processing: WIPRO.NS
2026-06-06 15:25:04,030 - INFO -   WIPRO.NS: 250 rows stored in DB
2026-06-06 15:25:04,030 - INFO - Processing: POWERGRID.NS
2026-06-06 15:25:04,885 - INFO -   POWERGRID.NS: 250 rows stored in DB
2026-06-06 15:25:04,885 - INFO - Processing: NTPC.NS
2026-06-06 15:25:05,701 - INFO -   NTPC.NS: 250 rows stored in DB
2026-06-06 15:25:05,704 - INFO - Processing: ONGC.NS
2026-06-06 15:25:06,764 - INFO -   ONGC.NS: 250 rows stored in DB
2026-06-06 15:25:06,764 - INFO - Processing: ^NSEI
2026-06-06 15:25:07,582 - INFO -   ^NSEI: 247 rows stored in DB
2026-06-06 15:25:07,582 - INFO - Processing: ^NSEBANK
2026-06-06 15:25:08,229 - INFO -   ^NSEBANK: 247 rows stored in DB
2026-06-06 15:25:08,229 - INFO - Processing: ^BSESN
2026-06-06 15:25:09,011 - INFO -   ^BSESN: 247 rows stored in DB
2026-06-06 15:25:09,015 - INFO - Processing: ^NSEMDCP50
2026-06-06 15:25:09,894 - INFO -   ^NSEMDCP50: 246 rows stored in DB
2026-06-06 15:25:09,894 - INFO - Processing: ^NSEIFIN
2026-06-06 15:25:14,544 - WARNING - No data: ^NSEIFIN
2026-06-06 15:25:14,829 - INFO - README updated.
2026-06-06 15:25:14,831 - INFO - All done.
2026-06-06 15:49:45,517 - INFO - Processing 25 symbols
2026-06-06 15:49:45,518 - INFO - Processing: RELIANCE.NS
2026-06-06 15:49:46,791 - INFO -   RELIANCE.NS: 250 rows stored in DB
2026-06-06 15:49:46,792 - INFO - Processing: HDFCBANK.NS
2026-06-06 15:49:47,751 - INFO -   HDFCBANK.NS: 250 rows stored in DB
2026-06-06 15:49:47,752 - INFO - Processing: ICICIBANK.NS
2026-06-06 15:49:48,439 - INFO -   ICICIBANK.NS: 250 rows stored in DB
2026-06-06 15:49:48,439 - INFO - Processing: INFY.NS
2026-06-06 15:49:49,122 - INFO -   INFY.NS: 250 rows stored in DB
2026-06-06 15:49:49,122 - INFO - Processing: TCS.NS
2026-06-06 15:49:49,810 - INFO -   TCS.NS: 250 rows stored in DB
2026-06-06 15:49:49,811 - INFO - Processing: ITC.NS
2026-06-06 15:49:50,462 - INFO -   ITC.NS: 250 rows stored in DB
2026-06-06 15:49:50,462 - INFO - Processing: HINDUNILVR.NS
2026-06-06 15:49:51,064 - INFO -   HINDUNILVR.NS: 250 rows stored in DB
2026-06-06 15:49:51,065 - INFO - Processing: SBIN.NS
2026-06-06 15:49:51,755 - INFO -   SBIN.NS: 250 rows stored in DB
2026-06-06 15:49:51,755 - INFO - Processing: BHARTIARTL.NS
2026-06-06 15:49:52,444 - INFO -   BHARTIARTL.NS: 250 rows stored in DB
2026-06-06 15:49:52,445 - INFO - Processing: KOTAKBANK.NS
2026-06-06 15:49:53,200 - INFO -   KOTAKBANK.NS: 250 rows stored in DB
2026-06-06 15:49:53,200 - INFO - Processing: LT.NS
2026-06-06 15:49:53,823 - INFO -   LT.NS: 250 rows stored in DB
2026-06-06 15:49:53,824 - INFO - Processing: AXISBANK.NS
2026-06-06 15:49:54,530 - INFO -   AXISBANK.NS: 250 rows stored in DB
2026-06-06 15:49:54,530 - INFO - Processing: BAJFINANCE.NS
2026-06-06 15:49:55,237 - INFO -   BAJFINANCE.NS: 250 rows stored in DB
2026-06-06 15:49:55,237 - INFO - Processing: ASIANPAINT.NS
2026-06-06 15:49:55,930 - INFO -   ASIANPAINT.NS: 250 rows stored in DB
2026-06-06 15:49:55,930 - INFO - Processing: MARUTI.NS
2026-06-06 15:49:56,672 - INFO -   MARUTI.NS: 250 rows stored in DB
2026-06-06 15:49:56,672 - INFO - Processing: SUNPHARMA.NS
2026-06-06 15:49:57,338 - INFO -   SUNPHARMA.NS: 250 rows stored in DB
2026-06-06 15:49:57,339 - INFO - Processing: WIPRO.NS
2026-06-06 15:49:58,333 - INFO -   WIPRO.NS: 250 rows stored in DB
2026-06-06 15:49:58,333 - INFO - Processing: POWERGRID.NS
2026-06-06 15:49:58,978 - INFO -   POWERGRID.NS: 250 rows stored in DB
2026-06-06 15:49:58,978 - INFO - Processing: NTPC.NS
2026-06-06 15:49:59,567 - INFO -   NTPC.NS: 250 rows stored in DB
2026-06-06 15:49:59,567 - INFO - Processing: ONGC.NS
2026-06-06 15:50:00,161 - INFO -   ONGC.NS: 250 rows stored in DB
2026-06-06 15:50:00,161 - INFO - Processing: ^NSEI
2026-06-06 15:50:00,907 - INFO -   ^NSEI: 247 rows stored in DB
2026-06-06 15:50:00,907 - INFO - Processing: ^NSEBANK
2026-06-06 15:50:01,495 - INFO -   ^NSEBANK: 247 rows stored in DB
2026-06-06 15:50:01,495 - INFO - Processing: ^BSESN
2026-06-06 15:50:02,067 - INFO -   ^BSESN: 247 rows stored in DB
2026-06-06 15:50:02,068 - INFO - Processing: ^NSEMDCP50
2026-06-06 15:50:02,974 - INFO -   ^NSEMDCP50: 246 rows stored in DB
2026-06-06 15:50:02,975 - INFO - Processing: ^NSEIFIN
2026-06-06 15:50:07,254 - WARNING - No data: ^NSEIFIN
2026-06-06 15:50:07,420 - INFO - README updated.
2026-06-06 15:50:07,420 - INFO - All done.
2026-06-06 15:50:25,102 - INFO - Processing 25 symbols
2026-06-06 15:50:25,102 - INFO - Processing: RELIANCE.NS
2026-06-06 15:50:26,314 - INFO -   RELIANCE.NS: 250 rows stored in DB
2026-06-06 15:50:26,314 - INFO - Processing: HDFCBANK.NS
2026-06-06 15:50:26,789 - INFO -   HDFCBANK.NS: 250 rows stored in DB
2026-06-06 15:50:26,790 - INFO - Processing: ICICIBANK.NS
2026-06-06 15:50:27,879 - INFO -   ICICIBANK.NS: 250 rows stored in DB
2026-06-06 15:50:27,879 - INFO - Processing: INFY.NS
2026-06-06 15:50:28,342 - INFO -   INFY.NS: 250 rows stored in DB
2026-06-06 15:50:28,343 - INFO - Processing: TCS.NS
2026-06-06 15:50:28,829 - INFO -   TCS.NS: 250 rows stored in DB
2026-06-06 15:50:28,830 - INFO - Processing: ITC.NS
2026-06-06 15:50:29,303 - INFO -   ITC.NS: 250 rows stored in DB
2026-06-06 15:50:29,303 - INFO - Processing: HINDUNILVR.NS
2026-06-06 15:50:29,777 - INFO -   HINDUNILVR.NS: 250 rows stored in DB
2026-06-06 15:50:29,778 - INFO - Processing: SBIN.NS
2026-06-06 15:50:30,252 - INFO -   SBIN.NS: 250 rows stored in DB
2026-06-06 15:50:30,252 - INFO - Processing: BHARTIARTL.NS
2026-06-06 15:50:30,729 - INFO -   BHARTIARTL.NS: 250 rows stored in DB
2026-06-06 15:50:30,730 - INFO - Processing: KOTAKBANK.NS
2026-06-06 15:50:31,207 - INFO -   KOTAKBANK.NS: 250 rows stored in DB
2026-06-06 15:50:31,207 - INFO - Processing: LT.NS
2026-06-06 15:50:31,680 - INFO -   LT.NS: 250 rows stored in DB
2026-06-06 15:50:31,680 - INFO - Processing: AXISBANK.NS
2026-06-06 15:50:32,207 - INFO -   AXISBANK.NS: 250 rows stored in DB
2026-06-06 15:50:32,207 - INFO - Processing: BAJFINANCE.NS
2026-06-06 15:50:32,766 - INFO -   BAJFINANCE.NS: 250 rows stored in DB
2026-06-06 15:50:32,766 - INFO - Processing: ASIANPAINT.NS
2026-06-06 15:50:33,593 - INFO -   ASIANPAINT.NS: 250 rows stored in DB
2026-06-06 15:50:33,593 - INFO - Processing: MARUTI.NS
2026-06-06 15:50:34,073 - INFO -   MARUTI.NS: 250 rows stored in DB
2026-06-06 15:50:34,073 - INFO - Processing: SUNPHARMA.NS
2026-06-06 15:50:34,926 - INFO -   SUNPHARMA.NS: 250 rows stored in DB
2026-06-06 15:50:34,926 - INFO - Processing: WIPRO.NS
2026-06-06 15:50:35,403 - INFO -   WIPRO.NS: 250 rows stored in DB
2026-06-06 15:50:35,403 - INFO - Processing: POWERGRID.NS
2026-06-06 15:50:35,892 - INFO -   POWERGRID.NS: 250 rows stored in DB
2026-06-06 15:50:35,892 - INFO - Processing: NTPC.NS
2026-06-06 15:50:36,402 - INFO -   NTPC.NS: 250 rows stored in DB
2026-06-06 15:50:36,402 - INFO - Processing: ONGC.NS
2026-06-06 15:50:36,916 - INFO -   ONGC.NS: 250 rows stored in DB
2026-06-06 15:50:36,916 - INFO - Processing: ^NSEI
2026-06-06 15:50:37,416 - INFO -   ^NSEI: 247 rows stored in DB
2026-06-06 15:50:37,417 - INFO - Processing: ^NSEBANK
2026-06-06 15:50:37,901 - INFO -   ^NSEBANK: 247 rows stored in DB
2026-06-06 15:50:37,901 - INFO - Processing: ^BSESN
2026-06-06 15:50:38,340 - INFO -   ^BSESN: 247 rows stored in DB
2026-06-06 15:50:38,340 - INFO - Processing: ^NSEMDCP50
2026-06-06 15:50:38,828 - INFO -   ^NSEMDCP50: 246 rows stored in DB
2026-06-06 15:50:38,828 - INFO - Processing: ^CNXFIN
2026-06-06 15:50:39,318 - ERROR -   Error ^CNXFIN: negative dimensions are not allowed
Traceback (most recent call last):
  File "c:\Users\91984\Desktop\Stock-Price-Management-Large-Cap-TA\Stock-Price-Management-Large-Cap\main.py", line 507, in main
    ind_df = build_indicator_df(symbol, df)
             ^^^^^^^^^^^^^^^^^^^^^^^^^^^^^^
  File "c:\Users\91984\Desktop\Stock-Price-Management-Large-Cap-TA\Stock-Price-Management-Large-Cap\main.py", line 182, in build_indicator_df
    _adx = ADXIndicator(h, l, c, fillna=False)
           ^^^^^^^^^^^^^^^^^^^^^^^^^^^^^^^^^^^
  File "C:\Users\91984\AppData\Roaming\Python\Python311\site-packages\ta\trend.py", line 716, in __init__
    self._run()
  File "C:\Users\91984\AppData\Roaming\Python\Python311\site-packages\ta\trend.py", line 730, in _run
    self._trs = np.zeros(len(self._close) - (self._window - 1))
                ^^^^^^^^^^^^^^^^^^^^^^^^^^^^^^^^^^^^^^^^^^^^^^^
ValueError: negative dimensions are not allowed
2026-06-06 15:50:39,383 - INFO - README updated.
2026-06-06 15:50:39,383 - INFO - All done.
2026-06-06 15:52:15,267 - INFO - Processing 25 symbols
2026-06-06 15:52:15,268 - INFO - Processing: RELIANCE.NS
2026-06-06 15:52:16,863 - INFO -   RELIANCE.NS: 250 rows stored in DB
2026-06-06 15:52:16,863 - INFO - Processing: HDFCBANK.NS
2026-06-06 15:52:17,397 - INFO -   HDFCBANK.NS: 250 rows stored in DB
2026-06-06 15:52:17,398 - INFO - Processing: ICICIBANK.NS
2026-06-06 15:52:17,880 - INFO -   ICICIBANK.NS: 250 rows stored in DB
2026-06-06 15:52:17,881 - INFO - Processing: INFY.NS
2026-06-06 15:52:18,705 - INFO -   INFY.NS: 250 rows stored in DB
2026-06-06 15:52:18,705 - INFO - Processing: TCS.NS
2026-06-06 15:52:19,228 - INFO -   TCS.NS: 250 rows stored in DB
2026-06-06 15:52:19,228 - INFO - Processing: ITC.NS
2026-06-06 15:52:19,783 - INFO -   ITC.NS: 250 rows stored in DB
2026-06-06 15:52:19,784 - INFO - Processing: HINDUNILVR.NS
2026-06-06 15:52:20,306 - INFO -   HINDUNILVR.NS: 250 rows stored in DB
2026-06-06 15:52:20,306 - INFO - Processing: SBIN.NS
2026-06-06 15:52:20,797 - INFO -   SBIN.NS: 250 rows stored in DB
2026-06-06 15:52:20,797 - INFO - Processing: BHARTIARTL.NS
2026-06-06 15:52:21,285 - INFO -   BHARTIARTL.NS: 250 rows stored in DB
2026-06-06 15:52:21,286 - INFO - Processing: KOTAKBANK.NS
2026-06-06 15:52:21,758 - INFO -   KOTAKBANK.NS: 250 rows stored in DB
2026-06-06 15:52:21,758 - INFO - Processing: LT.NS
2026-06-06 15:52:22,265 - INFO -   LT.NS: 250 rows stored in DB
2026-06-06 15:52:22,265 - INFO - Processing: AXISBANK.NS
2026-06-06 15:52:22,780 - INFO -   AXISBANK.NS: 250 rows stored in DB
2026-06-06 15:52:22,780 - INFO - Processing: BAJFINANCE.NS
2026-06-06 15:52:23,641 - INFO -   BAJFINANCE.NS: 250 rows stored in DB
2026-06-06 15:52:23,641 - INFO - Processing: ASIANPAINT.NS
2026-06-06 15:52:24,180 - INFO -   ASIANPAINT.NS: 250 rows stored in DB
2026-06-06 15:52:24,180 - INFO - Processing: MARUTI.NS
2026-06-06 15:52:25,020 - INFO -   MARUTI.NS: 250 rows stored in DB
2026-06-06 15:52:25,021 - INFO - Processing: SUNPHARMA.NS
2026-06-06 15:52:25,544 - INFO -   SUNPHARMA.NS: 250 rows stored in DB
2026-06-06 15:52:25,545 - INFO - Processing: WIPRO.NS
2026-06-06 15:52:26,058 - INFO -   WIPRO.NS: 250 rows stored in DB
2026-06-06 15:52:26,058 - INFO - Processing: POWERGRID.NS
2026-06-06 15:52:26,562 - INFO -   POWERGRID.NS: 250 rows stored in DB
2026-06-06 15:52:26,562 - INFO - Processing: NTPC.NS
2026-06-06 15:52:27,077 - INFO -   NTPC.NS: 250 rows stored in DB
2026-06-06 15:52:27,077 - INFO - Processing: ONGC.NS
2026-06-06 15:52:27,596 - INFO -   ONGC.NS: 250 rows stored in DB
2026-06-06 15:52:27,596 - INFO - Processing: ^NSEI
2026-06-06 15:52:28,130 - INFO -   ^NSEI: 247 rows stored in DB
2026-06-06 15:52:28,130 - INFO - Processing: ^NSEBANK
2026-06-06 15:52:28,567 - INFO -   ^NSEBANK: 247 rows stored in DB
2026-06-06 15:52:28,567 - INFO - Processing: ^BSESN
2026-06-06 15:52:29,032 - INFO -   ^BSESN: 247 rows stored in DB
2026-06-06 15:52:29,032 - INFO - Processing: ^NSEMDCP50
2026-06-06 15:52:29,517 - INFO -   ^NSEMDCP50: 246 rows stored in DB
2026-06-06 15:52:29,517 - INFO - Processing: NIFTY_FIN_SERVICE.NS
2026-06-06 15:52:30,014 - INFO -   NIFTY_FIN_SERVICE.NS: 246 rows stored in DB
2026-06-06 15:52:30,104 - INFO - README updated.
2026-06-06 15:52:30,105 - INFO - All done.
2026-06-06 15:55:12,581 - INFO - Processing 25 symbols
2026-06-06 15:55:12,581 - INFO - Processing: RELIANCE.NS
2026-06-06 15:55:14,262 - INFO -   RELIANCE.NS: 250 rows stored in DB
2026-06-06 15:55:14,262 - INFO - Processing: HDFCBANK.NS
2026-06-06 15:55:14,756 - INFO -   HDFCBANK.NS: 250 rows stored in DB
2026-06-06 15:55:14,757 - INFO - Processing: ICICIBANK.NS
2026-06-06 15:55:15,237 - INFO -   ICICIBANK.NS: 250 rows stored in DB
2026-06-06 15:55:15,238 - INFO - Processing: INFY.NS
2026-06-06 15:55:15,775 - INFO -   INFY.NS: 250 rows stored in DB
2026-06-06 15:55:15,776 - INFO - Processing: TCS.NS
2026-06-06 15:55:16,668 - INFO -   TCS.NS: 250 rows stored in DB
2026-06-06 15:55:16,668 - INFO - Processing: ITC.NS
2026-06-06 15:55:17,178 - INFO -   ITC.NS: 250 rows stored in DB
2026-06-06 15:55:17,178 - INFO - Processing: HINDUNILVR.NS
2026-06-06 15:55:17,710 - INFO -   HINDUNILVR.NS: 250 rows stored in DB
2026-06-06 15:55:17,711 - INFO - Processing: SBIN.NS
2026-06-06 15:55:18,246 - INFO -   SBIN.NS: 250 rows stored in DB
2026-06-06 15:55:18,246 - INFO - Processing: BHARTIARTL.NS
2026-06-06 15:55:18,704 - INFO -   BHARTIARTL.NS: 250 rows stored in DB
2026-06-06 15:55:18,704 - INFO - Processing: KOTAKBANK.NS
2026-06-06 15:55:19,193 - INFO -   KOTAKBANK.NS: 250 rows stored in DB
2026-06-06 15:55:19,194 - INFO - Processing: LT.NS
2026-06-06 15:55:19,687 - INFO -   LT.NS: 250 rows stored in DB
2026-06-06 15:55:19,688 - INFO - Processing: AXISBANK.NS
2026-06-06 15:55:20,141 - INFO -   AXISBANK.NS: 250 rows stored in DB
2026-06-06 15:55:20,141 - INFO - Processing: BAJFINANCE.NS
2026-06-06 15:55:20,630 - INFO -   BAJFINANCE.NS: 250 rows stored in DB
2026-06-06 15:55:20,630 - INFO - Processing: ASIANPAINT.NS
2026-06-06 15:55:21,118 - INFO -   ASIANPAINT.NS: 250 rows stored in DB
2026-06-06 15:55:21,119 - INFO - Processing: MARUTI.NS
2026-06-06 15:55:21,642 - INFO -   MARUTI.NS: 250 rows stored in DB
2026-06-06 15:55:21,643 - INFO - Processing: SUNPHARMA.NS
2026-06-06 15:55:22,126 - INFO -   SUNPHARMA.NS: 250 rows stored in DB
2026-06-06 15:55:22,127 - INFO - Processing: WIPRO.NS
2026-06-06 15:55:22,615 - INFO -   WIPRO.NS: 250 rows stored in DB
2026-06-06 15:55:22,615 - INFO - Processing: POWERGRID.NS
2026-06-06 15:55:23,506 - INFO -   POWERGRID.NS: 250 rows stored in DB
2026-06-06 15:55:23,506 - INFO - Processing: NTPC.NS
2026-06-06 15:55:24,068 - INFO -   NTPC.NS: 250 rows stored in DB
2026-06-06 15:55:24,068 - INFO - Processing: ONGC.NS
2026-06-06 15:55:24,653 - INFO -   ONGC.NS: 250 rows stored in DB
2026-06-06 15:55:24,653 - INFO - Processing: ^NSEI
2026-06-06 15:55:25,185 - INFO -   ^NSEI: 247 rows stored in DB
2026-06-06 15:55:25,185 - INFO - Processing: ^NSEBANK
2026-06-06 15:55:25,649 - INFO -   ^NSEBANK: 247 rows stored in DB
2026-06-06 15:55:25,649 - INFO - Processing: ^BSESN
2026-06-06 15:55:26,102 - INFO -   ^BSESN: 247 rows stored in DB
2026-06-06 15:55:26,102 - INFO - Processing: ^NSEMDCP50
2026-06-06 15:55:26,888 - INFO -   ^NSEMDCP50: 246 rows stored in DB
2026-06-06 15:55:26,888 - INFO - Processing: NIFTY_FIN_SERVICE.NS
2026-06-06 15:55:27,428 - INFO -   NIFTY_FIN_SERVICE.NS: 246 rows stored in DB
2026-06-06 15:55:27,510 - INFO - README updated.
2026-06-06 15:55:27,511 - INFO - All done.
2026-06-06 15:56:37,944 - INFO - Processing 25 symbols
2026-06-06 15:56:37,944 - INFO - Processing: RELIANCE.NS
2026-06-06 15:56:39,294 - INFO -   RELIANCE.NS: 250 rows stored in DB
2026-06-06 15:56:39,294 - INFO - Processing: HDFCBANK.NS
2026-06-06 15:56:39,833 - INFO -   HDFCBANK.NS: 250 rows stored in DB
2026-06-06 15:56:39,833 - INFO - Processing: ICICIBANK.NS
2026-06-06 15:56:40,335 - INFO -   ICICIBANK.NS: 250 rows stored in DB
2026-06-06 15:56:40,335 - INFO - Processing: INFY.NS
2026-06-06 15:56:41,221 - INFO -   INFY.NS: 250 rows stored in DB
2026-06-06 15:56:41,221 - INFO - Processing: TCS.NS
2026-06-06 15:56:41,768 - INFO -   TCS.NS: 250 rows stored in DB
2026-06-06 15:56:41,768 - INFO - Processing: ITC.NS
2026-06-06 15:56:42,426 - INFO -   ITC.NS: 250 rows stored in DB
2026-06-06 15:56:42,426 - INFO - Processing: HINDUNILVR.NS
2026-06-06 15:56:43,012 - INFO -   HINDUNILVR.NS: 250 rows stored in DB
2026-06-06 15:56:43,013 - INFO - Processing: SBIN.NS
2026-06-06 15:56:43,513 - INFO -   SBIN.NS: 250 rows stored in DB
2026-06-06 15:56:43,513 - INFO - Processing: BHARTIARTL.NS
2026-06-06 15:56:44,012 - INFO -   BHARTIARTL.NS: 250 rows stored in DB
2026-06-06 15:56:44,012 - INFO - Processing: KOTAKBANK.NS
2026-06-06 15:56:44,476 - INFO -   KOTAKBANK.NS: 250 rows stored in DB
2026-06-06 15:56:44,476 - INFO - Processing: LT.NS
2026-06-06 15:56:45,402 - INFO -   LT.NS: 250 rows stored in DB
2026-06-06 15:56:45,406 - INFO - Processing: AXISBANK.NS
2026-06-06 15:56:45,953 - INFO -   AXISBANK.NS: 250 rows stored in DB
2026-06-06 15:56:45,953 - INFO - Processing: BAJFINANCE.NS
2026-06-06 15:56:46,752 - INFO -   BAJFINANCE.NS: 250 rows stored in DB
2026-06-06 15:56:46,753 - INFO - Processing: ASIANPAINT.NS
2026-06-06 15:56:47,324 - INFO -   ASIANPAINT.NS: 250 rows stored in DB
2026-06-06 15:56:47,324 - INFO - Processing: MARUTI.NS
2026-06-06 15:56:47,787 - INFO -   MARUTI.NS: 250 rows stored in DB
2026-06-06 15:56:47,788 - INFO - Processing: SUNPHARMA.NS
2026-06-06 15:56:48,253 - INFO -   SUNPHARMA.NS: 250 rows stored in DB
2026-06-06 15:56:48,253 - INFO - Processing: WIPRO.NS
2026-06-06 15:56:48,737 - INFO -   WIPRO.NS: 250 rows stored in DB
2026-06-06 15:56:48,737 - INFO - Processing: POWERGRID.NS
2026-06-06 15:56:49,265 - INFO -   POWERGRID.NS: 250 rows stored in DB
2026-06-06 15:56:49,265 - INFO - Processing: NTPC.NS
2026-06-06 15:56:49,854 - INFO -   NTPC.NS: 250 rows stored in DB
2026-06-06 15:56:49,854 - INFO - Processing: ONGC.NS
2026-06-06 15:56:50,386 - INFO -   ONGC.NS: 250 rows stored in DB
2026-06-06 15:56:50,386 - INFO - Processing: ^NSEI
2026-06-06 15:56:50,944 - INFO -   ^NSEI: 247 rows stored in DB
2026-06-06 15:56:50,945 - INFO - Processing: ^NSEBANK
2026-06-06 15:56:51,504 - INFO -   ^NSEBANK: 247 rows stored in DB
2026-06-06 15:56:51,504 - INFO - Processing: ^BSESN
2026-06-06 15:56:51,953 - INFO -   ^BSESN: 247 rows stored in DB
2026-06-06 15:56:51,953 - INFO - Processing: ^NSEMDCP50
2026-06-06 15:56:52,357 - INFO -   ^NSEMDCP50: 246 rows stored in DB
2026-06-06 15:56:52,359 - INFO - Processing: NIFTY_FIN_SERVICE.NS
2026-06-06 15:56:52,950 - INFO -   NIFTY_FIN_SERVICE.NS: 246 rows stored in DB
2026-06-06 15:56:53,085 - INFO - README updated.
2026-06-06 15:56:53,086 - INFO - All done.
2026-06-06 15:58:37,752 - INFO - Processing 25 symbols
2026-06-06 15:58:37,752 - INFO - Processing: RELIANCE.NS
2026-06-06 15:58:39,202 - INFO -   RELIANCE.NS: 250 rows stored in DB
2026-06-06 15:58:39,202 - INFO - Processing: HDFCBANK.NS
2026-06-06 15:58:39,803 - INFO -   HDFCBANK.NS: 250 rows stored in DB
2026-06-06 15:58:39,803 - INFO - Processing: ICICIBANK.NS
2026-06-06 15:58:40,446 - INFO -   ICICIBANK.NS: 250 rows stored in DB
2026-06-06 15:58:40,447 - INFO - Processing: INFY.NS
2026-06-06 15:58:40,989 - INFO -   INFY.NS: 250 rows stored in DB
2026-06-06 15:58:40,989 - INFO - Processing: TCS.NS
2026-06-06 15:58:41,946 - INFO -   TCS.NS: 250 rows stored in DB
2026-06-06 15:58:41,946 - INFO - Processing: ITC.NS
2026-06-06 15:58:42,481 - INFO -   ITC.NS: 250 rows stored in DB
2026-06-06 15:58:42,481 - INFO - Processing: HINDUNILVR.NS
2026-06-06 15:58:43,118 - INFO -   HINDUNILVR.NS: 250 rows stored in DB
2026-06-06 15:58:43,118 - INFO - Processing: SBIN.NS
2026-06-06 15:58:43,719 - INFO -   SBIN.NS: 250 rows stored in DB
2026-06-06 15:58:43,720 - INFO - Processing: BHARTIARTL.NS
2026-06-06 15:58:44,254 - INFO -   BHARTIARTL.NS: 250 rows stored in DB
2026-06-06 15:58:44,254 - INFO - Processing: KOTAKBANK.NS
2026-06-06 15:58:44,889 - INFO -   KOTAKBANK.NS: 250 rows stored in DB
2026-06-06 15:58:44,889 - INFO - Processing: LT.NS
2026-06-06 15:58:45,504 - INFO -   LT.NS: 250 rows stored in DB
2026-06-06 15:58:45,505 - INFO - Processing: AXISBANK.NS
2026-06-06 15:58:46,128 - INFO -   AXISBANK.NS: 250 rows stored in DB
2026-06-06 15:58:46,130 - INFO - Processing: BAJFINANCE.NS
2026-06-06 15:58:46,718 - INFO -   BAJFINANCE.NS: 250 rows stored in DB
2026-06-06 15:58:46,718 - INFO - Processing: ASIANPAINT.NS
2026-06-06 15:58:47,289 - INFO -   ASIANPAINT.NS: 250 rows stored in DB
2026-06-06 15:58:47,289 - INFO - Processing: MARUTI.NS
2026-06-06 15:58:47,919 - INFO -   MARUTI.NS: 250 rows stored in DB
2026-06-06 15:58:47,931 - INFO - Processing: SUNPHARMA.NS
2026-06-06 15:58:48,580 - INFO -   SUNPHARMA.NS: 250 rows stored in DB
2026-06-06 15:58:48,581 - INFO - Processing: WIPRO.NS
2026-06-06 15:58:49,192 - INFO -   WIPRO.NS: 250 rows stored in DB
2026-06-06 15:58:49,192 - INFO - Processing: POWERGRID.NS
2026-06-06 15:58:49,907 - INFO -   POWERGRID.NS: 250 rows stored in DB
2026-06-06 15:58:49,908 - INFO - Processing: NTPC.NS
2026-06-06 15:58:50,452 - INFO -   NTPC.NS: 250 rows stored in DB
2026-06-06 15:58:50,452 - INFO - Processing: ONGC.NS
2026-06-06 15:58:51,015 - INFO -   ONGC.NS: 250 rows stored in DB
2026-06-06 15:58:51,015 - INFO - Processing: ^NSEI
2026-06-06 15:58:51,593 - INFO -   ^NSEI: 247 rows stored in DB
2026-06-06 15:58:51,594 - INFO - Processing: ^NSEBANK
2026-06-06 15:58:52,031 - INFO -   ^NSEBANK: 247 rows stored in DB
2026-06-06 15:58:52,031 - INFO - Processing: ^BSESN
2026-06-06 15:58:52,474 - INFO -   ^BSESN: 247 rows stored in DB
2026-06-06 15:58:52,475 - INFO - Processing: ^NSEMDCP50
2026-06-06 15:58:52,950 - INFO -   ^NSEMDCP50: 246 rows stored in DB
2026-06-06 15:58:52,950 - INFO - Processing: NIFTY_FIN_SERVICE.NS
2026-06-06 15:58:53,476 - INFO -   NIFTY_FIN_SERVICE.NS: 246 rows stored in DB
2026-06-06 15:58:53,593 - INFO - README updated.
2026-06-06 15:58:53,594 - INFO - All done.
2026-06-06 15:59:12,817 - INFO - Processing 25 symbols
2026-06-06 15:59:12,817 - INFO - Processing: RELIANCE.NS
2026-06-06 15:59:14,860 - INFO -   RELIANCE.NS: 250 rows stored in DB
2026-06-06 15:59:14,860 - INFO - Processing: HDFCBANK.NS
2026-06-06 15:59:15,345 - INFO -   HDFCBANK.NS: 250 rows stored in DB
2026-06-06 15:59:15,345 - INFO - Processing: ICICIBANK.NS
2026-06-06 15:59:15,847 - INFO -   ICICIBANK.NS: 250 rows stored in DB
2026-06-06 15:59:15,847 - INFO - Processing: INFY.NS
2026-06-06 15:59:16,326 - INFO -   INFY.NS: 250 rows stored in DB
2026-06-06 15:59:16,326 - INFO - Processing: TCS.NS
2026-06-06 15:59:16,816 - INFO -   TCS.NS: 250 rows stored in DB
2026-06-06 15:59:16,816 - INFO - Processing: ITC.NS
2026-06-06 15:59:17,294 - INFO -   ITC.NS: 250 rows stored in DB
2026-06-06 15:59:17,294 - INFO - Processing: HINDUNILVR.NS
2026-06-06 15:59:17,783 - INFO -   HINDUNILVR.NS: 250 rows stored in DB
2026-06-06 15:59:17,783 - INFO - Processing: SBIN.NS
2026-06-06 15:59:18,679 - INFO -   SBIN.NS: 250 rows stored in DB
2026-06-06 15:59:18,681 - INFO - Processing: BHARTIARTL.NS
2026-06-06 15:59:19,289 - INFO -   BHARTIARTL.NS: 250 rows stored in DB
2026-06-06 15:59:19,289 - INFO - Processing: KOTAKBANK.NS
2026-06-06 15:59:20,170 - INFO -   KOTAKBANK.NS: 250 rows stored in DB
2026-06-06 15:59:20,170 - INFO - Processing: LT.NS
2026-06-06 15:59:20,687 - INFO -   LT.NS: 250 rows stored in DB
2026-06-06 15:59:20,687 - INFO - Processing: AXISBANK.NS
2026-06-06 15:59:21,203 - INFO -   AXISBANK.NS: 250 rows stored in DB
2026-06-06 15:59:21,203 - INFO - Processing: BAJFINANCE.NS
2026-06-06 15:59:21,742 - INFO -   BAJFINANCE.NS: 250 rows stored in DB
2026-06-06 15:59:21,742 - INFO - Processing: ASIANPAINT.NS
2026-06-06 15:59:22,306 - INFO -   ASIANPAINT.NS: 250 rows stored in DB
2026-06-06 15:59:22,306 - INFO - Processing: MARUTI.NS
2026-06-06 15:59:23,324 - INFO -   MARUTI.NS: 250 rows stored in DB
2026-06-06 15:59:23,324 - INFO - Processing: SUNPHARMA.NS
2026-06-06 15:59:24,161 - INFO -   SUNPHARMA.NS: 250 rows stored in DB
2026-06-06 15:59:24,181 - INFO - Processing: WIPRO.NS
2026-06-06 15:59:24,838 - INFO -   WIPRO.NS: 250 rows stored in DB
2026-06-06 15:59:24,838 - INFO - Processing: POWERGRID.NS
2026-06-06 15:59:25,446 - INFO -   POWERGRID.NS: 250 rows stored in DB
2026-06-06 15:59:25,446 - INFO - Processing: NTPC.NS
2026-06-06 15:59:26,078 - INFO -   NTPC.NS: 250 rows stored in DB
2026-06-06 15:59:26,078 - INFO - Processing: ONGC.NS
2026-06-06 15:59:26,597 - INFO -   ONGC.NS: 250 rows stored in DB
2026-06-06 15:59:26,597 - INFO - Processing: ^NSEI
2026-06-06 15:59:27,222 - INFO -   ^NSEI: 247 rows stored in DB
2026-06-06 15:59:27,222 - INFO - Processing: ^NSEBANK
2026-06-06 15:59:27,770 - INFO -   ^NSEBANK: 247 rows stored in DB
2026-06-06 15:59:27,772 - INFO - Processing: ^BSESN
2026-06-06 15:59:28,318 - INFO -   ^BSESN: 247 rows stored in DB
2026-06-06 15:59:28,321 - INFO - Processing: ^NSEMDCP50
2026-06-06 15:59:28,897 - INFO -   ^NSEMDCP50: 246 rows stored in DB
2026-06-06 15:59:28,897 - INFO - Processing: NIFTY_FIN_SERVICE.NS
2026-06-06 15:59:29,780 - INFO -   NIFTY_FIN_SERVICE.NS: 246 rows stored in DB
2026-06-06 15:59:29,895 - INFO - README updated.
2026-06-06 15:59:29,895 - INFO - All done.
2026-06-06 16:00:27,314 - INFO - Processing 25 symbols
2026-06-06 16:00:27,315 - INFO - Processing: RELIANCE.NS
2026-06-06 16:00:28,416 - INFO -   RELIANCE.NS: 250 rows stored in DB
2026-06-06 16:00:28,417 - INFO - Processing: HDFCBANK.NS
2026-06-06 16:00:29,330 - INFO -   HDFCBANK.NS: 250 rows stored in DB
2026-06-06 16:00:29,331 - INFO - Processing: ICICIBANK.NS
2026-06-06 16:00:29,849 - INFO -   ICICIBANK.NS: 250 rows stored in DB
2026-06-06 16:00:29,849 - INFO - Processing: INFY.NS
2026-06-06 16:00:30,415 - INFO -   INFY.NS: 250 rows stored in DB
2026-06-06 16:00:30,415 - INFO - Processing: TCS.NS
2026-06-06 16:00:30,994 - INFO -   TCS.NS: 250 rows stored in DB
2026-06-06 16:00:30,994 - INFO - Processing: ITC.NS
2026-06-06 16:00:31,533 - INFO -   ITC.NS: 250 rows stored in DB
2026-06-06 16:00:31,534 - INFO - Processing: HINDUNILVR.NS
2026-06-06 16:00:32,445 - INFO -   HINDUNILVR.NS: 250 rows stored in DB
2026-06-06 16:00:32,445 - INFO - Processing: SBIN.NS
2026-06-06 16:00:33,002 - INFO -   SBIN.NS: 250 rows stored in DB
2026-06-06 16:00:33,003 - INFO - Processing: BHARTIARTL.NS
2026-06-06 16:00:33,560 - INFO -   BHARTIARTL.NS: 250 rows stored in DB
2026-06-06 16:00:33,560 - INFO - Processing: KOTAKBANK.NS
2026-06-06 16:00:34,147 - INFO -   KOTAKBANK.NS: 250 rows stored in DB
2026-06-06 16:00:34,147 - INFO - Processing: LT.NS
2026-06-06 16:00:35,232 - INFO -   LT.NS: 250 rows stored in DB
2026-06-06 16:00:35,233 - INFO - Processing: AXISBANK.NS
2026-06-06 16:00:35,902 - INFO -   AXISBANK.NS: 250 rows stored in DB
2026-06-06 16:00:35,903 - INFO - Processing: BAJFINANCE.NS
2026-06-06 16:00:36,560 - INFO -   BAJFINANCE.NS: 250 rows stored in DB
2026-06-06 16:00:36,560 - INFO - Processing: ASIANPAINT.NS
2026-06-06 16:00:37,132 - INFO -   ASIANPAINT.NS: 250 rows stored in DB
2026-06-06 16:00:37,132 - INFO - Processing: MARUTI.NS
2026-06-06 16:00:37,697 - INFO -   MARUTI.NS: 250 rows stored in DB
2026-06-06 16:00:37,698 - INFO - Processing: SUNPHARMA.NS
2026-06-06 16:00:38,274 - INFO -   SUNPHARMA.NS: 250 rows stored in DB
2026-06-06 16:00:38,274 - INFO - Processing: WIPRO.NS
2026-06-06 16:00:38,826 - INFO -   WIPRO.NS: 250 rows stored in DB
2026-06-06 16:00:38,828 - INFO - Processing: POWERGRID.NS
2026-06-06 16:00:39,314 - INFO -   POWERGRID.NS: 250 rows stored in DB
2026-06-06 16:00:39,314 - INFO - Processing: NTPC.NS
2026-06-06 16:00:39,898 - INFO -   NTPC.NS: 250 rows stored in DB
2026-06-06 16:00:39,898 - INFO - Processing: ONGC.NS
2026-06-06 16:00:40,441 - INFO -   ONGC.NS: 250 rows stored in DB
2026-06-06 16:00:40,441 - INFO - Processing: ^NSEI
2026-06-06 16:00:41,367 - INFO -   ^NSEI: 247 rows stored in DB
2026-06-06 16:00:41,367 - INFO - Processing: ^NSEBANK
2026-06-06 16:00:41,845 - INFO -   ^NSEBANK: 247 rows stored in DB
2026-06-06 16:00:41,845 - INFO - Processing: ^BSESN
2026-06-06 16:00:42,334 - INFO -   ^BSESN: 247 rows stored in DB
2026-06-06 16:00:42,334 - INFO - Processing: ^NSEMDCP50
2026-06-06 16:00:42,787 - INFO -   ^NSEMDCP50: 246 rows stored in DB
2026-06-06 16:00:42,787 - INFO - Processing: NIFTY_FIN_SERVICE.NS
2026-06-06 16:00:43,413 - INFO -   NIFTY_FIN_SERVICE.NS: 246 rows stored in DB
2026-06-06 16:00:43,477 - INFO - README updated.
2026-06-06 16:00:43,477 - INFO - All done.
2026-06-06 16:02:34,457 - INFO - Processing 25 symbols
2026-06-06 16:02:34,457 - INFO - Processing: RELIANCE.NS
2026-06-06 16:02:35,443 - INFO -   RELIANCE.NS: 250 rows stored in DB
2026-06-06 16:02:35,443 - INFO - Processing: HDFCBANK.NS
2026-06-06 16:02:36,058 - INFO -   HDFCBANK.NS: 250 rows stored in DB
2026-06-06 16:02:36,058 - INFO - Processing: ICICIBANK.NS
2026-06-06 16:02:37,007 - INFO -   ICICIBANK.NS: 250 rows stored in DB
2026-06-06 16:02:37,007 - INFO - Processing: INFY.NS
2026-06-06 16:02:37,505 - INFO -   INFY.NS: 250 rows stored in DB
2026-06-06 16:02:37,505 - INFO - Processing: TCS.NS
2026-06-06 16:02:37,974 - INFO -   TCS.NS: 250 rows stored in DB
2026-06-06 16:02:37,974 - INFO - Processing: ITC.NS
2026-06-06 16:02:38,773 - INFO -   ITC.NS: 250 rows stored in DB
2026-06-06 16:02:38,789 - INFO - Processing: HINDUNILVR.NS
2026-06-06 16:02:39,403 - INFO -   HINDUNILVR.NS: 250 rows stored in DB
2026-06-06 16:02:39,403 - INFO - Processing: SBIN.NS
2026-06-06 16:02:40,018 - INFO -   SBIN.NS: 250 rows stored in DB
2026-06-06 16:02:40,018 - INFO - Processing: BHARTIARTL.NS
2026-06-06 16:02:40,549 - INFO -   BHARTIARTL.NS: 250 rows stored in DB
2026-06-06 16:02:40,549 - INFO - Processing: KOTAKBANK.NS
2026-06-06 16:02:41,226 - INFO -   KOTAKBANK.NS: 250 rows stored in DB
2026-06-06 16:02:41,226 - INFO - Processing: LT.NS
2026-06-06 16:02:41,927 - INFO -   LT.NS: 250 rows stored in DB
2026-06-06 16:02:41,927 - INFO - Processing: AXISBANK.NS
2026-06-06 16:02:42,673 - INFO -   AXISBANK.NS: 250 rows stored in DB
2026-06-06 16:02:42,673 - INFO - Processing: BAJFINANCE.NS
2026-06-06 16:02:43,244 - INFO -   BAJFINANCE.NS: 250 rows stored in DB
2026-06-06 16:02:43,244 - INFO - Processing: ASIANPAINT.NS
2026-06-06 16:02:44,139 - INFO -   ASIANPAINT.NS: 250 rows stored in DB
2026-06-06 16:02:44,139 - INFO - Processing: MARUTI.NS
2026-06-06 16:02:44,621 - INFO -   MARUTI.NS: 250 rows stored in DB
2026-06-06 16:02:44,621 - INFO - Processing: SUNPHARMA.NS
2026-06-06 16:02:45,151 - INFO -   SUNPHARMA.NS: 250 rows stored in DB
2026-06-06 16:02:45,151 - INFO - Processing: WIPRO.NS
2026-06-06 16:02:45,638 - INFO -   WIPRO.NS: 250 rows stored in DB
2026-06-06 16:02:45,638 - INFO - Processing: POWERGRID.NS
2026-06-06 16:02:46,137 - INFO -   POWERGRID.NS: 250 rows stored in DB
2026-06-06 16:02:46,137 - INFO - Processing: NTPC.NS
2026-06-06 16:02:46,670 - INFO -   NTPC.NS: 250 rows stored in DB
2026-06-06 16:02:46,670 - INFO - Processing: ONGC.NS
2026-06-06 16:02:47,257 - INFO -   ONGC.NS: 250 rows stored in DB
2026-06-06 16:02:47,257 - INFO - Processing: ^NSEI
2026-06-06 16:02:47,793 - INFO -   ^NSEI: 247 rows stored in DB
2026-06-06 16:02:47,793 - INFO - Processing: ^NSEBANK
2026-06-06 16:02:48,270 - INFO -   ^NSEBANK: 247 rows stored in DB
2026-06-06 16:02:48,270 - INFO - Processing: ^BSESN
2026-06-06 16:02:48,811 - INFO -   ^BSESN: 247 rows stored in DB
2026-06-06 16:02:48,811 - INFO - Processing: ^NSEMDCP50
2026-06-06 16:02:49,426 - INFO -   ^NSEMDCP50: 246 rows stored in DB
2026-06-06 16:02:49,426 - INFO - Processing: NIFTY_FIN_SERVICE.NS
2026-06-06 16:02:49,954 - INFO -   NIFTY_FIN_SERVICE.NS: 246 rows stored in DB
2026-06-06 16:02:50,064 - INFO - README updated.
2026-06-06 16:02:50,065 - INFO - All done.
2026-06-06 16:04:34,957 - INFO - Processing 25 symbols
2026-06-06 16:04:34,957 - INFO - Processing: RELIANCE.NS
2026-06-06 16:04:36,439 - INFO -   RELIANCE.NS: 250 rows stored in DB
2026-06-06 16:04:36,440 - INFO - Processing: HDFCBANK.NS
2026-06-06 16:04:36,969 - INFO -   HDFCBANK.NS: 250 rows stored in DB
2026-06-06 16:04:36,969 - INFO - Processing: ICICIBANK.NS
2026-06-06 16:04:37,464 - INFO -   ICICIBANK.NS: 250 rows stored in DB
2026-06-06 16:04:37,464 - INFO - Processing: INFY.NS
2026-06-06 16:04:37,965 - INFO -   INFY.NS: 250 rows stored in DB
2026-06-06 16:04:37,966 - INFO - Processing: TCS.NS
2026-06-06 16:04:38,507 - INFO -   TCS.NS: 250 rows stored in DB
2026-06-06 16:04:38,507 - INFO - Processing: ITC.NS
2026-06-06 16:04:39,040 - INFO -   ITC.NS: 250 rows stored in DB
2026-06-06 16:04:39,041 - INFO - Processing: HINDUNILVR.NS
2026-06-06 16:04:39,578 - INFO -   HINDUNILVR.NS: 250 rows stored in DB
2026-06-06 16:04:39,578 - INFO - Processing: SBIN.NS
2026-06-06 16:04:40,114 - INFO -   SBIN.NS: 250 rows stored in DB
2026-06-06 16:04:40,114 - INFO - Processing: BHARTIARTL.NS
2026-06-06 16:04:40,607 - INFO -   BHARTIARTL.NS: 250 rows stored in DB
2026-06-06 16:04:40,608 - INFO - Processing: KOTAKBANK.NS
2026-06-06 16:04:41,110 - INFO -   KOTAKBANK.NS: 250 rows stored in DB
2026-06-06 16:04:41,111 - INFO - Processing: LT.NS
2026-06-06 16:04:41,631 - INFO -   LT.NS: 250 rows stored in DB
2026-06-06 16:04:41,631 - INFO - Processing: AXISBANK.NS
2026-06-06 16:04:42,151 - INFO -   AXISBANK.NS: 250 rows stored in DB
2026-06-06 16:04:42,151 - INFO - Processing: BAJFINANCE.NS
2026-06-06 16:04:42,658 - INFO -   BAJFINANCE.NS: 250 rows stored in DB
2026-06-06 16:04:42,658 - INFO - Processing: ASIANPAINT.NS
2026-06-06 16:04:43,144 - INFO -   ASIANPAINT.NS: 250 rows stored in DB
2026-06-06 16:04:43,145 - INFO - Processing: MARUTI.NS
2026-06-06 16:04:43,669 - INFO -   MARUTI.NS: 250 rows stored in DB
2026-06-06 16:04:43,669 - INFO - Processing: SUNPHARMA.NS
2026-06-06 16:04:44,232 - INFO -   SUNPHARMA.NS: 250 rows stored in DB
2026-06-06 16:04:44,233 - INFO - Processing: WIPRO.NS
2026-06-06 16:04:44,745 - INFO -   WIPRO.NS: 250 rows stored in DB
2026-06-06 16:04:44,745 - INFO - Processing: POWERGRID.NS
2026-06-06 16:04:45,645 - INFO -   POWERGRID.NS: 250 rows stored in DB
2026-06-06 16:04:45,645 - INFO - Processing: NTPC.NS
2026-06-06 16:04:46,161 - INFO -   NTPC.NS: 250 rows stored in DB
2026-06-06 16:04:46,161 - INFO - Processing: ONGC.NS
2026-06-06 16:04:46,663 - INFO -   ONGC.NS: 250 rows stored in DB
2026-06-06 16:04:46,664 - INFO - Processing: ^NSEI
2026-06-06 16:04:47,124 - INFO -   ^NSEI: 247 rows stored in DB
2026-06-06 16:04:47,124 - INFO - Processing: ^NSEBANK
2026-06-06 16:04:47,592 - INFO -   ^NSEBANK: 247 rows stored in DB
2026-06-06 16:04:47,592 - INFO - Processing: ^BSESN
2026-06-06 16:04:48,186 - INFO -   ^BSESN: 247 rows stored in DB
2026-06-06 16:04:48,186 - INFO - Processing: ^NSEMDCP50
2026-06-06 16:04:48,671 - INFO -   ^NSEMDCP50: 246 rows stored in DB
2026-06-06 16:04:48,672 - INFO - Processing: NIFTY_FIN_SERVICE.NS
2026-06-06 16:04:49,170 - INFO -   NIFTY_FIN_SERVICE.NS: 246 rows stored in DB
2026-06-06 16:04:49,267 - INFO - README updated.
2026-06-06 16:04:49,268 - INFO - All done.
2026-06-09 09:41:25,881 - INFO - Processing 25 symbols
2026-06-09 09:41:25,882 - INFO - Processing: RELIANCE.NS
2026-06-09 09:41:27,940 - INFO -   RELIANCE.NS: 250 rows stored in DB
2026-06-09 09:41:27,941 - INFO - Processing: HDFCBANK.NS
2026-06-09 09:41:28,765 - INFO -   HDFCBANK.NS: 250 rows stored in DB
2026-06-09 09:41:28,765 - INFO - Processing: ICICIBANK.NS
2026-06-09 09:41:29,486 - INFO -   ICICIBANK.NS: 250 rows stored in DB
2026-06-09 09:41:29,486 - INFO - Processing: INFY.NS
2026-06-09 09:41:30,038 - INFO -   INFY.NS: 250 rows stored in DB
2026-06-09 09:41:30,038 - INFO - Processing: TCS.NS
2026-06-09 09:41:30,559 - INFO -   TCS.NS: 250 rows stored in DB
2026-06-09 09:41:30,559 - INFO - Processing: ITC.NS
2026-06-09 09:41:31,140 - INFO -   ITC.NS: 250 rows stored in DB
2026-06-09 09:41:31,140 - INFO - Processing: HINDUNILVR.NS
2026-06-09 09:41:31,656 - INFO -   HINDUNILVR.NS: 250 rows stored in DB
2026-06-09 09:41:31,656 - INFO - Processing: SBIN.NS
2026-06-09 09:41:32,201 - INFO -   SBIN.NS: 250 rows stored in DB
2026-06-09 09:41:32,202 - INFO - Processing: BHARTIARTL.NS
2026-06-09 09:41:32,702 - INFO -   BHARTIARTL.NS: 250 rows stored in DB
2026-06-09 09:41:32,703 - INFO - Processing: KOTAKBANK.NS
2026-06-09 09:41:33,572 - INFO -   KOTAKBANK.NS: 250 rows stored in DB
2026-06-09 09:41:33,572 - INFO - Processing: LT.NS
2026-06-09 09:41:34,387 - INFO -   LT.NS: 250 rows stored in DB
2026-06-09 09:41:34,387 - INFO - Processing: AXISBANK.NS
2026-06-09 09:41:34,998 - INFO -   AXISBANK.NS: 250 rows stored in DB
2026-06-09 09:41:34,998 - INFO - Processing: BAJFINANCE.NS
2026-06-09 09:41:35,607 - INFO -   BAJFINANCE.NS: 250 rows stored in DB
2026-06-09 09:41:35,607 - INFO - Processing: ASIANPAINT.NS
2026-06-09 09:41:36,286 - INFO -   ASIANPAINT.NS: 250 rows stored in DB
2026-06-09 09:41:36,286 - INFO - Processing: MARUTI.NS
2026-06-09 09:41:37,151 - INFO -   MARUTI.NS: 250 rows stored in DB
2026-06-09 09:41:37,152 - INFO - Processing: SUNPHARMA.NS
2026-06-09 09:41:37,873 - INFO -   SUNPHARMA.NS: 250 rows stored in DB
2026-06-09 09:41:37,873 - INFO - Processing: WIPRO.NS
2026-06-09 09:41:38,761 - INFO -   WIPRO.NS: 250 rows stored in DB
2026-06-09 09:41:38,762 - INFO - Processing: POWERGRID.NS
2026-06-09 09:41:39,826 - INFO -   POWERGRID.NS: 250 rows stored in DB
2026-06-09 09:41:39,827 - INFO - Processing: NTPC.NS
2026-06-09 09:41:40,262 - INFO -   NTPC.NS: 250 rows stored in DB
2026-06-09 09:41:40,263 - INFO - Processing: ONGC.NS
2026-06-09 09:41:40,781 - INFO -   ONGC.NS: 250 rows stored in DB
2026-06-09 09:41:40,781 - INFO - Processing: ^NSEI
2026-06-09 09:41:41,537 - INFO -   ^NSEI: 247 rows stored in DB
2026-06-09 09:41:41,538 - INFO - Processing: ^NSEBANK
2026-06-09 09:41:42,015 - INFO -   ^NSEBANK: 247 rows stored in DB
2026-06-09 09:41:42,015 - INFO - Processing: ^BSESN
2026-06-09 09:41:42,534 - INFO -   ^BSESN: 247 rows stored in DB
2026-06-09 09:41:42,534 - INFO - Processing: ^NSEMDCP50
2026-06-09 09:41:42,991 - INFO -   ^NSEMDCP50: 246 rows stored in DB
2026-06-09 09:41:42,992 - INFO - Processing: NIFTY_FIN_SERVICE.NS
2026-06-09 09:41:43,661 - INFO -   NIFTY_FIN_SERVICE.NS: 246 rows stored in DB
2026-06-09 09:41:43,785 - INFO - README updated.
2026-06-09 09:41:43,785 - INFO - All done.
2026-06-09 14:33:02,885 - INFO - Processing 25 symbols
2026-06-09 14:33:02,885 - INFO - Processing: RELIANCE.NS
2026-06-09 14:33:04,138 - INFO -   RELIANCE.NS: 250 rows stored in DB
2026-06-09 14:33:04,138 - INFO - Processing: HDFCBANK.NS
2026-06-09 14:33:04,577 - INFO -   HDFCBANK.NS: 250 rows stored in DB
2026-06-09 14:33:04,577 - INFO - Processing: ICICIBANK.NS
2026-06-09 14:33:04,943 - INFO -   ICICIBANK.NS: 250 rows stored in DB
2026-06-09 14:33:04,943 - INFO - Processing: INFY.NS
2026-06-09 14:33:05,361 - INFO -   INFY.NS: 250 rows stored in DB
2026-06-09 14:33:05,362 - INFO - Processing: TCS.NS
2026-06-09 14:33:05,743 - INFO -   TCS.NS: 250 rows stored in DB
2026-06-09 14:33:05,743 - INFO - Processing: ITC.NS
2026-06-09 14:33:06,125 - INFO -   ITC.NS: 250 rows stored in DB
2026-06-09 14:33:06,140 - INFO - Processing: HINDUNILVR.NS
2026-06-09 14:33:06,624 - INFO -   HINDUNILVR.NS: 250 rows stored in DB
2026-06-09 14:33:06,625 - INFO - Processing: SBIN.NS
2026-06-09 14:33:07,009 - INFO -   SBIN.NS: 250 rows stored in DB
2026-06-09 14:33:07,010 - INFO - Processing: BHARTIARTL.NS
2026-06-09 14:33:07,453 - INFO -   BHARTIARTL.NS: 250 rows stored in DB
2026-06-09 14:33:07,453 - INFO - Processing: KOTAKBANK.NS
2026-06-09 14:33:07,938 - INFO -   KOTAKBANK.NS: 250 rows stored in DB
2026-06-09 14:33:07,938 - INFO - Processing: LT.NS
2026-06-09 14:33:08,382 - INFO -   LT.NS: 250 rows stored in DB
2026-06-09 14:33:08,382 - INFO - Processing: AXISBANK.NS
2026-06-09 14:33:08,792 - INFO -   AXISBANK.NS: 250 rows stored in DB
2026-06-09 14:33:08,792 - INFO - Processing: BAJFINANCE.NS
2026-06-09 14:33:09,187 - INFO -   BAJFINANCE.NS: 250 rows stored in DB
2026-06-09 14:33:09,187 - INFO - Processing: ASIANPAINT.NS
2026-06-09 14:33:09,822 - INFO -   ASIANPAINT.NS: 250 rows stored in DB
2026-06-09 14:33:09,822 - INFO - Processing: MARUTI.NS
2026-06-09 14:33:10,245 - INFO -   MARUTI.NS: 250 rows stored in DB
2026-06-09 14:33:10,245 - INFO - Processing: SUNPHARMA.NS
2026-06-09 14:33:10,660 - INFO -   SUNPHARMA.NS: 250 rows stored in DB
2026-06-09 14:33:10,660 - INFO - Processing: WIPRO.NS
2026-06-09 14:33:11,094 - INFO -   WIPRO.NS: 250 rows stored in DB
2026-06-09 14:33:11,094 - INFO - Processing: POWERGRID.NS
2026-06-09 14:33:11,498 - INFO -   POWERGRID.NS: 250 rows stored in DB
2026-06-09 14:33:11,498 - INFO - Processing: NTPC.NS
2026-06-09 14:33:11,922 - INFO -   NTPC.NS: 250 rows stored in DB
2026-06-09 14:33:11,922 - INFO - Processing: ONGC.NS
2026-06-09 14:33:12,327 - INFO -   ONGC.NS: 250 rows stored in DB
2026-06-09 14:33:12,327 - INFO - Processing: ^NSEI
2026-06-09 14:33:12,813 - INFO -   ^NSEI: 247 rows stored in DB
2026-06-09 14:33:12,813 - INFO - Processing: ^NSEBANK
2026-06-09 14:33:13,297 - INFO -   ^NSEBANK: 247 rows stored in DB
2026-06-09 14:33:13,297 - INFO - Processing: ^BSESN
2026-06-09 14:33:13,748 - INFO -   ^BSESN: 247 rows stored in DB
2026-06-09 14:33:13,748 - INFO - Processing: ^NSEMDCP50
2026-06-09 14:33:14,214 - INFO -   ^NSEMDCP50: 246 rows stored in DB
2026-06-09 14:33:14,214 - INFO - Processing: NIFTY_FIN_SERVICE.NS
2026-06-09 14:33:14,562 - INFO -   NIFTY_FIN_SERVICE.NS: 246 rows stored in DB
2026-06-09 14:33:14,647 - INFO - README updated.
2026-06-09 14:33:14,647 - INFO - All done.
2026-06-09 14:49:34,998 - INFO - Processing 25 symbols
2026-06-09 14:49:34,998 - INFO - Processing: RELIANCE.NS
2026-06-09 14:49:36,060 - INFO -   RELIANCE.NS: 250 rows stored in DB
2026-06-09 14:49:36,060 - INFO - Processing: HDFCBANK.NS
2026-06-09 14:49:36,840 - INFO -   HDFCBANK.NS: 250 rows stored in DB
2026-06-09 14:49:36,840 - INFO - Processing: ICICIBANK.NS
2026-06-09 14:49:37,396 - INFO -   ICICIBANK.NS: 250 rows stored in DB
2026-06-09 14:49:37,396 - INFO - Processing: INFY.NS
2026-06-09 14:49:38,111 - INFO -   INFY.NS: 250 rows stored in DB
2026-06-09 14:49:38,111 - INFO - Processing: TCS.NS
2026-06-09 14:49:38,628 - INFO -   TCS.NS: 250 rows stored in DB
2026-06-09 14:49:38,628 - INFO - Processing: ITC.NS
2026-06-09 14:49:39,159 - INFO -   ITC.NS: 250 rows stored in DB
2026-06-09 14:49:39,159 - INFO - Processing: HINDUNILVR.NS
2026-06-09 14:49:39,953 - INFO -   HINDUNILVR.NS: 250 rows stored in DB
2026-06-09 14:49:39,953 - INFO - Processing: SBIN.NS
2026-06-09 14:49:40,553 - INFO -   SBIN.NS: 250 rows stored in DB
2026-06-09 14:49:40,553 - INFO - Processing: BHARTIARTL.NS
2026-06-09 14:49:41,124 - INFO -   BHARTIARTL.NS: 250 rows stored in DB
2026-06-09 14:49:41,124 - INFO - Processing: KOTAKBANK.NS
2026-06-09 14:49:41,657 - INFO -   KOTAKBANK.NS: 250 rows stored in DB
2026-06-09 14:49:41,657 - INFO - Processing: LT.NS
2026-06-09 14:49:42,233 - INFO -   LT.NS: 250 rows stored in DB
2026-06-09 14:49:42,235 - INFO - Processing: AXISBANK.NS
2026-06-09 14:49:42,764 - INFO -   AXISBANK.NS: 250 rows stored in DB
2026-06-09 14:49:42,764 - INFO - Processing: BAJFINANCE.NS
2026-06-09 14:49:43,304 - INFO -   BAJFINANCE.NS: 250 rows stored in DB
2026-06-09 14:49:43,307 - INFO - Processing: ASIANPAINT.NS
2026-06-09 14:49:44,057 - INFO -   ASIANPAINT.NS: 250 rows stored in DB
2026-06-09 14:49:44,058 - INFO - Processing: MARUTI.NS
2026-06-09 14:49:44,554 - INFO -   MARUTI.NS: 250 rows stored in DB
2026-06-09 14:49:44,554 - INFO - Processing: SUNPHARMA.NS
2026-06-09 14:49:45,187 - INFO -   SUNPHARMA.NS: 250 rows stored in DB
2026-06-09 14:49:45,188 - INFO - Processing: WIPRO.NS
2026-06-09 14:49:45,953 - INFO -   WIPRO.NS: 250 rows stored in DB
2026-06-09 14:49:45,954 - INFO - Processing: POWERGRID.NS
2026-06-09 14:49:46,495 - INFO -   POWERGRID.NS: 250 rows stored in DB
2026-06-09 14:49:46,496 - INFO - Processing: NTPC.NS
2026-06-09 14:49:47,271 - INFO -   NTPC.NS: 250 rows stored in DB
2026-06-09 14:49:47,271 - INFO - Processing: ONGC.NS
2026-06-09 14:49:47,790 - INFO -   ONGC.NS: 250 rows stored in DB
2026-06-09 14:49:47,790 - INFO - Processing: ^NSEI
2026-06-09 14:49:48,364 - INFO -   ^NSEI: 247 rows stored in DB
2026-06-09 14:49:48,365 - INFO - Processing: ^NSEBANK
2026-06-09 14:49:48,822 - INFO -   ^NSEBANK: 247 rows stored in DB
2026-06-09 14:49:48,822 - INFO - Processing: ^BSESN
2026-06-09 14:49:49,339 - INFO -   ^BSESN: 247 rows stored in DB
2026-06-09 14:49:49,339 - INFO - Processing: ^NSEMDCP50
2026-06-09 14:49:49,818 - INFO -   ^NSEMDCP50: 246 rows stored in DB
2026-06-09 14:49:49,819 - INFO - Processing: NIFTY_FIN_SERVICE.NS
2026-06-09 14:49:50,338 - INFO -   NIFTY_FIN_SERVICE.NS: 246 rows stored in DB
2026-06-09 14:49:50,452 - INFO - README updated.
2026-06-09 14:49:50,452 - INFO - All done.
2026-06-09 14:57:31,884 - INFO - Processing 25 symbols
2026-06-09 14:57:31,884 - INFO - Processing: RELIANCE.NS
2026-06-09 14:57:35,056 - INFO -   RELIANCE.NS: 250 rows stored in DB
2026-06-09 14:57:35,057 - INFO - Processing: HDFCBANK.NS
2026-06-09 14:57:36,523 - INFO -   HDFCBANK.NS: 250 rows stored in DB
2026-06-09 14:57:36,525 - INFO - Processing: ICICIBANK.NS
2026-06-09 14:57:37,918 - INFO -   ICICIBANK.NS: 250 rows stored in DB
2026-06-09 14:57:37,918 - INFO - Processing: INFY.NS
2026-06-09 14:57:39,335 - INFO -   INFY.NS: 250 rows stored in DB
2026-06-09 14:57:39,336 - INFO - Processing: TCS.NS
2026-06-09 14:57:40,872 - INFO -   TCS.NS: 250 rows stored in DB
2026-06-09 14:57:40,873 - INFO - Processing: ITC.NS
2026-06-09 14:57:42,819 - INFO -   ITC.NS: 250 rows stored in DB
2026-06-09 14:57:42,819 - INFO - Processing: HINDUNILVR.NS
2026-06-09 14:57:44,706 - INFO -   HINDUNILVR.NS: 250 rows stored in DB
2026-06-09 14:57:44,708 - INFO - Processing: SBIN.NS
2026-06-09 14:57:46,334 - INFO -   SBIN.NS: 250 rows stored in DB
2026-06-09 14:57:46,337 - INFO - Processing: BHARTIARTL.NS
2026-06-09 14:57:47,920 - INFO -   BHARTIARTL.NS: 250 rows stored in DB
2026-06-09 14:57:47,921 - INFO - Processing: KOTAKBANK.NS
2026-06-09 14:57:49,574 - INFO -   KOTAKBANK.NS: 250 rows stored in DB
2026-06-09 14:57:49,574 - INFO - Processing: LT.NS
2026-06-09 14:57:51,180 - INFO -   LT.NS: 250 rows stored in DB
2026-06-09 14:57:51,180 - INFO - Processing: AXISBANK.NS
2026-06-09 14:57:52,581 - INFO -   AXISBANK.NS: 250 rows stored in DB
2026-06-09 14:57:52,582 - INFO - Processing: BAJFINANCE.NS
2026-06-09 14:57:53,826 - INFO -   BAJFINANCE.NS: 250 rows stored in DB
2026-06-09 14:57:53,826 - INFO - Processing: ASIANPAINT.NS
2026-06-09 14:57:55,366 - INFO -   ASIANPAINT.NS: 250 rows stored in DB
2026-06-09 14:57:55,367 - INFO - Processing: MARUTI.NS
2026-06-09 14:57:56,695 - INFO -   MARUTI.NS: 250 rows stored in DB
2026-06-09 14:57:56,696 - INFO - Processing: SUNPHARMA.NS
2026-06-09 14:57:57,994 - INFO -   SUNPHARMA.NS: 250 rows stored in DB
2026-06-09 14:57:57,994 - INFO - Processing: WIPRO.NS
2026-06-09 14:57:59,579 - INFO -   WIPRO.NS: 250 rows stored in DB
2026-06-09 14:57:59,579 - INFO - Processing: POWERGRID.NS
2026-06-09 14:58:01,357 - INFO -   POWERGRID.NS: 250 rows stored in DB
2026-06-09 14:58:01,360 - INFO - Processing: NTPC.NS
2026-06-09 14:58:02,924 - INFO -   NTPC.NS: 250 rows stored in DB
2026-06-09 14:58:02,924 - INFO - Processing: ONGC.NS
2026-06-09 14:58:04,558 - INFO -   ONGC.NS: 250 rows stored in DB
2026-06-09 14:58:04,559 - INFO - Processing: ^NSEI
2026-06-09 14:58:05,917 - INFO -   ^NSEI: 247 rows stored in DB
2026-06-09 14:58:05,918 - INFO - Processing: ^NSEBANK
2026-06-09 14:58:06,700 - INFO -   ^NSEBANK: 247 rows stored in DB
2026-06-09 14:58:06,705 - INFO - Processing: ^BSESN
2026-06-09 14:58:07,248 - INFO -   ^BSESN: 247 rows stored in DB
2026-06-09 14:58:07,249 - INFO - Processing: ^NSEMDCP50
2026-06-09 14:58:07,823 - INFO -   ^NSEMDCP50: 246 rows stored in DB
2026-06-09 14:58:07,824 - INFO - Processing: NIFTY_FIN_SERVICE.NS
2026-06-09 14:58:08,277 - INFO -   NIFTY_FIN_SERVICE.NS: 246 rows stored in DB
2026-06-09 14:58:08,425 - INFO - README updated.
2026-06-09 14:58:08,425 - INFO - All done.
2026-06-09 18:49:18,644 - INFO - Processing 25 symbols
2026-06-09 18:49:18,645 - INFO - Processing: RELIANCE.NS
2026-06-09 18:49:20,055 - INFO -   RELIANCE.NS: 250 rows stored in DB
2026-06-09 18:49:20,055 - INFO - Processing: HDFCBANK.NS
2026-06-09 18:49:20,569 - INFO -   HDFCBANK.NS: 250 rows stored in DB
2026-06-09 18:49:20,570 - INFO - Processing: ICICIBANK.NS
2026-06-09 18:49:21,058 - INFO -   ICICIBANK.NS: 250 rows stored in DB
2026-06-09 18:49:21,058 - INFO - Processing: INFY.NS
2026-06-09 18:49:21,558 - INFO -   INFY.NS: 250 rows stored in DB
2026-06-09 18:49:21,559 - INFO - Processing: TCS.NS
2026-06-09 18:49:22,124 - INFO -   TCS.NS: 250 rows stored in DB
2026-06-09 18:49:22,124 - INFO - Processing: ITC.NS
2026-06-09 18:49:22,676 - INFO -   ITC.NS: 250 rows stored in DB
2026-06-09 18:49:22,676 - INFO - Processing: HINDUNILVR.NS
2026-06-09 18:49:23,170 - INFO -   HINDUNILVR.NS: 250 rows stored in DB
2026-06-09 18:49:23,171 - INFO - Processing: SBIN.NS
2026-06-09 18:49:23,764 - INFO -   SBIN.NS: 250 rows stored in DB
2026-06-09 18:49:23,765 - INFO - Processing: BHARTIARTL.NS
2026-06-09 18:49:24,223 - INFO -   BHARTIARTL.NS: 250 rows stored in DB
2026-06-09 18:49:24,224 - INFO - Processing: KOTAKBANK.NS
2026-06-09 18:49:24,768 - INFO -   KOTAKBANK.NS: 250 rows stored in DB
2026-06-09 18:49:24,769 - INFO - Processing: LT.NS
2026-06-09 18:49:25,189 - INFO -   LT.NS: 250 rows stored in DB
2026-06-09 18:49:25,190 - INFO - Processing: AXISBANK.NS
2026-06-09 18:49:25,792 - INFO -   AXISBANK.NS: 250 rows stored in DB
2026-06-09 18:49:25,792 - INFO - Processing: BAJFINANCE.NS
2026-06-09 18:49:26,197 - INFO -   BAJFINANCE.NS: 250 rows stored in DB
2026-06-09 18:49:26,202 - INFO - Processing: ASIANPAINT.NS
2026-06-09 18:49:26,827 - INFO -   ASIANPAINT.NS: 250 rows stored in DB
2026-06-09 18:49:26,828 - INFO - Processing: MARUTI.NS
2026-06-09 18:49:27,318 - INFO -   MARUTI.NS: 250 rows stored in DB
2026-06-09 18:49:27,319 - INFO - Processing: SUNPHARMA.NS
2026-06-09 18:49:27,850 - INFO -   SUNPHARMA.NS: 250 rows stored in DB
2026-06-09 18:49:27,850 - INFO - Processing: WIPRO.NS
2026-06-09 18:49:28,416 - INFO -   WIPRO.NS: 250 rows stored in DB
2026-06-09 18:49:28,416 - INFO - Processing: POWERGRID.NS
2026-06-09 18:49:28,923 - INFO -   POWERGRID.NS: 250 rows stored in DB
2026-06-09 18:49:28,924 - INFO - Processing: NTPC.NS
2026-06-09 18:49:29,435 - INFO -   NTPC.NS: 250 rows stored in DB
2026-06-09 18:49:29,436 - INFO - Processing: ONGC.NS
2026-06-09 18:49:29,847 - INFO -   ONGC.NS: 250 rows stored in DB
2026-06-09 18:49:29,848 - INFO - Processing: ^NSEI
2026-06-09 18:49:30,332 - INFO -   ^NSEI: 247 rows stored in DB
2026-06-09 18:49:30,333 - INFO - Processing: ^NSEBANK
2026-06-09 18:49:30,778 - INFO -   ^NSEBANK: 247 rows stored in DB
2026-06-09 18:49:30,778 - INFO - Processing: ^BSESN
2026-06-09 18:49:31,241 - INFO -   ^BSESN: 247 rows stored in DB
2026-06-09 18:49:31,241 - INFO - Processing: ^NSEMDCP50
2026-06-09 18:49:31,792 - INFO -   ^NSEMDCP50: 246 rows stored in DB
2026-06-09 18:49:31,792 - INFO - Processing: NIFTY_FIN_SERVICE.NS
2026-06-09 18:49:32,290 - INFO -   NIFTY_FIN_SERVICE.NS: 246 rows stored in DB
2026-06-09 18:49:32,431 - INFO - README updated.
2026-06-09 18:49:32,435 - INFO - All done.
2026-06-09 18:55:29,042 - INFO - Processing 25 symbols
2026-06-09 18:55:29,043 - INFO - Processing: RELIANCE.NS
2026-06-09 18:55:30,135 - INFO -   RELIANCE.NS: 250 rows stored in DB
2026-06-09 18:55:30,136 - INFO - Processing: HDFCBANK.NS
2026-06-09 18:55:30,625 - INFO -   HDFCBANK.NS: 250 rows stored in DB
2026-06-09 18:55:30,625 - INFO - Processing: ICICIBANK.NS
2026-06-09 18:55:31,251 - INFO -   ICICIBANK.NS: 250 rows stored in DB
2026-06-09 18:55:31,251 - INFO - Processing: INFY.NS
2026-06-09 18:55:31,732 - INFO -   INFY.NS: 250 rows stored in DB
2026-06-09 18:55:31,732 - INFO - Processing: TCS.NS
2026-06-09 18:55:32,294 - INFO -   TCS.NS: 250 rows stored in DB
2026-06-09 18:55:32,294 - INFO - Processing: ITC.NS
2026-06-09 18:55:32,782 - INFO -   ITC.NS: 250 rows stored in DB
2026-06-09 18:55:32,783 - INFO - Processing: HINDUNILVR.NS
2026-06-09 18:55:33,308 - INFO -   HINDUNILVR.NS: 250 rows stored in DB
2026-06-09 18:55:33,309 - INFO - Processing: SBIN.NS
2026-06-09 18:55:33,771 - INFO -   SBIN.NS: 250 rows stored in DB
2026-06-09 18:55:33,772 - INFO - Processing: BHARTIARTL.NS
2026-06-09 18:55:34,330 - INFO -   BHARTIARTL.NS: 250 rows stored in DB
2026-06-09 18:55:34,330 - INFO - Processing: KOTAKBANK.NS
2026-06-09 18:55:34,830 - INFO -   KOTAKBANK.NS: 250 rows stored in DB
2026-06-09 18:55:34,831 - INFO - Processing: LT.NS
2026-06-09 18:55:35,321 - INFO -   LT.NS: 250 rows stored in DB
2026-06-09 18:55:35,322 - INFO - Processing: AXISBANK.NS
2026-06-09 18:55:35,778 - INFO -   AXISBANK.NS: 250 rows stored in DB
2026-06-09 18:55:35,779 - INFO - Processing: BAJFINANCE.NS
2026-06-09 18:55:36,278 - INFO -   BAJFINANCE.NS: 250 rows stored in DB
2026-06-09 18:55:36,279 - INFO - Processing: ASIANPAINT.NS
2026-06-09 18:55:36,871 - INFO -   ASIANPAINT.NS: 250 rows stored in DB
2026-06-09 18:55:36,872 - INFO - Processing: MARUTI.NS
2026-06-09 18:55:37,371 - INFO -   MARUTI.NS: 250 rows stored in DB
2026-06-09 18:55:37,371 - INFO - Processing: SUNPHARMA.NS
2026-06-09 18:55:37,911 - INFO -   SUNPHARMA.NS: 250 rows stored in DB
2026-06-09 18:55:37,911 - INFO - Processing: WIPRO.NS
2026-06-09 18:55:38,430 - INFO -   WIPRO.NS: 250 rows stored in DB
2026-06-09 18:55:38,430 - INFO - Processing: POWERGRID.NS
2026-06-09 18:55:38,888 - INFO -   POWERGRID.NS: 250 rows stored in DB
2026-06-09 18:55:38,888 - INFO - Processing: NTPC.NS
2026-06-09 18:55:39,400 - INFO -   NTPC.NS: 250 rows stored in DB
2026-06-09 18:55:39,401 - INFO - Processing: ONGC.NS
2026-06-09 18:55:40,093 - INFO -   ONGC.NS: 250 rows stored in DB
2026-06-09 18:55:40,093 - INFO - Processing: ^NSEI
2026-06-09 18:55:40,629 - INFO -   ^NSEI: 247 rows stored in DB
2026-06-09 18:55:40,630 - INFO - Processing: ^NSEBANK
2026-06-09 18:55:41,133 - INFO -   ^NSEBANK: 247 rows stored in DB
2026-06-09 18:55:41,133 - INFO - Processing: ^BSESN
2026-06-09 18:55:41,581 - INFO -   ^BSESN: 247 rows stored in DB
2026-06-09 18:55:41,581 - INFO - Processing: ^NSEMDCP50
2026-06-09 18:55:42,031 - INFO -   ^NSEMDCP50: 246 rows stored in DB
2026-06-09 18:55:42,032 - INFO - Processing: NIFTY_FIN_SERVICE.NS
2026-06-09 18:55:42,502 - INFO -   NIFTY_FIN_SERVICE.NS: 246 rows stored in DB
2026-06-09 18:55:42,626 - INFO - README updated.
2026-06-09 18:55:42,626 - INFO - All done.
2026-06-09 19:13:40,397 - INFO - Processing 25 symbols
2026-06-09 19:13:40,397 - INFO - Processing: RELIANCE.NS
2026-06-09 19:13:41,962 - INFO -   RELIANCE.NS: 250 rows stored in DB
2026-06-09 19:13:41,962 - INFO - Processing: HDFCBANK.NS
2026-06-09 19:13:42,557 - INFO -   HDFCBANK.NS: 250 rows stored in DB
2026-06-09 19:13:42,558 - INFO - Processing: ICICIBANK.NS
2026-06-09 19:13:43,052 - INFO -   ICICIBANK.NS: 250 rows stored in DB
2026-06-09 19:13:43,053 - INFO - Processing: INFY.NS
2026-06-09 19:13:43,615 - INFO -   INFY.NS: 250 rows stored in DB
2026-06-09 19:13:43,616 - INFO - Processing: TCS.NS
2026-06-09 19:13:44,157 - INFO -   TCS.NS: 250 rows stored in DB
2026-06-09 19:13:44,158 - INFO - Processing: ITC.NS
2026-06-09 19:13:44,655 - INFO -   ITC.NS: 250 rows stored in DB
2026-06-09 19:13:44,656 - INFO - Processing: HINDUNILVR.NS
2026-06-09 19:13:45,176 - INFO -   HINDUNILVR.NS: 250 rows stored in DB
2026-06-09 19:13:45,177 - INFO - Processing: SBIN.NS
2026-06-09 19:13:45,675 - INFO -   SBIN.NS: 250 rows stored in DB
2026-06-09 19:13:45,675 - INFO - Processing: BHARTIARTL.NS
2026-06-09 19:13:46,155 - INFO -   BHARTIARTL.NS: 250 rows stored in DB
2026-06-09 19:13:46,155 - INFO - Processing: KOTAKBANK.NS
2026-06-09 19:13:46,816 - INFO -   KOTAKBANK.NS: 250 rows stored in DB
2026-06-09 19:13:46,816 - INFO - Processing: LT.NS
2026-06-09 19:13:47,336 - INFO -   LT.NS: 250 rows stored in DB
2026-06-09 19:13:47,336 - INFO - Processing: AXISBANK.NS
2026-06-09 19:13:47,821 - INFO -   AXISBANK.NS: 250 rows stored in DB
2026-06-09 19:13:47,836 - INFO - Processing: BAJFINANCE.NS
2026-06-09 19:13:48,426 - INFO -   BAJFINANCE.NS: 250 rows stored in DB
2026-06-09 19:13:48,427 - INFO - Processing: ASIANPAINT.NS
2026-06-09 19:13:49,031 - INFO -   ASIANPAINT.NS: 250 rows stored in DB
2026-06-09 19:13:49,031 - INFO - Processing: MARUTI.NS
2026-06-09 19:13:49,486 - INFO -   MARUTI.NS: 250 rows stored in DB
2026-06-09 19:13:49,488 - INFO - Processing: SUNPHARMA.NS
2026-06-09 19:13:50,032 - INFO -   SUNPHARMA.NS: 250 rows stored in DB
2026-06-09 19:13:50,032 - INFO - Processing: WIPRO.NS
2026-06-09 19:13:50,542 - INFO -   WIPRO.NS: 250 rows stored in DB
2026-06-09 19:13:50,542 - INFO - Processing: POWERGRID.NS
2026-06-09 19:13:51,104 - INFO -   POWERGRID.NS: 250 rows stored in DB
2026-06-09 19:13:51,105 - INFO - Processing: NTPC.NS
2026-06-09 19:13:51,610 - INFO -   NTPC.NS: 250 rows stored in DB
2026-06-09 19:13:51,611 - INFO - Processing: ONGC.NS
2026-06-09 19:13:52,176 - INFO -   ONGC.NS: 250 rows stored in DB
2026-06-09 19:13:52,177 - INFO - Processing: ^NSEI
2026-06-09 19:13:52,668 - INFO -   ^NSEI: 247 rows stored in DB
2026-06-09 19:13:52,668 - INFO - Processing: ^NSEBANK
2026-06-09 19:13:53,162 - INFO -   ^NSEBANK: 247 rows stored in DB
2026-06-09 19:13:53,162 - INFO - Processing: ^BSESN
2026-06-09 19:13:53,583 - INFO -   ^BSESN: 247 rows stored in DB
2026-06-09 19:13:53,583 - INFO - Processing: ^NSEMDCP50
2026-06-09 19:13:54,044 - INFO -   ^NSEMDCP50: 246 rows stored in DB
2026-06-09 19:13:54,044 - INFO - Processing: NIFTY_FIN_SERVICE.NS
2026-06-09 19:13:54,484 - INFO -   NIFTY_FIN_SERVICE.NS: 246 rows stored in DB
2026-06-09 19:13:54,590 - INFO - README updated.
2026-06-09 19:13:54,599 - INFO - All done.
2026-06-09 19:24:31,754 - INFO - Processing 25 symbols
2026-06-09 19:24:31,754 - INFO - Processing: RELIANCE.NS
2026-06-09 19:24:32,905 - INFO -   RELIANCE.NS: 250 rows stored in DB
2026-06-09 19:24:32,905 - INFO - Processing: HDFCBANK.NS
2026-06-09 19:24:33,528 - INFO -   HDFCBANK.NS: 250 rows stored in DB
2026-06-09 19:24:33,530 - INFO - Processing: ICICIBANK.NS
2026-06-09 19:24:34,153 - INFO -   ICICIBANK.NS: 250 rows stored in DB
2026-06-09 19:24:34,154 - INFO - Processing: INFY.NS
2026-06-09 19:24:34,727 - INFO -   INFY.NS: 250 rows stored in DB
2026-06-09 19:24:34,728 - INFO - Processing: TCS.NS
2026-06-09 19:24:35,388 - INFO -   TCS.NS: 250 rows stored in DB
2026-06-09 19:24:35,388 - INFO - Processing: ITC.NS
2026-06-09 19:24:35,947 - INFO -   ITC.NS: 250 rows stored in DB
2026-06-09 19:24:35,947 - INFO - Processing: HINDUNILVR.NS
2026-06-09 19:24:36,544 - INFO -   HINDUNILVR.NS: 250 rows stored in DB
2026-06-09 19:24:36,546 - INFO - Processing: SBIN.NS
2026-06-09 19:24:37,153 - INFO -   SBIN.NS: 250 rows stored in DB
2026-06-09 19:24:37,154 - INFO - Processing: BHARTIARTL.NS
2026-06-09 19:24:37,731 - INFO -   BHARTIARTL.NS: 250 rows stored in DB
2026-06-09 19:24:37,731 - INFO - Processing: KOTAKBANK.NS
2026-06-09 19:24:38,550 - INFO -   KOTAKBANK.NS: 250 rows stored in DB
2026-06-09 19:24:38,550 - INFO - Processing: LT.NS
2026-06-09 19:24:39,119 - INFO -   LT.NS: 250 rows stored in DB
2026-06-09 19:24:39,119 - INFO - Processing: AXISBANK.NS
2026-06-09 19:24:39,856 - INFO -   AXISBANK.NS: 250 rows stored in DB
2026-06-09 19:24:39,857 - INFO - Processing: BAJFINANCE.NS
2026-06-09 19:24:40,355 - INFO -   BAJFINANCE.NS: 250 rows stored in DB
2026-06-09 19:24:40,356 - INFO - Processing: ASIANPAINT.NS
2026-06-09 19:24:40,924 - INFO -   ASIANPAINT.NS: 250 rows stored in DB
2026-06-09 19:24:40,924 - INFO - Processing: MARUTI.NS
2026-06-09 19:24:41,521 - INFO -   MARUTI.NS: 250 rows stored in DB
2026-06-09 19:24:41,521 - INFO - Processing: SUNPHARMA.NS
2026-06-09 19:24:42,193 - INFO -   SUNPHARMA.NS: 250 rows stored in DB
2026-06-09 19:24:42,193 - INFO - Processing: WIPRO.NS
2026-06-09 19:24:42,712 - INFO -   WIPRO.NS: 250 rows stored in DB
2026-06-09 19:24:42,712 - INFO - Processing: POWERGRID.NS
2026-06-09 19:24:43,312 - INFO -   POWERGRID.NS: 250 rows stored in DB
2026-06-09 19:24:43,313 - INFO - Processing: NTPC.NS
2026-06-09 19:24:43,876 - INFO -   NTPC.NS: 250 rows stored in DB
2026-06-09 19:24:43,877 - INFO - Processing: ONGC.NS
2026-06-09 19:24:44,535 - INFO -   ONGC.NS: 250 rows stored in DB
2026-06-09 19:24:44,536 - INFO - Processing: ^NSEI
2026-06-09 19:24:45,128 - INFO -   ^NSEI: 247 rows stored in DB
2026-06-09 19:24:45,129 - INFO - Processing: ^NSEBANK
2026-06-09 19:24:45,741 - INFO -   ^NSEBANK: 247 rows stored in DB
2026-06-09 19:24:45,742 - INFO - Processing: ^BSESN
2026-06-09 19:24:46,271 - INFO -   ^BSESN: 247 rows stored in DB
2026-06-09 19:24:46,271 - INFO - Processing: ^NSEMDCP50
2026-06-09 19:24:46,791 - INFO -   ^NSEMDCP50: 246 rows stored in DB
2026-06-09 19:24:46,798 - INFO - Processing: NIFTY_FIN_SERVICE.NS
2026-06-09 19:24:47,329 - INFO -   NIFTY_FIN_SERVICE.NS: 246 rows stored in DB
2026-06-09 19:24:47,469 - INFO - README updated.
2026-06-09 19:24:47,469 - INFO - All done.
2026-06-09 19:25:19,834 - INFO - Processing 25 symbols
2026-06-09 19:25:19,834 - INFO - Processing: RELIANCE.NS
2026-06-09 19:25:21,159 - INFO -   RELIANCE.NS: 250 rows stored in DB
2026-06-09 19:25:21,161 - INFO - Processing: HDFCBANK.NS
2026-06-09 19:25:21,644 - INFO -   HDFCBANK.NS: 250 rows stored in DB
2026-06-09 19:25:21,645 - INFO - Processing: ICICIBANK.NS
2026-06-09 19:25:22,138 - INFO -   ICICIBANK.NS: 250 rows stored in DB
2026-06-09 19:25:22,138 - INFO - Processing: INFY.NS
2026-06-09 19:25:22,595 - INFO -   INFY.NS: 250 rows stored in DB
2026-06-09 19:25:22,595 - INFO - Processing: TCS.NS
2026-06-09 19:25:23,039 - INFO -   TCS.NS: 250 rows stored in DB
2026-06-09 19:25:23,039 - INFO - Processing: ITC.NS
2026-06-09 19:25:23,577 - INFO -   ITC.NS: 250 rows stored in DB
2026-06-09 19:25:23,578 - INFO - Processing: HINDUNILVR.NS
2026-06-09 19:25:24,129 - INFO -   HINDUNILVR.NS: 250 rows stored in DB
2026-06-09 19:25:24,130 - INFO - Processing: SBIN.NS
2026-06-09 19:25:24,645 - INFO -   SBIN.NS: 250 rows stored in DB
2026-06-09 19:25:24,645 - INFO - Processing: BHARTIARTL.NS
2026-06-09 19:25:25,162 - INFO -   BHARTIARTL.NS: 250 rows stored in DB
2026-06-09 19:25:25,163 - INFO - Processing: KOTAKBANK.NS
2026-06-09 19:25:25,734 - INFO -   KOTAKBANK.NS: 250 rows stored in DB
2026-06-09 19:25:25,735 - INFO - Processing: LT.NS
2026-06-09 19:25:26,235 - INFO -   LT.NS: 250 rows stored in DB
2026-06-09 19:25:26,235 - INFO - Processing: AXISBANK.NS
2026-06-09 19:25:26,702 - INFO -   AXISBANK.NS: 250 rows stored in DB
2026-06-09 19:25:26,702 - INFO - Processing: BAJFINANCE.NS
2026-06-09 19:25:27,317 - INFO -   BAJFINANCE.NS: 250 rows stored in DB
2026-06-09 19:25:27,317 - INFO - Processing: ASIANPAINT.NS
2026-06-09 19:25:27,785 - INFO -   ASIANPAINT.NS: 250 rows stored in DB
2026-06-09 19:25:27,786 - INFO - Processing: MARUTI.NS
2026-06-09 19:25:28,305 - INFO -   MARUTI.NS: 250 rows stored in DB
2026-06-09 19:25:28,305 - INFO - Processing: SUNPHARMA.NS
2026-06-09 19:25:28,997 - INFO -   SUNPHARMA.NS: 250 rows stored in DB
2026-06-09 19:25:28,998 - INFO - Processing: WIPRO.NS
2026-06-09 19:25:29,549 - INFO -   WIPRO.NS: 250 rows stored in DB
2026-06-09 19:25:29,549 - INFO - Processing: POWERGRID.NS
2026-06-09 19:25:30,100 - INFO -   POWERGRID.NS: 250 rows stored in DB
2026-06-09 19:25:30,100 - INFO - Processing: NTPC.NS
2026-06-09 19:25:30,602 - INFO -   NTPC.NS: 250 rows stored in DB
2026-06-09 19:25:30,603 - INFO - Processing: ONGC.NS
2026-06-09 19:25:31,260 - INFO -   ONGC.NS: 250 rows stored in DB
2026-06-09 19:25:31,261 - INFO - Processing: ^NSEI
2026-06-09 19:25:31,706 - INFO -   ^NSEI: 247 rows stored in DB
2026-06-09 19:25:31,706 - INFO - Processing: ^NSEBANK
2026-06-09 19:25:32,278 - INFO -   ^NSEBANK: 247 rows stored in DB
2026-06-09 19:25:32,293 - INFO - Processing: ^BSESN
2026-06-09 19:25:32,848 - INFO -   ^BSESN: 247 rows stored in DB
2026-06-09 19:25:32,849 - INFO - Processing: ^NSEMDCP50
2026-06-09 19:25:33,439 - INFO -   ^NSEMDCP50: 246 rows stored in DB
2026-06-09 19:25:33,439 - INFO - Processing: NIFTY_FIN_SERVICE.NS
2026-06-09 19:25:33,863 - INFO -   NIFTY_FIN_SERVICE.NS: 246 rows stored in DB
2026-06-09 19:25:33,996 - INFO - README updated.
2026-06-09 19:25:34,003 - INFO - All done.
2026-06-09 19:26:53,389 - INFO - Processing 25 symbols
2026-06-09 19:26:53,390 - INFO - Processing: RELIANCE.NS
2026-06-09 19:26:54,660 - INFO -   RELIANCE.NS: 250 rows stored in DB
2026-06-09 19:26:54,661 - INFO - Processing: HDFCBANK.NS
2026-06-09 19:26:55,166 - INFO -   HDFCBANK.NS: 250 rows stored in DB
2026-06-09 19:26:55,167 - INFO - Processing: ICICIBANK.NS
2026-06-09 19:26:55,735 - INFO -   ICICIBANK.NS: 250 rows stored in DB
2026-06-09 19:26:55,736 - INFO - Processing: INFY.NS
2026-06-09 19:26:56,294 - INFO -   INFY.NS: 250 rows stored in DB
2026-06-09 19:26:56,302 - INFO - Processing: TCS.NS
2026-06-09 19:26:56,842 - INFO -   TCS.NS: 250 rows stored in DB
2026-06-09 19:26:56,843 - INFO - Processing: ITC.NS
2026-06-09 19:26:57,373 - INFO -   ITC.NS: 250 rows stored in DB
2026-06-09 19:26:57,374 - INFO - Processing: HINDUNILVR.NS
2026-06-09 19:26:57,890 - INFO -   HINDUNILVR.NS: 250 rows stored in DB
2026-06-09 19:26:57,890 - INFO - Processing: SBIN.NS
2026-06-09 19:26:58,678 - INFO -   SBIN.NS: 250 rows stored in DB
2026-06-09 19:26:58,678 - INFO - Processing: BHARTIARTL.NS
2026-06-09 19:26:59,144 - INFO -   BHARTIARTL.NS: 250 rows stored in DB
2026-06-09 19:26:59,145 - INFO - Processing: KOTAKBANK.NS
2026-06-09 19:26:59,623 - INFO -   KOTAKBANK.NS: 250 rows stored in DB
2026-06-09 19:26:59,625 - INFO - Processing: LT.NS
2026-06-09 19:27:00,080 - INFO -   LT.NS: 250 rows stored in DB
2026-06-09 19:27:00,080 - INFO - Processing: AXISBANK.NS
2026-06-09 19:27:00,619 - INFO -   AXISBANK.NS: 250 rows stored in DB
2026-06-09 19:27:00,619 - INFO - Processing: BAJFINANCE.NS
2026-06-09 19:27:01,193 - INFO -   BAJFINANCE.NS: 250 rows stored in DB
2026-06-09 19:27:01,193 - INFO - Processing: ASIANPAINT.NS
2026-06-09 19:27:01,852 - INFO -   ASIANPAINT.NS: 250 rows stored in DB
2026-06-09 19:27:01,852 - INFO - Processing: MARUTI.NS
2026-06-09 19:27:02,366 - INFO -   MARUTI.NS: 250 rows stored in DB
2026-06-09 19:27:02,366 - INFO - Processing: SUNPHARMA.NS
2026-06-09 19:27:02,922 - INFO -   SUNPHARMA.NS: 250 rows stored in DB
2026-06-09 19:27:02,923 - INFO - Processing: WIPRO.NS
2026-06-09 19:27:03,417 - INFO -   WIPRO.NS: 250 rows stored in DB
2026-06-09 19:27:03,417 - INFO - Processing: POWERGRID.NS
2026-06-09 19:27:03,876 - INFO -   POWERGRID.NS: 250 rows stored in DB
2026-06-09 19:27:03,876 - INFO - Processing: NTPC.NS
2026-06-09 19:27:04,302 - INFO -   NTPC.NS: 250 rows stored in DB
2026-06-09 19:27:04,302 - INFO - Processing: ONGC.NS
2026-06-09 19:27:04,841 - INFO -   ONGC.NS: 250 rows stored in DB
2026-06-09 19:27:04,855 - INFO - Processing: ^NSEI
2026-06-09 19:27:05,326 - INFO -   ^NSEI: 247 rows stored in DB
2026-06-09 19:27:05,327 - INFO - Processing: ^NSEBANK
2026-06-09 19:27:05,881 - INFO -   ^NSEBANK: 247 rows stored in DB
2026-06-09 19:27:05,882 - INFO - Processing: ^BSESN
2026-06-09 19:27:06,381 - INFO -   ^BSESN: 247 rows stored in DB
2026-06-09 19:27:06,382 - INFO - Processing: ^NSEMDCP50
2026-06-09 19:27:06,888 - INFO -   ^NSEMDCP50: 246 rows stored in DB
2026-06-09 19:27:06,888 - INFO - Processing: NIFTY_FIN_SERVICE.NS
2026-06-09 19:27:07,367 - INFO -   NIFTY_FIN_SERVICE.NS: 246 rows stored in DB
2026-06-09 19:27:07,458 - INFO - README updated.
2026-06-09 19:27:07,466 - INFO - All done.
2026-06-09 19:28:27,608 - INFO - Processing 25 symbols
2026-06-09 19:28:27,609 - INFO - Processing: RELIANCE.NS
2026-06-09 19:28:29,042 - INFO -   RELIANCE.NS: 250 rows stored in DB
2026-06-09 19:28:29,044 - INFO - Processing: HDFCBANK.NS
2026-06-09 19:28:29,966 - INFO -   HDFCBANK.NS: 250 rows stored in DB
2026-06-09 19:28:29,967 - INFO - Processing: ICICIBANK.NS
2026-06-09 19:28:31,048 - INFO -   ICICIBANK.NS: 250 rows stored in DB
2026-06-09 19:28:31,050 - INFO - Processing: INFY.NS
2026-06-09 19:28:32,151 - INFO -   INFY.NS: 250 rows stored in DB
2026-06-09 19:28:32,152 - INFO - Processing: TCS.NS
2026-06-09 19:28:32,711 - INFO -   TCS.NS: 250 rows stored in DB
2026-06-09 19:28:32,711 - INFO - Processing: ITC.NS
2026-06-09 19:28:33,406 - INFO -   ITC.NS: 250 rows stored in DB
2026-06-09 19:28:33,406 - INFO - Processing: HINDUNILVR.NS
2026-06-09 19:28:34,149 - INFO -   HINDUNILVR.NS: 250 rows stored in DB
2026-06-09 19:28:34,149 - INFO - Processing: SBIN.NS
2026-06-09 19:28:34,671 - INFO -   SBIN.NS: 250 rows stored in DB
2026-06-09 19:28:34,672 - INFO - Processing: BHARTIARTL.NS
2026-06-09 19:28:35,293 - INFO -   BHARTIARTL.NS: 250 rows stored in DB
2026-06-09 19:28:35,294 - INFO - Processing: KOTAKBANK.NS
2026-06-09 19:28:35,859 - INFO -   KOTAKBANK.NS: 250 rows stored in DB
2026-06-09 19:28:35,860 - INFO - Processing: LT.NS
2026-06-09 19:28:36,471 - INFO -   LT.NS: 250 rows stored in DB
2026-06-09 19:28:36,471 - INFO - Processing: AXISBANK.NS
2026-06-09 19:28:37,009 - INFO -   AXISBANK.NS: 250 rows stored in DB
2026-06-09 19:28:37,009 - INFO - Processing: BAJFINANCE.NS
2026-06-09 19:28:37,525 - INFO -   BAJFINANCE.NS: 250 rows stored in DB
2026-06-09 19:28:37,525 - INFO - Processing: ASIANPAINT.NS
2026-06-09 19:28:38,119 - INFO -   ASIANPAINT.NS: 250 rows stored in DB
2026-06-09 19:28:38,119 - INFO - Processing: MARUTI.NS
2026-06-09 19:28:38,677 - INFO -   MARUTI.NS: 250 rows stored in DB
2026-06-09 19:28:38,678 - INFO - Processing: SUNPHARMA.NS
2026-06-09 19:28:39,388 - INFO -   SUNPHARMA.NS: 250 rows stored in DB
2026-06-09 19:28:39,389 - INFO - Processing: WIPRO.NS
2026-06-09 19:28:39,834 - INFO -   WIPRO.NS: 250 rows stored in DB
2026-06-09 19:28:39,834 - INFO - Processing: POWERGRID.NS
2026-06-09 19:28:40,308 - INFO -   POWERGRID.NS: 250 rows stored in DB
2026-06-09 19:28:40,309 - INFO - Processing: NTPC.NS
2026-06-09 19:28:40,844 - INFO -   NTPC.NS: 250 rows stored in DB
2026-06-09 19:28:40,846 - INFO - Processing: ONGC.NS
2026-06-09 19:28:41,465 - INFO -   ONGC.NS: 250 rows stored in DB
2026-06-09 19:28:41,466 - INFO - Processing: ^NSEI
2026-06-09 19:28:42,101 - INFO -   ^NSEI: 247 rows stored in DB
2026-06-09 19:28:42,101 - INFO - Processing: ^NSEBANK
2026-06-09 19:28:42,583 - INFO -   ^NSEBANK: 247 rows stored in DB
2026-06-09 19:28:42,583 - INFO - Processing: ^BSESN
2026-06-09 19:28:43,213 - INFO -   ^BSESN: 247 rows stored in DB
2026-06-09 19:28:43,215 - INFO - Processing: ^NSEMDCP50
2026-06-09 19:28:43,867 - INFO -   ^NSEMDCP50: 246 rows stored in DB
2026-06-09 19:28:43,868 - INFO - Processing: NIFTY_FIN_SERVICE.NS
2026-06-09 19:28:44,572 - INFO -   NIFTY_FIN_SERVICE.NS: 246 rows stored in DB
2026-06-09 19:28:44,798 - INFO - README updated.
2026-06-09 19:28:44,805 - INFO - All done.
2026-06-09 19:30:17,034 - INFO - Processing 25 symbols
2026-06-09 19:30:17,034 - INFO - Processing: RELIANCE.NS
2026-06-09 19:30:18,256 - INFO -   RELIANCE.NS: 250 rows stored in DB
2026-06-09 19:30:18,257 - INFO - Processing: HDFCBANK.NS
2026-06-09 19:30:18,780 - INFO -   HDFCBANK.NS: 250 rows stored in DB
2026-06-09 19:30:18,780 - INFO - Processing: ICICIBANK.NS
2026-06-09 19:30:19,245 - INFO -   ICICIBANK.NS: 250 rows stored in DB
2026-06-09 19:30:19,245 - INFO - Processing: INFY.NS
2026-06-09 19:30:19,926 - INFO -   INFY.NS: 250 rows stored in DB
2026-06-09 19:30:19,927 - INFO - Processing: TCS.NS
2026-06-09 19:30:20,569 - INFO -   TCS.NS: 250 rows stored in DB
2026-06-09 19:30:20,570 - INFO - Processing: ITC.NS
2026-06-09 19:30:21,114 - INFO -   ITC.NS: 250 rows stored in DB
2026-06-09 19:30:21,114 - INFO - Processing: HINDUNILVR.NS
2026-06-09 19:30:21,691 - INFO -   HINDUNILVR.NS: 250 rows stored in DB
2026-06-09 19:30:21,696 - INFO - Processing: SBIN.NS
2026-06-09 19:30:22,135 - INFO -   SBIN.NS: 250 rows stored in DB
2026-06-09 19:30:22,135 - INFO - Processing: BHARTIARTL.NS
2026-06-09 19:30:22,554 - INFO -   BHARTIARTL.NS: 250 rows stored in DB
2026-06-09 19:30:22,555 - INFO - Processing: KOTAKBANK.NS
2026-06-09 19:30:23,007 - INFO -   KOTAKBANK.NS: 250 rows stored in DB
2026-06-09 19:30:23,008 - INFO - Processing: LT.NS
2026-06-09 19:30:23,743 - INFO -   LT.NS: 250 rows stored in DB
2026-06-09 19:30:23,743 - INFO - Processing: AXISBANK.NS
2026-06-09 19:30:24,175 - INFO -   AXISBANK.NS: 250 rows stored in DB
2026-06-09 19:30:24,175 - INFO - Processing: BAJFINANCE.NS
2026-06-09 19:30:24,700 - INFO -   BAJFINANCE.NS: 250 rows stored in DB
2026-06-09 19:30:24,700 - INFO - Processing: ASIANPAINT.NS
2026-06-09 19:30:25,111 - INFO -   ASIANPAINT.NS: 250 rows stored in DB
2026-06-09 19:30:25,113 - INFO - Processing: MARUTI.NS
2026-06-09 19:30:25,748 - INFO -   MARUTI.NS: 250 rows stored in DB
2026-06-09 19:30:25,756 - INFO - Processing: SUNPHARMA.NS
2026-06-09 19:30:26,243 - INFO -   SUNPHARMA.NS: 250 rows stored in DB
2026-06-09 19:30:26,244 - INFO - Processing: WIPRO.NS
2026-06-09 19:30:26,761 - INFO -   WIPRO.NS: 250 rows stored in DB
2026-06-09 19:30:26,761 - INFO - Processing: POWERGRID.NS
2026-06-09 19:30:27,227 - INFO -   POWERGRID.NS: 250 rows stored in DB
2026-06-09 19:30:27,227 - INFO - Processing: NTPC.NS
2026-06-09 19:30:27,756 - INFO -   NTPC.NS: 250 rows stored in DB
2026-06-09 19:30:27,756 - INFO - Processing: ONGC.NS
2026-06-09 19:30:28,229 - INFO -   ONGC.NS: 250 rows stored in DB
2026-06-09 19:30:28,229 - INFO - Processing: ^NSEI
2026-06-09 19:30:28,713 - INFO -   ^NSEI: 247 rows stored in DB
2026-06-09 19:30:28,714 - INFO - Processing: ^NSEBANK
2026-06-09 19:30:29,164 - INFO -   ^NSEBANK: 247 rows stored in DB
2026-06-09 19:30:29,164 - INFO - Processing: ^BSESN
2026-06-09 19:30:29,669 - INFO -   ^BSESN: 247 rows stored in DB
2026-06-09 19:30:29,676 - INFO - Processing: ^NSEMDCP50
2026-06-09 19:30:30,427 - INFO -   ^NSEMDCP50: 246 rows stored in DB
2026-06-09 19:30:30,427 - INFO - Processing: NIFTY_FIN_SERVICE.NS
2026-06-09 19:30:30,922 - INFO -   NIFTY_FIN_SERVICE.NS: 246 rows stored in DB
2026-06-09 19:30:31,090 - INFO - README updated.
2026-06-09 19:30:31,097 - INFO - All done.
2026-06-09 19:30:47,854 - INFO - Processing 25 symbols
2026-06-09 19:30:47,854 - INFO - Processing: RELIANCE.NS
2026-06-09 19:30:49,112 - INFO -   RELIANCE.NS: 250 rows stored in DB
2026-06-09 19:30:49,113 - INFO - Processing: HDFCBANK.NS
2026-06-09 19:30:49,912 - INFO -   HDFCBANK.NS: 250 rows stored in DB
2026-06-09 19:30:49,913 - INFO - Processing: ICICIBANK.NS
2026-06-09 19:30:50,351 - INFO -   ICICIBANK.NS: 250 rows stored in DB
2026-06-09 19:30:50,352 - INFO - Processing: INFY.NS
2026-06-09 19:30:50,890 - INFO -   INFY.NS: 250 rows stored in DB
2026-06-09 19:30:50,890 - INFO - Processing: TCS.NS
2026-06-09 19:30:51,366 - INFO -   TCS.NS: 250 rows stored in DB
2026-06-09 19:30:51,367 - INFO - Processing: ITC.NS
2026-06-09 19:30:51,866 - INFO -   ITC.NS: 250 rows stored in DB
2026-06-09 19:30:51,867 - INFO - Processing: HINDUNILVR.NS
2026-06-09 19:30:52,440 - INFO -   HINDUNILVR.NS: 250 rows stored in DB
2026-06-09 19:30:52,440 - INFO - Processing: SBIN.NS
2026-06-09 19:30:52,896 - INFO -   SBIN.NS: 250 rows stored in DB
2026-06-09 19:30:52,896 - INFO - Processing: BHARTIARTL.NS
2026-06-09 19:30:53,350 - INFO -   BHARTIARTL.NS: 250 rows stored in DB
2026-06-09 19:30:53,351 - INFO - Processing: KOTAKBANK.NS
2026-06-09 19:30:53,851 - INFO -   KOTAKBANK.NS: 250 rows stored in DB
2026-06-09 19:30:53,851 - INFO - Processing: LT.NS
2026-06-09 19:30:54,374 - INFO -   LT.NS: 250 rows stored in DB
2026-06-09 19:30:54,376 - INFO - Processing: AXISBANK.NS
2026-06-09 19:30:54,886 - INFO -   AXISBANK.NS: 250 rows stored in DB
2026-06-09 19:30:54,887 - INFO - Processing: BAJFINANCE.NS
2026-06-09 19:30:55,344 - INFO -   BAJFINANCE.NS: 250 rows stored in DB
2026-06-09 19:30:55,344 - INFO - Processing: ASIANPAINT.NS
2026-06-09 19:30:55,817 - INFO -   ASIANPAINT.NS: 250 rows stored in DB
2026-06-09 19:30:55,818 - INFO - Processing: MARUTI.NS
2026-06-09 19:30:56,375 - INFO -   MARUTI.NS: 250 rows stored in DB
2026-06-09 19:30:56,375 - INFO - Processing: SUNPHARMA.NS
2026-06-09 19:30:56,859 - INFO -   SUNPHARMA.NS: 250 rows stored in DB
2026-06-09 19:30:56,859 - INFO - Processing: WIPRO.NS
2026-06-09 19:30:57,316 - INFO -   WIPRO.NS: 250 rows stored in DB
2026-06-09 19:30:57,316 - INFO - Processing: POWERGRID.NS
2026-06-09 19:30:57,743 - INFO -   POWERGRID.NS: 250 rows stored in DB
2026-06-09 19:30:57,744 - INFO - Processing: NTPC.NS
2026-06-09 19:30:58,224 - INFO -   NTPC.NS: 250 rows stored in DB
2026-06-09 19:30:58,226 - INFO - Processing: ONGC.NS
2026-06-09 19:30:58,701 - INFO -   ONGC.NS: 250 rows stored in DB
2026-06-09 19:30:58,701 - INFO - Processing: ^NSEI
2026-06-09 19:30:59,050 - INFO -   ^NSEI: 247 rows stored in DB
2026-06-09 19:30:59,050 - INFO - Processing: ^NSEBANK
2026-06-09 19:30:59,522 - INFO -   ^NSEBANK: 247 rows stored in DB
2026-06-09 19:30:59,522 - INFO - Processing: ^BSESN
2026-06-09 19:31:00,109 - INFO -   ^BSESN: 247 rows stored in DB
2026-06-09 19:31:00,110 - INFO - Processing: ^NSEMDCP50
2026-06-09 19:31:00,728 - INFO -   ^NSEMDCP50: 246 rows stored in DB
2026-06-09 19:31:00,729 - INFO - Processing: NIFTY_FIN_SERVICE.NS
2026-06-09 19:31:01,330 - INFO -   NIFTY_FIN_SERVICE.NS: 246 rows stored in DB
2026-06-09 19:31:01,547 - INFO - README updated.
2026-06-09 19:31:01,549 - INFO - All done.
2026-06-09 20:47:09,471 - INFO - Processing 25 symbols
2026-06-09 20:47:09,472 - INFO - Processing: RELIANCE.NS
2026-06-09 20:47:10,646 - INFO -   RELIANCE.NS: 250 rows stored in DB
2026-06-09 20:47:10,646 - INFO - Processing: HDFCBANK.NS
2026-06-09 20:47:11,096 - INFO -   HDFCBANK.NS: 250 rows stored in DB
2026-06-09 20:47:11,096 - INFO - Processing: ICICIBANK.NS
2026-06-09 20:47:11,690 - INFO -   ICICIBANK.NS: 250 rows stored in DB
2026-06-09 20:47:11,690 - INFO - Processing: INFY.NS
2026-06-09 20:47:12,331 - INFO -   INFY.NS: 250 rows stored in DB
2026-06-09 20:47:12,331 - INFO - Processing: TCS.NS
2026-06-09 20:47:12,980 - INFO -   TCS.NS: 250 rows stored in DB
2026-06-09 20:47:12,981 - INFO - Processing: ITC.NS
2026-06-09 20:47:13,474 - INFO -   ITC.NS: 250 rows stored in DB
2026-06-09 20:47:13,474 - INFO - Processing: HINDUNILVR.NS
2026-06-09 20:47:14,015 - INFO -   HINDUNILVR.NS: 250 rows stored in DB
2026-06-09 20:47:14,015 - INFO - Processing: SBIN.NS
2026-06-09 20:47:14,748 - INFO -   SBIN.NS: 250 rows stored in DB
2026-06-09 20:47:14,748 - INFO - Processing: BHARTIARTL.NS
2026-06-09 20:47:15,214 - INFO -   BHARTIARTL.NS: 250 rows stored in DB
2026-06-09 20:47:15,215 - INFO - Processing: KOTAKBANK.NS
2026-06-09 20:47:15,704 - INFO -   KOTAKBANK.NS: 250 rows stored in DB
2026-06-09 20:47:15,704 - INFO - Processing: LT.NS
2026-06-09 20:47:16,205 - INFO -   LT.NS: 250 rows stored in DB
2026-06-09 20:47:16,205 - INFO - Processing: AXISBANK.NS
2026-06-09 20:47:16,690 - INFO -   AXISBANK.NS: 250 rows stored in DB
2026-06-09 20:47:16,690 - INFO - Processing: BAJFINANCE.NS
2026-06-09 20:47:17,161 - INFO -   BAJFINANCE.NS: 250 rows stored in DB
2026-06-09 20:47:17,161 - INFO - Processing: ASIANPAINT.NS
2026-06-09 20:47:17,709 - INFO -   ASIANPAINT.NS: 250 rows stored in DB
2026-06-09 20:47:17,710 - INFO - Processing: MARUTI.NS
2026-06-09 20:47:18,182 - INFO -   MARUTI.NS: 250 rows stored in DB
2026-06-09 20:47:18,182 - INFO - Processing: SUNPHARMA.NS
2026-06-09 20:47:18,683 - INFO -   SUNPHARMA.NS: 250 rows stored in DB
2026-06-09 20:47:18,683 - INFO - Processing: WIPRO.NS
2026-06-09 20:47:19,405 - INFO -   WIPRO.NS: 250 rows stored in DB
2026-06-09 20:47:19,405 - INFO - Processing: POWERGRID.NS
2026-06-09 20:47:19,960 - INFO -   POWERGRID.NS: 250 rows stored in DB
2026-06-09 20:47:19,960 - INFO - Processing: NTPC.NS
2026-06-09 20:47:20,488 - INFO -   NTPC.NS: 250 rows stored in DB
2026-06-09 20:47:20,488 - INFO - Processing: ONGC.NS
2026-06-09 20:47:21,063 - INFO -   ONGC.NS: 250 rows stored in DB
2026-06-09 20:47:21,063 - INFO - Processing: ^NSEI
2026-06-09 20:47:21,577 - INFO -   ^NSEI: 247 rows stored in DB
2026-06-09 20:47:21,577 - INFO - Processing: ^NSEBANK
2026-06-09 20:47:21,981 - INFO -   ^NSEBANK: 247 rows stored in DB
2026-06-09 20:47:21,981 - INFO - Processing: ^BSESN
2026-06-09 20:47:22,430 - INFO -   ^BSESN: 247 rows stored in DB
2026-06-09 20:47:22,430 - INFO - Processing: ^NSEMDCP50
2026-06-09 20:47:22,945 - INFO -   ^NSEMDCP50: 246 rows stored in DB
2026-06-09 20:47:22,945 - INFO - Processing: NIFTY_FIN_SERVICE.NS
2026-06-09 20:47:23,362 - INFO -   NIFTY_FIN_SERVICE.NS: 246 rows stored in DB
2026-06-09 20:47:23,669 - INFO - README updated.
2026-06-09 20:47:23,671 - INFO - All done.
2026-06-09 20:48:07,003 - INFO - Processing 25 symbols
2026-06-09 20:48:07,003 - INFO - Processing: RELIANCE.NS
2026-06-09 20:48:08,024 - INFO -   RELIANCE.NS: 250 rows stored in DB
2026-06-09 20:48:08,025 - INFO - Processing: HDFCBANK.NS
2026-06-09 20:48:08,603 - INFO -   HDFCBANK.NS: 250 rows stored in DB
2026-06-09 20:48:08,604 - INFO - Processing: ICICIBANK.NS
2026-06-09 20:48:09,078 - INFO -   ICICIBANK.NS: 250 rows stored in DB
2026-06-09 20:48:09,078 - INFO - Processing: INFY.NS
2026-06-09 20:48:09,577 - INFO -   INFY.NS: 250 rows stored in DB
2026-06-09 20:48:09,577 - INFO - Processing: TCS.NS
2026-06-09 20:48:10,231 - INFO -   TCS.NS: 250 rows stored in DB
2026-06-09 20:48:10,231 - INFO - Processing: ITC.NS
2026-06-09 20:48:10,842 - INFO -   ITC.NS: 250 rows stored in DB
2026-06-09 20:48:10,842 - INFO - Processing: HINDUNILVR.NS
2026-06-09 20:48:11,366 - INFO -   HINDUNILVR.NS: 250 rows stored in DB
2026-06-09 20:48:11,366 - INFO - Processing: SBIN.NS
2026-06-09 20:48:12,039 - INFO -   SBIN.NS: 250 rows stored in DB
2026-06-09 20:48:12,040 - INFO - Processing: BHARTIARTL.NS
2026-06-09 20:48:12,577 - INFO -   BHARTIARTL.NS: 250 rows stored in DB
2026-06-09 20:48:12,577 - INFO - Processing: KOTAKBANK.NS
2026-06-09 20:48:13,126 - INFO -   KOTAKBANK.NS: 250 rows stored in DB
2026-06-09 20:48:13,126 - INFO - Processing: LT.NS
2026-06-09 20:48:13,580 - INFO -   LT.NS: 250 rows stored in DB
2026-06-09 20:48:13,580 - INFO - Processing: AXISBANK.NS
2026-06-09 20:48:14,041 - INFO -   AXISBANK.NS: 250 rows stored in DB
2026-06-09 20:48:14,041 - INFO - Processing: BAJFINANCE.NS
2026-06-09 20:48:14,513 - INFO -   BAJFINANCE.NS: 250 rows stored in DB
2026-06-09 20:48:14,513 - INFO - Processing: ASIANPAINT.NS
2026-06-09 20:48:14,998 - INFO -   ASIANPAINT.NS: 250 rows stored in DB
2026-06-09 20:48:14,998 - INFO - Processing: MARUTI.NS
2026-06-09 20:48:15,470 - INFO -   MARUTI.NS: 250 rows stored in DB
2026-06-09 20:48:15,471 - INFO - Processing: SUNPHARMA.NS
2026-06-09 20:48:16,200 - INFO -   SUNPHARMA.NS: 250 rows stored in DB
2026-06-09 20:48:16,201 - INFO - Processing: WIPRO.NS
2026-06-09 20:48:16,685 - INFO -   WIPRO.NS: 250 rows stored in DB
2026-06-09 20:48:16,686 - INFO - Processing: POWERGRID.NS
2026-06-09 20:48:17,211 - INFO -   POWERGRID.NS: 250 rows stored in DB
2026-06-09 20:48:17,211 - INFO - Processing: NTPC.NS
2026-06-09 20:48:17,801 - INFO -   NTPC.NS: 250 rows stored in DB
2026-06-09 20:48:17,802 - INFO - Processing: ONGC.NS
2026-06-09 20:48:18,358 - INFO -   ONGC.NS: 250 rows stored in DB
2026-06-09 20:48:18,359 - INFO - Processing: ^NSEI
2026-06-09 20:48:18,992 - INFO -   ^NSEI: 247 rows stored in DB
2026-06-09 20:48:18,992 - INFO - Processing: ^NSEBANK
2026-06-09 20:48:19,558 - INFO -   ^NSEBANK: 247 rows stored in DB
2026-06-09 20:48:19,558 - INFO - Processing: ^BSESN
2026-06-09 20:48:20,040 - INFO -   ^BSESN: 247 rows stored in DB
2026-06-09 20:48:20,040 - INFO - Processing: ^NSEMDCP50
2026-06-09 20:48:20,502 - INFO -   ^NSEMDCP50: 246 rows stored in DB
2026-06-09 20:48:20,503 - INFO - Processing: NIFTY_FIN_SERVICE.NS
2026-06-09 20:48:20,974 - INFO -   NIFTY_FIN_SERVICE.NS: 246 rows stored in DB
2026-06-09 20:48:21,139 - INFO - README updated.
2026-06-09 20:48:21,139 - INFO - All done.
2026-06-09 20:51:02,579 - INFO - Processing 25 symbols
2026-06-09 20:51:02,579 - INFO - Processing: RELIANCE.NS
2026-06-09 20:51:03,538 - INFO -   RELIANCE.NS: 250 rows stored in DB
2026-06-09 20:51:03,538 - INFO - Processing: HDFCBANK.NS
2026-06-09 20:51:04,002 - INFO -   HDFCBANK.NS: 250 rows stored in DB
2026-06-09 20:51:04,002 - INFO - Processing: ICICIBANK.NS
2026-06-09 20:51:04,509 - INFO -   ICICIBANK.NS: 250 rows stored in DB
2026-06-09 20:51:04,510 - INFO - Processing: INFY.NS
2026-06-09 20:51:04,954 - INFO -   INFY.NS: 250 rows stored in DB
2026-06-09 20:51:04,954 - INFO - Processing: TCS.NS
2026-06-09 20:51:05,441 - INFO -   TCS.NS: 250 rows stored in DB
2026-06-09 20:51:05,441 - INFO - Processing: ITC.NS
2026-06-09 20:51:06,048 - INFO -   ITC.NS: 250 rows stored in DB
2026-06-09 20:51:06,048 - INFO - Processing: HINDUNILVR.NS
2026-06-09 20:51:06,547 - INFO -   HINDUNILVR.NS: 250 rows stored in DB
2026-06-09 20:51:06,547 - INFO - Processing: SBIN.NS
2026-06-09 20:51:07,008 - INFO -   SBIN.NS: 250 rows stored in DB
2026-06-09 20:51:07,008 - INFO - Processing: BHARTIARTL.NS
2026-06-09 20:51:07,455 - INFO -   BHARTIARTL.NS: 250 rows stored in DB
2026-06-09 20:51:07,456 - INFO - Processing: KOTAKBANK.NS
2026-06-09 20:51:07,899 - INFO -   KOTAKBANK.NS: 250 rows stored in DB
2026-06-09 20:51:07,899 - INFO - Processing: LT.NS
2026-06-09 20:51:08,851 - INFO -   LT.NS: 250 rows stored in DB
2026-06-09 20:51:08,853 - INFO - Processing: AXISBANK.NS
2026-06-09 20:51:09,377 - INFO -   AXISBANK.NS: 250 rows stored in DB
2026-06-09 20:51:09,378 - INFO - Processing: BAJFINANCE.NS
2026-06-09 20:51:10,989 - INFO -   BAJFINANCE.NS: 250 rows stored in DB
2026-06-09 20:51:10,989 - INFO - Processing: ASIANPAINT.NS
2026-06-09 20:51:12,343 - INFO -   ASIANPAINT.NS: 250 rows stored in DB
2026-06-09 20:51:12,343 - INFO - Processing: MARUTI.NS
2026-06-09 20:51:13,833 - INFO -   MARUTI.NS: 250 rows stored in DB
2026-06-09 20:51:13,834 - INFO - Processing: SUNPHARMA.NS
2026-06-09 20:51:14,915 - INFO -   SUNPHARMA.NS: 250 rows stored in DB
2026-06-09 20:51:14,915 - INFO - Processing: WIPRO.NS
2026-06-09 20:51:17,703 - INFO -   WIPRO.NS: 250 rows stored in DB
2026-06-09 20:51:17,707 - INFO - Processing: POWERGRID.NS
2026-06-09 20:51:20,037 - INFO -   POWERGRID.NS: 250 rows stored in DB
2026-06-09 20:51:20,037 - INFO - Processing: NTPC.NS
2026-06-09 20:51:21,822 - INFO -   NTPC.NS: 250 rows stored in DB
2026-06-09 20:51:21,822 - INFO - Processing: ONGC.NS
2026-06-09 20:51:23,072 - INFO -   ONGC.NS: 250 rows stored in DB
2026-06-09 20:51:23,073 - INFO - Processing: ^NSEI
2026-06-09 20:51:24,066 - INFO -   ^NSEI: 247 rows stored in DB
2026-06-09 20:51:24,066 - INFO - Processing: ^NSEBANK
2026-06-09 20:51:24,646 - INFO -   ^NSEBANK: 247 rows stored in DB
2026-06-09 20:51:24,647 - INFO - Processing: ^BSESN
2026-06-09 20:51:25,354 - INFO -   ^BSESN: 247 rows stored in DB
2026-06-09 20:51:25,355 - INFO - Processing: ^NSEMDCP50
2026-06-09 20:51:25,975 - INFO -   ^NSEMDCP50: 246 rows stored in DB
2026-06-09 20:51:25,976 - INFO - Processing: NIFTY_FIN_SERVICE.NS
2026-06-09 20:51:26,827 - INFO -   NIFTY_FIN_SERVICE.NS: 246 rows stored in DB
2026-06-09 20:51:27,016 - INFO - README updated.
2026-06-09 20:51:27,018 - INFO - All done.
2026-06-09 20:55:11,997 - INFO - Processing 25 symbols
2026-06-09 20:55:11,997 - INFO - Processing: RELIANCE.NS
2026-06-09 20:55:13,348 - INFO -   RELIANCE.NS: 374 rows stored in DB
2026-06-09 20:55:13,348 - INFO - Processing: HDFCBANK.NS
2026-06-09 20:55:13,772 - INFO -   HDFCBANK.NS: 374 rows stored in DB
2026-06-09 20:55:13,772 - INFO - Processing: ICICIBANK.NS
2026-06-09 20:55:14,209 - INFO -   ICICIBANK.NS: 374 rows stored in DB
2026-06-09 20:55:14,209 - INFO - Processing: INFY.NS
2026-06-09 20:55:14,692 - INFO -   INFY.NS: 374 rows stored in DB
2026-06-09 20:55:14,693 - INFO - Processing: TCS.NS
2026-06-09 20:55:15,183 - INFO -   TCS.NS: 374 rows stored in DB
2026-06-09 20:55:15,183 - INFO - Processing: ITC.NS
2026-06-09 20:55:15,602 - INFO -   ITC.NS: 374 rows stored in DB
2026-06-09 20:55:15,602 - INFO - Processing: HINDUNILVR.NS
2026-06-09 20:55:16,110 - INFO -   HINDUNILVR.NS: 374 rows stored in DB
2026-06-09 20:55:16,110 - INFO - Processing: SBIN.NS
2026-06-09 20:55:17,024 - INFO -   SBIN.NS: 374 rows stored in DB
2026-06-09 20:55:17,024 - INFO - Processing: BHARTIARTL.NS
2026-06-09 20:55:18,138 - INFO -   BHARTIARTL.NS: 374 rows stored in DB
2026-06-09 20:55:18,138 - INFO - Processing: KOTAKBANK.NS
2026-06-09 20:55:18,727 - INFO -   KOTAKBANK.NS: 374 rows stored in DB
2026-06-09 20:55:18,727 - INFO - Processing: LT.NS
2026-06-09 20:55:19,227 - INFO -   LT.NS: 374 rows stored in DB
2026-06-09 20:55:19,227 - INFO - Processing: AXISBANK.NS
2026-06-09 20:55:19,699 - INFO -   AXISBANK.NS: 374 rows stored in DB
2026-06-09 20:55:19,699 - INFO - Processing: BAJFINANCE.NS
2026-06-09 20:55:20,193 - INFO -   BAJFINANCE.NS: 374 rows stored in DB
2026-06-09 20:55:20,193 - INFO - Processing: ASIANPAINT.NS
2026-06-09 20:55:20,692 - INFO -   ASIANPAINT.NS: 374 rows stored in DB
2026-06-09 20:55:20,692 - INFO - Processing: MARUTI.NS
2026-06-09 20:55:21,205 - INFO -   MARUTI.NS: 374 rows stored in DB
2026-06-09 20:55:21,206 - INFO - Processing: SUNPHARMA.NS
2026-06-09 20:55:21,681 - INFO -   SUNPHARMA.NS: 374 rows stored in DB
2026-06-09 20:55:21,682 - INFO - Processing: WIPRO.NS
2026-06-09 20:55:22,153 - INFO -   WIPRO.NS: 374 rows stored in DB
2026-06-09 20:55:22,153 - INFO - Processing: POWERGRID.NS
2026-06-09 20:55:22,860 - INFO -   POWERGRID.NS: 374 rows stored in DB
2026-06-09 20:55:22,860 - INFO - Processing: NTPC.NS
2026-06-09 20:55:23,420 - INFO -   NTPC.NS: 374 rows stored in DB
2026-06-09 20:55:23,420 - INFO - Processing: ONGC.NS
2026-06-09 20:55:23,928 - INFO -   ONGC.NS: 374 rows stored in DB
2026-06-09 20:55:23,928 - INFO - Processing: ^NSEI
2026-06-09 20:55:24,447 - INFO -   ^NSEI: 369 rows stored in DB
2026-06-09 20:55:24,447 - INFO - Processing: ^NSEBANK
2026-06-09 20:55:24,915 - INFO -   ^NSEBANK: 369 rows stored in DB
2026-06-09 20:55:24,915 - INFO - Processing: ^BSESN
2026-06-09 20:55:25,369 - INFO -   ^BSESN: 374 rows stored in DB
2026-06-09 20:55:25,370 - INFO - Processing: ^NSEMDCP50
2026-06-09 20:55:25,818 - INFO -   ^NSEMDCP50: 369 rows stored in DB
2026-06-09 20:55:25,818 - INFO - Processing: NIFTY_FIN_SERVICE.NS
2026-06-09 20:55:26,364 - INFO -   NIFTY_FIN_SERVICE.NS: 369 rows stored in DB
2026-06-09 20:55:26,487 - INFO - README updated.
2026-06-09 20:55:26,488 - INFO - All done.
2026-06-10 07:11:06,062 - INFO - Processing 25 symbols
2026-06-10 07:11:06,062 - INFO - Processing: RELIANCE.NS
2026-06-10 07:11:06,618 - INFO -   RELIANCE.NS: 206 rows stored in DB
2026-06-10 07:11:06,618 - INFO - Processing: HDFCBANK.NS
2026-06-10 07:11:06,870 - INFO -   HDFCBANK.NS: 206 rows stored in DB
2026-06-10 07:11:06,870 - INFO - Processing: ICICIBANK.NS
2026-06-10 07:11:07,109 - INFO -   ICICIBANK.NS: 206 rows stored in DB
2026-06-10 07:11:07,110 - INFO - Processing: INFY.NS
2026-06-10 07:11:07,360 - INFO -   INFY.NS: 206 rows stored in DB
2026-06-10 07:11:07,360 - INFO - Processing: TCS.NS
2026-06-10 07:11:07,597 - INFO -   TCS.NS: 206 rows stored in DB
2026-06-10 07:11:07,597 - INFO - Processing: ITC.NS
2026-06-10 07:11:08,086 - INFO -   ITC.NS: 206 rows stored in DB
2026-06-10 07:11:08,086 - INFO - Processing: HINDUNILVR.NS
2026-06-10 07:11:08,385 - INFO -   HINDUNILVR.NS: 206 rows stored in DB
2026-06-10 07:11:08,385 - INFO - Processing: SBIN.NS
2026-06-10 07:11:09,334 - INFO -   SBIN.NS: 206 rows stored in DB
2026-06-10 07:11:09,334 - INFO - Processing: BHARTIARTL.NS
2026-06-10 07:11:09,595 - INFO -   BHARTIARTL.NS: 206 rows stored in DB
2026-06-10 07:11:09,595 - INFO - Processing: KOTAKBANK.NS
2026-06-10 07:11:09,842 - INFO -   KOTAKBANK.NS: 206 rows stored in DB
2026-06-10 07:11:09,842 - INFO - Processing: LT.NS
2026-06-10 07:11:10,077 - INFO -   LT.NS: 206 rows stored in DB
2026-06-10 07:11:10,078 - INFO - Processing: AXISBANK.NS
2026-06-10 07:11:10,313 - INFO -   AXISBANK.NS: 206 rows stored in DB
2026-06-10 07:11:10,313 - INFO - Processing: BAJFINANCE.NS
2026-06-10 07:11:10,547 - INFO -   BAJFINANCE.NS: 206 rows stored in DB
2026-06-10 07:11:10,548 - INFO - Processing: ASIANPAINT.NS
2026-06-10 07:11:10,782 - INFO -   ASIANPAINT.NS: 206 rows stored in DB
2026-06-10 07:11:10,782 - INFO - Processing: MARUTI.NS
2026-06-10 07:11:11,008 - INFO -   MARUTI.NS: 206 rows stored in DB
2026-06-10 07:11:11,008 - INFO - Processing: SUNPHARMA.NS
2026-06-10 07:11:11,253 - INFO -   SUNPHARMA.NS: 206 rows stored in DB
2026-06-10 07:11:11,253 - INFO - Processing: WIPRO.NS
2026-06-10 07:11:11,491 - INFO -   WIPRO.NS: 206 rows stored in DB
2026-06-10 07:11:11,491 - INFO - Processing: POWERGRID.NS
2026-06-10 07:11:11,721 - INFO -   POWERGRID.NS: 206 rows stored in DB
2026-06-10 07:11:11,721 - INFO - Processing: NTPC.NS
2026-06-10 07:11:11,961 - INFO -   NTPC.NS: 206 rows stored in DB
2026-06-10 07:11:11,961 - INFO - Processing: ONGC.NS
2026-06-10 07:11:12,211 - INFO -   ONGC.NS: 206 rows stored in DB
2026-06-10 07:11:12,212 - INFO - Processing: ^NSEI
2026-06-10 07:11:12,441 - INFO -   ^NSEI: 206 rows stored in DB
2026-06-10 07:11:12,441 - INFO - Processing: ^NSEBANK
2026-06-10 07:11:12,641 - INFO -   ^NSEBANK: 206 rows stored in DB
2026-06-10 07:11:12,641 - INFO - Processing: ^BSESN
2026-06-10 07:11:12,867 - INFO -   ^BSESN: 191 rows stored in DB
2026-06-10 07:11:12,867 - INFO - Processing: ^NSEMDCP50
2026-06-10 07:11:13,069 - INFO -   ^NSEMDCP50: 206 rows stored in DB
2026-06-10 07:11:13,069 - INFO - Processing: NIFTY_FIN_SERVICE.NS
2026-06-10 07:11:13,266 - INFO -   NIFTY_FIN_SERVICE.NS: 206 rows stored in DB
2026-06-10 07:11:13,333 - INFO - README updated.
2026-06-10 07:11:13,333 - INFO - All done.
2026-06-10 11:05:18,647 - INFO - Processing 25 symbols
2026-06-10 11:05:18,647 - INFO - Processing: RELIANCE.NS
2026-06-10 11:05:19,098 - INFO -   RELIANCE.NS: 374 rows stored in DB
2026-06-10 11:05:19,098 - INFO - Processing: HDFCBANK.NS
2026-06-10 11:05:19,474 - INFO -   HDFCBANK.NS: 374 rows stored in DB
2026-06-10 11:05:19,474 - INFO - Processing: ICICIBANK.NS
2026-06-10 11:05:19,814 - INFO -   ICICIBANK.NS: 374 rows stored in DB
2026-06-10 11:05:19,814 - INFO - Processing: INFY.NS
2026-06-10 11:05:20,162 - INFO -   INFY.NS: 374 rows stored in DB
2026-06-10 11:05:20,162 - INFO - Processing: TCS.NS
2026-06-10 11:05:20,502 - INFO -   TCS.NS: 374 rows stored in DB
2026-06-10 11:05:20,502 - INFO - Processing: ITC.NS
2026-06-10 11:05:20,845 - INFO -   ITC.NS: 374 rows stored in DB
2026-06-10 11:05:20,845 - INFO - Processing: HINDUNILVR.NS
2026-06-10 11:05:21,189 - INFO -   HINDUNILVR.NS: 374 rows stored in DB
2026-06-10 11:05:21,189 - INFO - Processing: SBIN.NS
2026-06-10 11:05:21,541 - INFO -   SBIN.NS: 374 rows stored in DB
2026-06-10 11:05:21,541 - INFO - Processing: BHARTIARTL.NS
2026-06-10 11:05:22,361 - INFO -   BHARTIARTL.NS: 374 rows stored in DB
2026-06-10 11:05:22,361 - INFO - Processing: KOTAKBANK.NS
2026-06-10 11:05:22,700 - INFO -   KOTAKBANK.NS: 374 rows stored in DB
2026-06-10 11:05:22,700 - INFO - Processing: LT.NS
2026-06-10 11:05:23,084 - INFO -   LT.NS: 374 rows stored in DB
2026-06-10 11:05:23,084 - INFO - Processing: AXISBANK.NS
2026-06-10 11:05:23,428 - INFO -   AXISBANK.NS: 374 rows stored in DB
2026-06-10 11:05:23,428 - INFO - Processing: BAJFINANCE.NS
2026-06-10 11:05:23,759 - INFO -   BAJFINANCE.NS: 374 rows stored in DB
2026-06-10 11:05:23,759 - INFO - Processing: ASIANPAINT.NS
2026-06-10 11:05:24,146 - INFO -   ASIANPAINT.NS: 374 rows stored in DB
2026-06-10 11:05:24,146 - INFO - Processing: MARUTI.NS
2026-06-10 11:05:24,486 - INFO -   MARUTI.NS: 374 rows stored in DB
2026-06-10 11:05:24,486 - INFO - Processing: SUNPHARMA.NS
2026-06-10 11:05:24,837 - INFO -   SUNPHARMA.NS: 374 rows stored in DB
2026-06-10 11:05:24,837 - INFO - Processing: WIPRO.NS
2026-06-10 11:05:25,182 - INFO -   WIPRO.NS: 374 rows stored in DB
2026-06-10 11:05:25,182 - INFO - Processing: POWERGRID.NS
2026-06-10 11:05:25,521 - INFO -   POWERGRID.NS: 374 rows stored in DB
2026-06-10 11:05:25,521 - INFO - Processing: NTPC.NS
2026-06-10 11:05:25,860 - INFO -   NTPC.NS: 374 rows stored in DB
2026-06-10 11:05:25,860 - INFO - Processing: ONGC.NS
2026-06-10 11:05:26,216 - INFO -   ONGC.NS: 374 rows stored in DB
2026-06-10 11:05:26,216 - INFO - Processing: ^NSEI
2026-06-10 11:05:26,516 - INFO -   ^NSEI: 374 rows stored in DB
2026-06-10 11:05:26,516 - INFO - Processing: ^NSEBANK
2026-06-10 11:05:26,808 - INFO -   ^NSEBANK: 374 rows stored in DB
2026-06-10 11:05:26,809 - INFO - Processing: ^BSESN
2026-06-10 11:05:27,129 - INFO -   ^BSESN: 374 rows stored in DB
2026-06-10 11:05:27,130 - INFO - Processing: ^NSEMDCP50
2026-06-10 11:05:27,416 - INFO -   ^NSEMDCP50: 374 rows stored in DB
2026-06-10 11:05:27,416 - INFO - Processing: NIFTY_FIN_SERVICE.NS
2026-06-10 11:05:27,715 - INFO -   NIFTY_FIN_SERVICE.NS: 374 rows stored in DB
2026-06-10 11:05:27,784 - INFO - README updated.
2026-06-10 11:05:27,784 - INFO - All done.
2026-06-11 11:12:41,635 - INFO - Processing 25 symbols
2026-06-11 11:12:41,652 - INFO - Processing: RELIANCE.NS
2026-06-11 11:12:43,093 - INFO -   RELIANCE.NS: 117 rows stored in DB
2026-06-11 11:12:43,095 - INFO - Processing: HDFCBANK.NS
2026-06-11 11:12:43,632 - INFO -   HDFCBANK.NS: 117 rows stored in DB
2026-06-11 11:12:43,633 - INFO - Processing: ICICIBANK.NS
2026-06-11 11:12:44,010 - INFO -   ICICIBANK.NS: 117 rows stored in DB
2026-06-11 11:12:44,011 - INFO - Processing: INFY.NS
2026-06-11 11:12:44,380 - INFO -   INFY.NS: 117 rows stored in DB
2026-06-11 11:12:44,380 - INFO - Processing: TCS.NS
2026-06-11 11:12:44,783 - INFO -   TCS.NS: 117 rows stored in DB
2026-06-11 11:12:44,784 - INFO - Processing: ITC.NS
2026-06-11 11:12:45,264 - INFO -   ITC.NS: 117 rows stored in DB
2026-06-11 11:12:45,264 - INFO - Processing: HINDUNILVR.NS
2026-06-11 11:12:45,692 - INFO -   HINDUNILVR.NS: 117 rows stored in DB
2026-06-11 11:12:45,694 - INFO - Processing: SBIN.NS
2026-06-11 11:12:46,217 - INFO -   SBIN.NS: 117 rows stored in DB
2026-06-11 11:12:46,217 - INFO - Processing: BHARTIARTL.NS
2026-06-11 11:12:46,613 - INFO -   BHARTIARTL.NS: 117 rows stored in DB
2026-06-11 11:12:46,614 - INFO - Processing: KOTAKBANK.NS
2026-06-11 11:12:47,498 - INFO -   KOTAKBANK.NS: 117 rows stored in DB
2026-06-11 11:12:47,499 - INFO - Processing: LT.NS
2026-06-11 11:12:48,284 - INFO -   LT.NS: 117 rows stored in DB
2026-06-11 11:12:48,285 - INFO - Processing: AXISBANK.NS
2026-06-11 11:12:49,077 - INFO -   AXISBANK.NS: 117 rows stored in DB
2026-06-11 11:12:49,078 - INFO - Processing: BAJFINANCE.NS
2026-06-11 11:12:49,866 - INFO -   BAJFINANCE.NS: 117 rows stored in DB
2026-06-11 11:12:49,867 - INFO - Processing: ASIANPAINT.NS
2026-06-11 11:12:50,611 - INFO -   ASIANPAINT.NS: 117 rows stored in DB
2026-06-11 11:12:50,611 - INFO - Processing: MARUTI.NS
2026-06-11 11:12:51,333 - INFO -   MARUTI.NS: 117 rows stored in DB
2026-06-11 11:12:51,334 - INFO - Processing: SUNPHARMA.NS
2026-06-11 11:12:52,604 - INFO -   SUNPHARMA.NS: 117 rows stored in DB
2026-06-11 11:12:52,605 - INFO - Processing: WIPRO.NS
2026-06-11 11:12:53,336 - INFO -   WIPRO.NS: 117 rows stored in DB
2026-06-11 11:12:53,336 - INFO - Processing: POWERGRID.NS
2026-06-11 11:12:54,079 - INFO -   POWERGRID.NS: 117 rows stored in DB
2026-06-11 11:12:54,081 - INFO - Processing: NTPC.NS
2026-06-11 11:12:54,876 - INFO -   NTPC.NS: 117 rows stored in DB
2026-06-11 11:12:54,876 - INFO - Processing: ONGC.NS
2026-06-11 11:12:55,594 - INFO -   ONGC.NS: 117 rows stored in DB
2026-06-11 11:12:55,596 - INFO - Processing: ^NSEI
2026-06-11 11:12:56,200 - INFO -   ^NSEI: 117 rows stored in DB
2026-06-11 11:12:56,201 - INFO - Processing: ^NSEBANK
2026-06-11 11:12:56,861 - INFO -   ^NSEBANK: 117 rows stored in DB
2026-06-11 11:12:56,862 - INFO - Processing: ^BSESN
2026-06-11 11:12:57,511 - INFO -   ^BSESN: 102 rows stored in DB
2026-06-11 11:12:57,512 - INFO - Processing: ^NSEMDCP50
2026-06-11 11:12:58,240 - INFO -   ^NSEMDCP50: 117 rows stored in DB
2026-06-11 11:12:58,243 - INFO - Processing: NIFTY_FIN_SERVICE.NS
2026-06-11 11:12:59,073 - INFO -   NIFTY_FIN_SERVICE.NS: 117 rows stored in DB
2026-06-11 11:12:59,530 - INFO - README updated.
2026-06-11 11:12:59,534 - INFO - All done.
2026-06-11 08:05:38,809 - INFO - Processing 25 symbols
2026-06-11 08:05:38,809 - INFO - Processing: RELIANCE.NS
2026-06-11 08:05:39,975 - INFO -   RELIANCE.NS: 1760 rows stored in DB
2026-06-11 08:05:39,975 - INFO - Processing: HDFCBANK.NS
2026-06-11 08:05:41,078 - INFO -   HDFCBANK.NS: 1760 rows stored in DB
2026-06-11 08:05:41,078 - INFO - Processing: ICICIBANK.NS
2026-06-11 08:05:41,930 - INFO -   ICICIBANK.NS: 1760 rows stored in DB
2026-06-11 08:05:41,930 - INFO - Processing: INFY.NS
2026-06-11 08:05:42,816 - INFO -   INFY.NS: 1760 rows stored in DB
2026-06-11 08:05:42,816 - INFO - Processing: TCS.NS
2026-06-11 08:05:43,738 - INFO -   TCS.NS: 1760 rows stored in DB
2026-06-11 08:05:43,738 - INFO - Processing: ITC.NS
2026-06-11 08:05:44,611 - INFO -   ITC.NS: 1760 rows stored in DB
2026-06-11 08:05:44,612 - INFO - Processing: HINDUNILVR.NS
2026-06-11 08:05:45,471 - INFO -   HINDUNILVR.NS: 1760 rows stored in DB
2026-06-11 08:05:45,471 - INFO - Processing: SBIN.NS
2026-06-11 08:05:46,461 - INFO -   SBIN.NS: 1760 rows stored in DB
2026-06-11 08:05:46,461 - INFO - Processing: BHARTIARTL.NS
2026-06-11 08:05:47,537 - INFO -   BHARTIARTL.NS: 1760 rows stored in DB
2026-06-11 08:05:47,538 - INFO - Processing: KOTAKBANK.NS
2026-06-11 08:05:48,517 - INFO -   KOTAKBANK.NS: 1760 rows stored in DB
2026-06-11 08:05:48,517 - INFO - Processing: LT.NS
2026-06-11 08:05:49,484 - INFO -   LT.NS: 1760 rows stored in DB
2026-06-11 08:05:49,484 - INFO - Processing: AXISBANK.NS
2026-06-11 08:05:50,607 - INFO -   AXISBANK.NS: 1760 rows stored in DB
2026-06-11 08:05:50,607 - INFO - Processing: BAJFINANCE.NS
2026-06-11 08:05:51,536 - INFO -   BAJFINANCE.NS: 1760 rows stored in DB
2026-06-11 08:05:51,536 - INFO - Processing: ASIANPAINT.NS
2026-06-11 08:05:52,586 - INFO -   ASIANPAINT.NS: 1760 rows stored in DB
2026-06-11 08:05:52,586 - INFO - Processing: MARUTI.NS
2026-06-11 08:05:53,543 - INFO -   MARUTI.NS: 1760 rows stored in DB
2026-06-11 08:05:53,544 - INFO - Processing: SUNPHARMA.NS
2026-06-11 08:05:54,409 - INFO -   SUNPHARMA.NS: 1760 rows stored in DB
2026-06-11 08:05:54,410 - INFO - Processing: WIPRO.NS
2026-06-11 08:05:55,275 - INFO -   WIPRO.NS: 1760 rows stored in DB
2026-06-11 08:05:55,276 - INFO - Processing: POWERGRID.NS
2026-06-11 08:05:56,204 - INFO -   POWERGRID.NS: 1760 rows stored in DB
2026-06-11 08:05:56,204 - INFO - Processing: NTPC.NS
2026-06-11 08:05:57,136 - INFO -   NTPC.NS: 1760 rows stored in DB
2026-06-11 08:05:57,136 - INFO - Processing: ONGC.NS
2026-06-11 08:05:58,038 - INFO -   ONGC.NS: 1760 rows stored in DB
2026-06-11 08:05:58,038 - INFO - Processing: ^NSEI
2026-06-11 08:05:58,948 - INFO -   ^NSEI: 1755 rows stored in DB
2026-06-11 08:05:58,948 - INFO - Processing: ^NSEBANK
2026-06-11 08:05:59,692 - INFO -   ^NSEBANK: 1755 rows stored in DB
2026-06-11 08:05:59,692 - INFO - Processing: ^BSESN
2026-06-11 08:06:00,540 - INFO -   ^BSESN: 1745 rows stored in DB
2026-06-11 08:06:00,540 - INFO - Processing: ^NSEMDCP50
2026-06-11 08:06:01,488 - INFO -   ^NSEMDCP50: 1755 rows stored in DB
2026-06-11 08:06:01,488 - INFO - Processing: NIFTY_FIN_SERVICE.NS
2026-06-11 08:06:02,257 - INFO -   NIFTY_FIN_SERVICE.NS: 1756 rows stored in DB
2026-06-11 08:06:02,316 - INFO - README updated.
2026-06-11 08:06:02,316 - INFO - All done.
2026-06-11 12:17:33,549 - INFO - Processing 25 symbols
2026-06-11 12:17:33,549 - INFO - Processing: RELIANCE.NS
2026-06-11 12:17:34,655 - INFO -   RELIANCE.NS: 1874 rows stored in DB
2026-06-11 12:17:34,655 - INFO - Processing: HDFCBANK.NS
2026-06-11 12:17:35,667 - INFO -   HDFCBANK.NS: 1874 rows stored in DB
2026-06-11 12:17:35,667 - INFO - Processing: ICICIBANK.NS
2026-06-11 12:17:36,842 - INFO -   ICICIBANK.NS: 1874 rows stored in DB
2026-06-11 12:17:36,842 - INFO - Processing: INFY.NS
2026-06-11 12:17:37,843 - INFO -   INFY.NS: 1874 rows stored in DB
2026-06-11 12:17:37,844 - INFO - Processing: TCS.NS
2026-06-11 12:17:39,007 - INFO -   TCS.NS: 1874 rows stored in DB
2026-06-11 12:17:39,007 - INFO - Processing: ITC.NS
2026-06-11 12:17:40,059 - INFO -   ITC.NS: 1874 rows stored in DB
2026-06-11 12:17:40,059 - INFO - Processing: HINDUNILVR.NS
2026-06-11 12:17:41,229 - INFO -   HINDUNILVR.NS: 1874 rows stored in DB
2026-06-11 12:17:41,229 - INFO - Processing: SBIN.NS
2026-06-11 12:17:42,256 - INFO -   SBIN.NS: 1874 rows stored in DB
2026-06-11 12:17:42,256 - INFO - Processing: BHARTIARTL.NS
2026-06-11 12:17:43,315 - INFO -   BHARTIARTL.NS: 1874 rows stored in DB
2026-06-11 12:17:43,316 - INFO - Processing: KOTAKBANK.NS
2026-06-11 12:17:44,275 - INFO -   KOTAKBANK.NS: 1874 rows stored in DB
2026-06-11 12:17:44,275 - INFO - Processing: LT.NS
2026-06-11 12:17:45,406 - INFO -   LT.NS: 1874 rows stored in DB
2026-06-11 12:17:45,407 - INFO - Processing: AXISBANK.NS
2026-06-11 12:17:46,354 - INFO -   AXISBANK.NS: 1874 rows stored in DB
2026-06-11 12:17:46,355 - INFO - Processing: BAJFINANCE.NS
2026-06-11 12:17:47,510 - INFO -   BAJFINANCE.NS: 1874 rows stored in DB
2026-06-11 12:17:47,510 - INFO - Processing: ASIANPAINT.NS
2026-06-11 12:17:48,526 - INFO -   ASIANPAINT.NS: 1874 rows stored in DB
2026-06-11 12:17:48,526 - INFO - Processing: MARUTI.NS
2026-06-11 12:17:49,567 - INFO -   MARUTI.NS: 1874 rows stored in DB
2026-06-11 12:17:49,567 - INFO - Processing: SUNPHARMA.NS
2026-06-11 12:17:50,616 - INFO -   SUNPHARMA.NS: 1874 rows stored in DB
2026-06-11 12:17:50,616 - INFO - Processing: WIPRO.NS
2026-06-11 12:17:51,681 - INFO -   WIPRO.NS: 1874 rows stored in DB
2026-06-11 12:17:51,681 - INFO - Processing: POWERGRID.NS
2026-06-11 12:17:52,642 - INFO -   POWERGRID.NS: 1874 rows stored in DB
2026-06-11 12:17:52,643 - INFO - Processing: NTPC.NS
2026-06-11 12:17:53,594 - INFO -   NTPC.NS: 1874 rows stored in DB
2026-06-11 12:17:53,595 - INFO - Processing: ONGC.NS
2026-06-11 12:17:54,735 - INFO -   ONGC.NS: 1874 rows stored in DB
2026-06-11 12:17:54,735 - INFO - Processing: ^NSEI
2026-06-11 12:17:55,631 - INFO -   ^NSEI: 1869 rows stored in DB
2026-06-11 12:17:55,631 - INFO - Processing: ^NSEBANK
2026-06-11 12:17:56,484 - INFO -   ^NSEBANK: 1869 rows stored in DB
2026-06-11 12:17:56,484 - INFO - Processing: ^BSESN
2026-06-11 12:17:57,291 - INFO -   ^BSESN: 1874 rows stored in DB
2026-06-11 12:17:57,292 - INFO - Processing: ^NSEMDCP50
2026-06-11 12:17:58,304 - INFO -   ^NSEMDCP50: 1869 rows stored in DB
2026-06-11 12:17:58,304 - INFO - Processing: NIFTY_FIN_SERVICE.NS
2026-06-11 12:17:59,310 - INFO -   NIFTY_FIN_SERVICE.NS: 1869 rows stored in DB
2026-06-11 12:17:59,368 - INFO - README updated.
2026-06-11 12:17:59,368 - INFO - All done.
2026-06-12 07:24:28,338 - INFO - Processing 25 symbols
2026-06-12 07:24:28,339 - INFO - Processing: RELIANCE.NS
2026-06-12 07:24:29,567 - INFO -   RELIANCE.NS: 1719 rows stored in DB
2026-06-12 07:24:29,567 - INFO - Processing: HDFCBANK.NS
2026-06-12 07:24:30,499 - INFO -   HDFCBANK.NS: 1719 rows stored in DB
2026-06-12 07:24:30,499 - INFO - Processing: ICICIBANK.NS
2026-06-12 07:24:31,397 - INFO -   ICICIBANK.NS: 1719 rows stored in DB
2026-06-12 07:24:31,397 - INFO - Processing: INFY.NS
2026-06-12 07:24:32,360 - INFO -   INFY.NS: 1719 rows stored in DB
2026-06-12 07:24:32,360 - INFO - Processing: TCS.NS
2026-06-12 07:24:33,253 - INFO -   TCS.NS: 1719 rows stored in DB
2026-06-12 07:24:33,253 - INFO - Processing: ITC.NS
2026-06-12 07:24:34,190 - INFO -   ITC.NS: 1719 rows stored in DB
2026-06-12 07:24:34,190 - INFO - Processing: HINDUNILVR.NS
2026-06-12 07:24:35,116 - INFO -   HINDUNILVR.NS: 1719 rows stored in DB
2026-06-12 07:24:35,116 - INFO - Processing: SBIN.NS
2026-06-12 07:24:36,027 - INFO -   SBIN.NS: 1719 rows stored in DB
2026-06-12 07:24:36,028 - INFO - Processing: BHARTIARTL.NS
2026-06-12 07:24:36,950 - INFO -   BHARTIARTL.NS: 1719 rows stored in DB
2026-06-12 07:24:36,950 - INFO - Processing: KOTAKBANK.NS
2026-06-12 07:24:37,862 - INFO -   KOTAKBANK.NS: 1719 rows stored in DB
2026-06-12 07:24:37,862 - INFO - Processing: LT.NS
2026-06-12 07:24:38,772 - INFO -   LT.NS: 1719 rows stored in DB
2026-06-12 07:24:38,773 - INFO - Processing: AXISBANK.NS
2026-06-12 07:24:39,725 - INFO -   AXISBANK.NS: 1719 rows stored in DB
2026-06-12 07:24:39,725 - INFO - Processing: BAJFINANCE.NS
2026-06-12 07:24:40,637 - INFO -   BAJFINANCE.NS: 1719 rows stored in DB
2026-06-12 07:24:40,637 - INFO - Processing: ASIANPAINT.NS
2026-06-12 07:24:41,578 - INFO -   ASIANPAINT.NS: 1719 rows stored in DB
2026-06-12 07:24:41,578 - INFO - Processing: MARUTI.NS
2026-06-12 07:24:42,488 - INFO -   MARUTI.NS: 1719 rows stored in DB
2026-06-12 07:24:42,488 - INFO - Processing: SUNPHARMA.NS
2026-06-12 07:24:43,410 - INFO -   SUNPHARMA.NS: 1719 rows stored in DB
2026-06-12 07:24:43,410 - INFO - Processing: WIPRO.NS
2026-06-12 07:24:44,404 - INFO -   WIPRO.NS: 1719 rows stored in DB
2026-06-12 07:24:44,405 - INFO - Processing: POWERGRID.NS
2026-06-12 07:24:45,349 - INFO -   POWERGRID.NS: 1719 rows stored in DB
2026-06-12 07:24:45,349 - INFO - Processing: NTPC.NS
2026-06-12 07:24:46,282 - INFO -   NTPC.NS: 1719 rows stored in DB
2026-06-12 07:24:46,282 - INFO - Processing: ONGC.NS
2026-06-12 07:24:47,231 - INFO -   ONGC.NS: 1719 rows stored in DB
2026-06-12 07:24:47,231 - INFO - Processing: ^NSEI
2026-06-12 07:24:48,033 - INFO -   ^NSEI: 1714 rows stored in DB
2026-06-12 07:24:48,033 - INFO - Processing: ^NSEBANK
2026-06-12 07:24:48,905 - INFO -   ^NSEBANK: 1714 rows stored in DB
2026-06-12 07:24:48,905 - INFO - Processing: ^BSESN
2026-06-12 07:24:49,735 - INFO -   ^BSESN: 1704 rows stored in DB
2026-06-12 07:24:49,735 - INFO - Processing: ^NSEMDCP50
2026-06-12 07:24:50,556 - INFO -   ^NSEMDCP50: 1714 rows stored in DB
2026-06-12 07:24:50,556 - INFO - Processing: NIFTY_FIN_SERVICE.NS
2026-06-12 07:24:51,354 - INFO -   NIFTY_FIN_SERVICE.NS: 1714 rows stored in DB
2026-06-12 07:24:51,416 - INFO - README updated.
2026-06-12 07:24:51,416 - INFO - All done.
2026-06-12 11:13:09,266 - INFO - Processing 25 symbols
2026-06-12 11:13:09,266 - INFO - Processing: RELIANCE.NS
2026-06-12 11:13:10,202 - INFO -   RELIANCE.NS: 1874 rows stored in DB
2026-06-12 11:13:10,202 - INFO - Processing: HDFCBANK.NS
2026-06-12 11:13:11,062 - INFO -   HDFCBANK.NS: 1874 rows stored in DB
2026-06-12 11:13:11,063 - INFO - Processing: ICICIBANK.NS
2026-06-12 11:13:11,829 - INFO -   ICICIBANK.NS: 1874 rows stored in DB
2026-06-12 11:13:11,829 - INFO - Processing: INFY.NS
2026-06-12 11:13:12,699 - INFO -   INFY.NS: 1874 rows stored in DB
2026-06-12 11:13:12,700 - INFO - Processing: TCS.NS
2026-06-12 11:13:13,481 - INFO -   TCS.NS: 1874 rows stored in DB
2026-06-12 11:13:13,482 - INFO - Processing: ITC.NS
2026-06-12 11:13:14,265 - INFO -   ITC.NS: 1874 rows stored in DB
2026-06-12 11:13:14,265 - INFO - Processing: HINDUNILVR.NS
2026-06-12 11:13:15,057 - INFO -   HINDUNILVR.NS: 1874 rows stored in DB
2026-06-12 11:13:15,058 - INFO - Processing: SBIN.NS
2026-06-12 11:13:15,860 - INFO -   SBIN.NS: 1874 rows stored in DB
2026-06-12 11:13:15,860 - INFO - Processing: BHARTIARTL.NS
2026-06-12 11:13:16,638 - INFO -   BHARTIARTL.NS: 1874 rows stored in DB
2026-06-12 11:13:16,638 - INFO - Processing: KOTAKBANK.NS
2026-06-12 11:13:17,499 - INFO -   KOTAKBANK.NS: 1874 rows stored in DB
2026-06-12 11:13:17,499 - INFO - Processing: LT.NS
2026-06-12 11:13:18,278 - INFO -   LT.NS: 1874 rows stored in DB
2026-06-12 11:13:18,278 - INFO - Processing: AXISBANK.NS
2026-06-12 11:13:19,072 - INFO -   AXISBANK.NS: 1874 rows stored in DB
2026-06-12 11:13:19,072 - INFO - Processing: BAJFINANCE.NS
2026-06-12 11:13:19,898 - INFO -   BAJFINANCE.NS: 1874 rows stored in DB
2026-06-12 11:13:19,898 - INFO - Processing: ASIANPAINT.NS
2026-06-12 11:13:20,690 - INFO -   ASIANPAINT.NS: 1874 rows stored in DB
2026-06-12 11:13:20,690 - INFO - Processing: MARUTI.NS
2026-06-12 11:13:21,470 - INFO -   MARUTI.NS: 1874 rows stored in DB
2026-06-12 11:13:21,470 - INFO - Processing: SUNPHARMA.NS
2026-06-12 11:13:22,266 - INFO -   SUNPHARMA.NS: 1874 rows stored in DB
2026-06-12 11:13:22,266 - INFO - Processing: WIPRO.NS
2026-06-12 11:13:23,071 - INFO -   WIPRO.NS: 1874 rows stored in DB
2026-06-12 11:13:23,071 - INFO - Processing: POWERGRID.NS
2026-06-12 11:13:23,891 - INFO -   POWERGRID.NS: 1874 rows stored in DB
2026-06-12 11:13:23,891 - INFO - Processing: NTPC.NS
2026-06-12 11:13:24,706 - INFO -   NTPC.NS: 1874 rows stored in DB
2026-06-12 11:13:24,706 - INFO - Processing: ONGC.NS
2026-06-12 11:13:25,542 - INFO -   ONGC.NS: 1874 rows stored in DB
2026-06-12 11:13:25,542 - INFO - Processing: ^NSEI
2026-06-12 11:13:26,239 - INFO -   ^NSEI: 1869 rows stored in DB
2026-06-12 11:13:26,240 - INFO - Processing: ^NSEBANK
2026-06-12 11:13:26,946 - INFO -   ^NSEBANK: 1869 rows stored in DB
2026-06-12 11:13:26,946 - INFO - Processing: ^BSESN
2026-06-12 11:13:27,650 - INFO -   ^BSESN: 1874 rows stored in DB
2026-06-12 11:13:27,650 - INFO - Processing: ^NSEMDCP50
2026-06-12 11:13:28,328 - INFO -   ^NSEMDCP50: 1869 rows stored in DB
2026-06-12 11:13:28,329 - INFO - Processing: NIFTY_FIN_SERVICE.NS
2026-06-12 11:13:29,040 - INFO -   NIFTY_FIN_SERVICE.NS: 1869 rows stored in DB
2026-06-12 11:13:29,099 - INFO - README updated.
2026-06-12 11:13:29,099 - INFO - All done.
2026-06-15 09:24:31,367 - INFO - Processing 25 symbols
2026-06-15 09:24:31,367 - INFO - Processing: RELIANCE.NS
2026-06-15 09:24:32,785 - INFO -   RELIANCE.NS: 1839 rows stored in DB
2026-06-15 09:24:32,785 - INFO - Processing: HDFCBANK.NS
2026-06-15 09:24:33,905 - INFO -   HDFCBANK.NS: 1839 rows stored in DB
2026-06-15 09:24:33,905 - INFO - Processing: ICICIBANK.NS
2026-06-15 09:24:34,940 - INFO -   ICICIBANK.NS: 1839 rows stored in DB
2026-06-15 09:24:34,940 - INFO - Processing: INFY.NS
2026-06-15 09:24:36,011 - INFO -   INFY.NS: 1839 rows stored in DB
2026-06-15 09:24:36,011 - INFO - Processing: TCS.NS
2026-06-15 09:24:37,034 - INFO -   TCS.NS: 1839 rows stored in DB
2026-06-15 09:24:37,034 - INFO - Processing: ITC.NS
2026-06-15 09:24:38,066 - INFO -   ITC.NS: 1839 rows stored in DB
2026-06-15 09:24:38,066 - INFO - Processing: HINDUNILVR.NS
2026-06-15 09:24:39,177 - INFO -   HINDUNILVR.NS: 1839 rows stored in DB
2026-06-15 09:24:39,177 - INFO - Processing: SBIN.NS
2026-06-15 09:24:40,230 - INFO -   SBIN.NS: 1839 rows stored in DB
2026-06-15 09:24:40,230 - INFO - Processing: BHARTIARTL.NS
2026-06-15 09:24:41,283 - INFO -   BHARTIARTL.NS: 1839 rows stored in DB
2026-06-15 09:24:41,283 - INFO - Processing: KOTAKBANK.NS
2026-06-15 09:24:42,304 - INFO -   KOTAKBANK.NS: 1839 rows stored in DB
2026-06-15 09:24:42,304 - INFO - Processing: LT.NS
2026-06-15 09:24:43,352 - INFO -   LT.NS: 1839 rows stored in DB
2026-06-15 09:24:43,352 - INFO - Processing: AXISBANK.NS
2026-06-15 09:24:44,371 - INFO -   AXISBANK.NS: 1839 rows stored in DB
2026-06-15 09:24:44,372 - INFO - Processing: BAJFINANCE.NS
2026-06-15 09:24:45,408 - INFO -   BAJFINANCE.NS: 1839 rows stored in DB
2026-06-15 09:24:45,408 - INFO - Processing: ASIANPAINT.NS
2026-06-15 09:24:46,469 - INFO -   ASIANPAINT.NS: 1839 rows stored in DB
2026-06-15 09:24:46,470 - INFO - Processing: MARUTI.NS
2026-06-15 09:24:47,505 - INFO -   MARUTI.NS: 1839 rows stored in DB
2026-06-15 09:24:47,505 - INFO - Processing: SUNPHARMA.NS
2026-06-15 09:24:48,621 - INFO -   SUNPHARMA.NS: 1839 rows stored in DB
2026-06-15 09:24:48,621 - INFO - Processing: WIPRO.NS
2026-06-15 09:24:49,689 - INFO -   WIPRO.NS: 1839 rows stored in DB
2026-06-15 09:24:49,689 - INFO - Processing: POWERGRID.NS
2026-06-15 09:24:50,741 - INFO -   POWERGRID.NS: 1839 rows stored in DB
2026-06-15 09:24:50,741 - INFO - Processing: NTPC.NS
2026-06-15 09:24:51,777 - INFO -   NTPC.NS: 1839 rows stored in DB
2026-06-15 09:24:51,778 - INFO - Processing: ONGC.NS
2026-06-15 09:24:52,907 - INFO -   ONGC.NS: 1839 rows stored in DB
2026-06-15 09:24:52,907 - INFO - Processing: ^NSEI
2026-06-15 09:24:53,853 - INFO -   ^NSEI: 1834 rows stored in DB
2026-06-15 09:24:53,853 - INFO - Processing: ^NSEBANK
2026-06-15 09:24:54,794 - INFO -   ^NSEBANK: 1834 rows stored in DB
2026-06-15 09:24:54,794 - INFO - Processing: ^BSESN
2026-06-15 09:24:55,721 - INFO -   ^BSESN: 1824 rows stored in DB
2026-06-15 09:24:55,721 - INFO - Processing: ^NSEMDCP50
2026-06-15 09:24:56,729 - INFO -   ^NSEMDCP50: 1834 rows stored in DB
2026-06-15 09:24:56,729 - INFO - Processing: NIFTY_FIN_SERVICE.NS
2026-06-15 09:24:57,649 - INFO -   NIFTY_FIN_SERVICE.NS: 1834 rows stored in DB
2026-06-15 09:24:57,711 - INFO - README updated.
2026-06-15 09:24:57,711 - INFO - All done.
2026-06-15 15:27:23,281 - INFO - Processing 25 symbols
2026-06-15 15:27:23,282 - INFO - Processing: RELIANCE.NS
2026-06-15 15:27:24,482 - INFO -   RELIANCE.NS: 1874 rows stored in DB
2026-06-15 15:27:24,482 - INFO - Processing: HDFCBANK.NS
2026-06-15 15:27:25,482 - INFO -   HDFCBANK.NS: 1874 rows stored in DB
2026-06-15 15:27:25,482 - INFO - Processing: ICICIBANK.NS
2026-06-15 15:27:26,524 - INFO -   ICICIBANK.NS: 1874 rows stored in DB
2026-06-15 15:27:26,524 - INFO - Processing: INFY.NS
2026-06-15 15:27:27,527 - INFO -   INFY.NS: 1874 rows stored in DB
2026-06-15 15:27:27,527 - INFO - Processing: TCS.NS
2026-06-15 15:27:28,606 - INFO -   TCS.NS: 1874 rows stored in DB
2026-06-15 15:27:28,606 - INFO - Processing: ITC.NS
2026-06-15 15:27:29,682 - INFO -   ITC.NS: 1874 rows stored in DB
2026-06-15 15:27:29,683 - INFO - Processing: HINDUNILVR.NS
2026-06-15 15:27:30,672 - INFO -   HINDUNILVR.NS: 1874 rows stored in DB
2026-06-15 15:27:30,672 - INFO - Processing: SBIN.NS
2026-06-15 15:27:31,646 - INFO -   SBIN.NS: 1874 rows stored in DB
2026-06-15 15:27:31,646 - INFO - Processing: BHARTIARTL.NS
2026-06-15 15:27:32,658 - INFO -   BHARTIARTL.NS: 1874 rows stored in DB
2026-06-15 15:27:32,658 - INFO - Processing: KOTAKBANK.NS
2026-06-15 15:27:33,669 - INFO -   KOTAKBANK.NS: 1874 rows stored in DB
2026-06-15 15:27:33,669 - INFO - Processing: LT.NS
2026-06-15 15:27:34,744 - INFO -   LT.NS: 1874 rows stored in DB
2026-06-15 15:27:34,744 - INFO - Processing: AXISBANK.NS
2026-06-15 15:27:35,836 - INFO -   AXISBANK.NS: 1874 rows stored in DB
2026-06-15 15:27:35,836 - INFO - Processing: BAJFINANCE.NS
2026-06-15 15:27:36,861 - INFO -   BAJFINANCE.NS: 1874 rows stored in DB
2026-06-15 15:27:36,861 - INFO - Processing: ASIANPAINT.NS
2026-06-15 15:27:37,848 - INFO -   ASIANPAINT.NS: 1874 rows stored in DB
2026-06-15 15:27:37,848 - INFO - Processing: MARUTI.NS
2026-06-15 15:27:38,828 - INFO -   MARUTI.NS: 1874 rows stored in DB
2026-06-15 15:27:38,828 - INFO - Processing: SUNPHARMA.NS
2026-06-15 15:27:39,874 - INFO -   SUNPHARMA.NS: 1874 rows stored in DB
2026-06-15 15:27:39,874 - INFO - Processing: WIPRO.NS
2026-06-15 15:27:40,888 - INFO -   WIPRO.NS: 1874 rows stored in DB
2026-06-15 15:27:40,888 - INFO - Processing: POWERGRID.NS
2026-06-15 15:27:41,912 - INFO -   POWERGRID.NS: 1874 rows stored in DB
2026-06-15 15:27:41,912 - INFO - Processing: NTPC.NS
2026-06-15 15:27:42,964 - INFO -   NTPC.NS: 1874 rows stored in DB
2026-06-15 15:27:42,964 - INFO - Processing: ONGC.NS
2026-06-15 15:27:43,978 - INFO -   ONGC.NS: 1874 rows stored in DB
2026-06-15 15:27:43,979 - INFO - Processing: ^NSEI
2026-06-15 15:27:44,832 - INFO -   ^NSEI: 1869 rows stored in DB
2026-06-15 15:27:44,832 - INFO - Processing: ^NSEBANK
2026-06-15 15:27:46,231 - INFO -   ^NSEBANK: 1869 rows stored in DB
2026-06-15 15:27:46,231 - INFO - Processing: ^BSESN
2026-06-15 15:27:47,139 - INFO -   ^BSESN: 1874 rows stored in DB
2026-06-15 15:27:47,139 - INFO - Processing: ^NSEMDCP50
2026-06-15 15:27:48,042 - INFO -   ^NSEMDCP50: 1869 rows stored in DB
2026-06-15 15:27:48,042 - INFO - Processing: NIFTY_FIN_SERVICE.NS
2026-06-15 15:27:48,906 - INFO -   NIFTY_FIN_SERVICE.NS: 1869 rows stored in DB
2026-06-15 15:27:48,968 - INFO - README updated.
2026-06-15 15:27:48,968 - INFO - All done.
2026-06-16 08:47:32,179 - INFO - Processing 25 symbols
2026-06-16 08:47:32,179 - INFO - Processing: RELIANCE.NS
2026-06-16 08:47:33,130 - INFO -   RELIANCE.NS: 1802 rows stored in DB
2026-06-16 08:47:33,131 - INFO - Processing: HDFCBANK.NS
2026-06-16 08:47:33,883 - INFO -   HDFCBANK.NS: 1802 rows stored in DB
2026-06-16 08:47:33,883 - INFO - Processing: ICICIBANK.NS
2026-06-16 08:47:34,621 - INFO -   ICICIBANK.NS: 1802 rows stored in DB
2026-06-16 08:47:34,622 - INFO - Processing: INFY.NS
2026-06-16 08:47:35,432 - INFO -   INFY.NS: 1802 rows stored in DB
2026-06-16 08:47:35,432 - INFO - Processing: TCS.NS
2026-06-16 08:47:36,182 - INFO -   TCS.NS: 1802 rows stored in DB
2026-06-16 08:47:36,182 - INFO - Processing: ITC.NS
2026-06-16 08:47:36,951 - INFO -   ITC.NS: 1802 rows stored in DB
2026-06-16 08:47:36,951 - INFO - Processing: HINDUNILVR.NS
2026-06-16 08:47:37,829 - INFO -   HINDUNILVR.NS: 1802 rows stored in DB
2026-06-16 08:47:37,829 - INFO - Processing: SBIN.NS
2026-06-16 08:47:38,627 - INFO -   SBIN.NS: 1802 rows stored in DB
2026-06-16 08:47:38,627 - INFO - Processing: BHARTIARTL.NS
2026-06-16 08:47:39,402 - INFO -   BHARTIARTL.NS: 1802 rows stored in DB
2026-06-16 08:47:39,402 - INFO - Processing: KOTAKBANK.NS
2026-06-16 08:47:40,170 - INFO -   KOTAKBANK.NS: 1802 rows stored in DB
2026-06-16 08:47:40,170 - INFO - Processing: LT.NS
2026-06-16 08:47:40,916 - INFO -   LT.NS: 1802 rows stored in DB
2026-06-16 08:47:40,917 - INFO - Processing: AXISBANK.NS
2026-06-16 08:47:41,702 - INFO -   AXISBANK.NS: 1802 rows stored in DB
2026-06-16 08:47:41,702 - INFO - Processing: BAJFINANCE.NS
2026-06-16 08:47:42,475 - INFO -   BAJFINANCE.NS: 1802 rows stored in DB
2026-06-16 08:47:42,475 - INFO - Processing: ASIANPAINT.NS
2026-06-16 08:47:43,264 - INFO -   ASIANPAINT.NS: 1802 rows stored in DB
2026-06-16 08:47:43,265 - INFO - Processing: MARUTI.NS
2026-06-16 08:47:44,003 - INFO -   MARUTI.NS: 1802 rows stored in DB
2026-06-16 08:47:44,003 - INFO - Processing: SUNPHARMA.NS
2026-06-16 08:47:44,772 - INFO -   SUNPHARMA.NS: 1802 rows stored in DB
2026-06-16 08:47:44,772 - INFO - Processing: WIPRO.NS
2026-06-16 08:47:45,527 - INFO -   WIPRO.NS: 1802 rows stored in DB
2026-06-16 08:47:45,527 - INFO - Processing: POWERGRID.NS
2026-06-16 08:47:46,282 - INFO -   POWERGRID.NS: 1802 rows stored in DB
2026-06-16 08:47:46,283 - INFO - Processing: NTPC.NS
2026-06-16 08:47:47,021 - INFO -   NTPC.NS: 1802 rows stored in DB
2026-06-16 08:47:47,021 - INFO - Processing: ONGC.NS
2026-06-16 08:47:47,781 - INFO -   ONGC.NS: 1802 rows stored in DB
2026-06-16 08:47:47,781 - INFO - Processing: ^NSEI
2026-06-16 08:47:48,431 - INFO -   ^NSEI: 1802 rows stored in DB
2026-06-16 08:47:48,431 - INFO - Processing: ^NSEBANK
2026-06-16 08:47:49,102 - INFO -   ^NSEBANK: 1802 rows stored in DB
2026-06-16 08:47:49,102 - INFO - Processing: ^BSESN
2026-06-16 08:47:49,782 - INFO -   ^BSESN: 1787 rows stored in DB
2026-06-16 08:47:49,782 - INFO - Processing: ^NSEMDCP50
2026-06-16 08:47:50,448 - INFO -   ^NSEMDCP50: 1802 rows stored in DB
2026-06-16 08:47:50,449 - INFO - Processing: NIFTY_FIN_SERVICE.NS
2026-06-16 08:47:51,117 - INFO -   NIFTY_FIN_SERVICE.NS: 1802 rows stored in DB
2026-06-16 08:47:51,176 - INFO - README updated.
2026-06-16 08:47:51,176 - INFO - All done.
2026-06-16 13:19:17,916 - INFO - Processing 25 symbols
2026-06-16 13:19:17,916 - INFO - Processing: RELIANCE.NS
2026-06-16 13:19:19,439 - INFO -   RELIANCE.NS: 1874 rows stored in DB
2026-06-16 13:19:19,439 - INFO - Processing: HDFCBANK.NS
2026-06-16 13:19:20,571 - INFO -   HDFCBANK.NS: 1874 rows stored in DB
2026-06-16 13:19:20,571 - INFO - Processing: ICICIBANK.NS
2026-06-16 13:19:21,675 - INFO -   ICICIBANK.NS: 1874 rows stored in DB
2026-06-16 13:19:21,675 - INFO - Processing: INFY.NS
2026-06-16 13:19:22,769 - INFO -   INFY.NS: 1874 rows stored in DB
2026-06-16 13:19:22,769 - INFO - Processing: TCS.NS
2026-06-16 13:19:23,830 - INFO -   TCS.NS: 1874 rows stored in DB
2026-06-16 13:19:23,830 - INFO - Processing: ITC.NS
2026-06-16 13:19:25,419 - INFO -   ITC.NS: 1874 rows stored in DB
2026-06-16 13:19:25,419 - INFO - Processing: HINDUNILVR.NS
2026-06-16 13:19:26,413 - INFO -   HINDUNILVR.NS: 1874 rows stored in DB
2026-06-16 13:19:26,414 - INFO - Processing: SBIN.NS
2026-06-16 13:19:27,395 - INFO -   SBIN.NS: 1874 rows stored in DB
2026-06-16 13:19:27,395 - INFO - Processing: BHARTIARTL.NS
2026-06-16 13:19:28,440 - INFO -   BHARTIARTL.NS: 1874 rows stored in DB
2026-06-16 13:19:28,440 - INFO - Processing: KOTAKBANK.NS
2026-06-16 13:19:29,424 - INFO -   KOTAKBANK.NS: 1874 rows stored in DB
2026-06-16 13:19:29,424 - INFO - Processing: LT.NS
2026-06-16 13:19:30,503 - INFO -   LT.NS: 1874 rows stored in DB
2026-06-16 13:19:30,503 - INFO - Processing: AXISBANK.NS
2026-06-16 13:19:31,617 - INFO -   AXISBANK.NS: 1874 rows stored in DB
2026-06-16 13:19:31,618 - INFO - Processing: BAJFINANCE.NS
2026-06-16 13:19:32,627 - INFO -   BAJFINANCE.NS: 1874 rows stored in DB
2026-06-16 13:19:32,628 - INFO - Processing: ASIANPAINT.NS
2026-06-16 13:19:33,795 - INFO -   ASIANPAINT.NS: 1874 rows stored in DB
2026-06-16 13:19:33,795 - INFO - Processing: MARUTI.NS
2026-06-16 13:19:34,828 - INFO -   MARUTI.NS: 1874 rows stored in DB
2026-06-16 13:19:34,828 - INFO - Processing: SUNPHARMA.NS
2026-06-16 13:19:35,920 - INFO -   SUNPHARMA.NS: 1874 rows stored in DB
2026-06-16 13:19:35,920 - INFO - Processing: WIPRO.NS
2026-06-16 13:19:36,973 - INFO -   WIPRO.NS: 1874 rows stored in DB
2026-06-16 13:19:36,973 - INFO - Processing: POWERGRID.NS
2026-06-16 13:19:38,082 - INFO -   POWERGRID.NS: 1874 rows stored in DB
2026-06-16 13:19:38,082 - INFO - Processing: NTPC.NS
2026-06-16 13:19:39,121 - INFO -   NTPC.NS: 1874 rows stored in DB
2026-06-16 13:19:39,121 - INFO - Processing: ONGC.NS
2026-06-16 13:19:40,126 - INFO -   ONGC.NS: 1874 rows stored in DB
2026-06-16 13:19:40,127 - INFO - Processing: ^NSEI
2026-06-16 13:19:41,002 - INFO -   ^NSEI: 1874 rows stored in DB
2026-06-16 13:19:41,002 - INFO - Processing: ^NSEBANK
2026-06-16 13:19:41,920 - INFO -   ^NSEBANK: 1874 rows stored in DB
2026-06-16 13:19:41,920 - INFO - Processing: ^BSESN
2026-06-16 13:19:42,852 - INFO -   ^BSESN: 1874 rows stored in DB
2026-06-16 13:19:42,852 - INFO - Processing: ^NSEMDCP50
2026-06-16 13:19:43,744 - INFO -   ^NSEMDCP50: 1874 rows stored in DB
2026-06-16 13:19:43,744 - INFO - Processing: NIFTY_FIN_SERVICE.NS
2026-06-16 13:19:44,708 - INFO -   NIFTY_FIN_SERVICE.NS: 1874 rows stored in DB
2026-06-16 13:19:44,767 - INFO - README updated.
2026-06-16 13:19:44,767 - INFO - All done.
2026-06-17 08:29:51,951 - INFO - Processing 25 symbols
2026-06-17 08:29:51,951 - INFO - Processing: RELIANCE.NS
2026-06-17 08:29:53,078 - INFO -   RELIANCE.NS: 1784 rows stored in DB
2026-06-17 08:29:53,078 - INFO - Processing: HDFCBANK.NS
2026-06-17 08:29:54,017 - INFO -   HDFCBANK.NS: 1784 rows stored in DB
2026-06-17 08:29:54,017 - INFO - Processing: ICICIBANK.NS
2026-06-17 08:29:54,945 - INFO -   ICICIBANK.NS: 1784 rows stored in DB
2026-06-17 08:29:54,945 - INFO - Processing: INFY.NS
2026-06-17 08:29:56,079 - INFO -   INFY.NS: 1784 rows stored in DB
2026-06-17 08:29:56,080 - INFO - Processing: TCS.NS
2026-06-17 08:29:57,010 - INFO -   TCS.NS: 1784 rows stored in DB
2026-06-17 08:29:57,010 - INFO - Processing: ITC.NS
2026-06-17 08:29:57,960 - INFO -   ITC.NS: 1784 rows stored in DB
2026-06-17 08:29:57,961 - INFO - Processing: HINDUNILVR.NS
2026-06-17 08:29:58,893 - INFO -   HINDUNILVR.NS: 1784 rows stored in DB
2026-06-17 08:29:58,893 - INFO - Processing: SBIN.NS
2026-06-17 08:29:59,837 - INFO -   SBIN.NS: 1784 rows stored in DB
2026-06-17 08:29:59,837 - INFO - Processing: BHARTIARTL.NS
2026-06-17 08:30:00,760 - INFO -   BHARTIARTL.NS: 1784 rows stored in DB
2026-06-17 08:30:00,760 - INFO - Processing: KOTAKBANK.NS
2026-06-17 08:30:01,713 - INFO -   KOTAKBANK.NS: 1784 rows stored in DB
2026-06-17 08:30:01,713 - INFO - Processing: LT.NS
2026-06-17 08:30:02,708 - INFO -   LT.NS: 1784 rows stored in DB
2026-06-17 08:30:02,708 - INFO - Processing: AXISBANK.NS
2026-06-17 08:30:03,640 - INFO -   AXISBANK.NS: 1784 rows stored in DB
2026-06-17 08:30:03,640 - INFO - Processing: BAJFINANCE.NS
2026-06-17 08:30:04,575 - INFO -   BAJFINANCE.NS: 1785 rows stored in DB
2026-06-17 08:30:04,576 - INFO - Processing: ASIANPAINT.NS
2026-06-17 08:30:05,514 - INFO -   ASIANPAINT.NS: 1785 rows stored in DB
2026-06-17 08:30:05,514 - INFO - Processing: MARUTI.NS
2026-06-17 08:30:06,470 - INFO -   MARUTI.NS: 1785 rows stored in DB
2026-06-17 08:30:06,470 - INFO - Processing: SUNPHARMA.NS
2026-06-17 08:30:07,442 - INFO -   SUNPHARMA.NS: 1785 rows stored in DB
2026-06-17 08:30:07,442 - INFO - Processing: WIPRO.NS
2026-06-17 08:30:08,390 - INFO -   WIPRO.NS: 1785 rows stored in DB
2026-06-17 08:30:08,390 - INFO - Processing: POWERGRID.NS
2026-06-17 08:30:09,326 - INFO -   POWERGRID.NS: 1785 rows stored in DB
2026-06-17 08:30:09,326 - INFO - Processing: NTPC.NS
2026-06-17 08:30:10,278 - INFO -   NTPC.NS: 1785 rows stored in DB
2026-06-17 08:30:10,278 - INFO - Processing: ONGC.NS
2026-06-17 08:30:11,221 - INFO -   ONGC.NS: 1785 rows stored in DB
2026-06-17 08:30:11,221 - INFO - Processing: ^NSEI
2026-06-17 08:30:12,059 - INFO -   ^NSEI: 1785 rows stored in DB
2026-06-17 08:30:12,060 - INFO - Processing: ^NSEBANK
2026-06-17 08:30:12,906 - INFO -   ^NSEBANK: 1785 rows stored in DB
2026-06-17 08:30:12,906 - INFO - Processing: ^BSESN
2026-06-17 08:30:13,739 - INFO -   ^BSESN: 1770 rows stored in DB
2026-06-17 08:30:13,739 - INFO - Processing: ^NSEMDCP50
2026-06-17 08:30:14,568 - INFO -   ^NSEMDCP50: 1785 rows stored in DB
2026-06-17 08:30:14,568 - INFO - Processing: NIFTY_FIN_SERVICE.NS
2026-06-17 08:30:15,387 - INFO -   NIFTY_FIN_SERVICE.NS: 1785 rows stored in DB
2026-06-17 08:30:15,449 - INFO - README updated.
2026-06-17 08:30:15,449 - INFO - All done.
2026-06-17 12:38:43,338 - INFO - Processing 25 symbols
2026-06-17 12:38:43,338 - INFO - Processing: RELIANCE.NS
2026-06-17 12:38:44,968 - INFO -   RELIANCE.NS: 1874 rows stored in DB
2026-06-17 12:38:44,968 - INFO - Processing: HDFCBANK.NS
2026-06-17 12:38:45,952 - INFO -   HDFCBANK.NS: 1874 rows stored in DB
2026-06-17 12:38:45,952 - INFO - Processing: ICICIBANK.NS
2026-06-17 12:38:46,966 - INFO -   ICICIBANK.NS: 1874 rows stored in DB
2026-06-17 12:38:46,966 - INFO - Processing: INFY.NS
2026-06-17 12:38:48,006 - INFO -   INFY.NS: 1874 rows stored in DB
2026-06-17 12:38:48,006 - INFO - Processing: TCS.NS
2026-06-17 12:38:48,985 - INFO -   TCS.NS: 1874 rows stored in DB
2026-06-17 12:38:48,985 - INFO - Processing: ITC.NS
2026-06-17 12:38:50,014 - INFO -   ITC.NS: 1874 rows stored in DB
2026-06-17 12:38:50,014 - INFO - Processing: HINDUNILVR.NS
2026-06-17 12:38:51,015 - INFO -   HINDUNILVR.NS: 1874 rows stored in DB
2026-06-17 12:38:51,016 - INFO - Processing: SBIN.NS
2026-06-17 12:38:52,046 - INFO -   SBIN.NS: 1874 rows stored in DB
2026-06-17 12:38:52,046 - INFO - Processing: BHARTIARTL.NS
2026-06-17 12:38:53,044 - INFO -   BHARTIARTL.NS: 1874 rows stored in DB
2026-06-17 12:38:53,044 - INFO - Processing: KOTAKBANK.NS
2026-06-17 12:38:54,047 - INFO -   KOTAKBANK.NS: 1874 rows stored in DB
2026-06-17 12:38:54,047 - INFO - Processing: LT.NS
2026-06-17 12:38:55,038 - INFO -   LT.NS: 1874 rows stored in DB
2026-06-17 12:38:55,038 - INFO - Processing: AXISBANK.NS
2026-06-17 12:38:56,077 - INFO -   AXISBANK.NS: 1874 rows stored in DB
2026-06-17 12:38:56,077 - INFO - Processing: BAJFINANCE.NS
2026-06-17 12:38:57,102 - INFO -   BAJFINANCE.NS: 1874 rows stored in DB
2026-06-17 12:38:57,102 - INFO - Processing: ASIANPAINT.NS
2026-06-17 12:38:58,118 - INFO -   ASIANPAINT.NS: 1874 rows stored in DB
2026-06-17 12:38:58,118 - INFO - Processing: MARUTI.NS
2026-06-17 12:38:59,122 - INFO -   MARUTI.NS: 1874 rows stored in DB
2026-06-17 12:38:59,123 - INFO - Processing: SUNPHARMA.NS
2026-06-17 12:39:00,133 - INFO -   SUNPHARMA.NS: 1874 rows stored in DB
2026-06-17 12:39:00,133 - INFO - Processing: WIPRO.NS
2026-06-17 12:39:01,156 - INFO -   WIPRO.NS: 1874 rows stored in DB
2026-06-17 12:39:01,156 - INFO - Processing: POWERGRID.NS
2026-06-17 12:39:02,146 - INFO -   POWERGRID.NS: 1874 rows stored in DB
2026-06-17 12:39:02,146 - INFO - Processing: NTPC.NS
2026-06-17 12:39:03,163 - INFO -   NTPC.NS: 1874 rows stored in DB
2026-06-17 12:39:03,163 - INFO - Processing: ONGC.NS
2026-06-17 12:39:04,169 - INFO -   ONGC.NS: 1874 rows stored in DB
2026-06-17 12:39:04,169 - INFO - Processing: ^NSEI
2026-06-17 12:39:05,121 - INFO -   ^NSEI: 1874 rows stored in DB
2026-06-17 12:39:05,122 - INFO - Processing: ^NSEBANK
2026-06-17 12:39:06,032 - INFO -   ^NSEBANK: 1874 rows stored in DB
2026-06-17 12:39:06,032 - INFO - Processing: ^BSESN
2026-06-17 12:39:06,939 - INFO -   ^BSESN: 1874 rows stored in DB
2026-06-17 12:39:06,939 - INFO - Processing: ^NSEMDCP50
2026-06-17 12:39:07,826 - INFO -   ^NSEMDCP50: 1874 rows stored in DB
2026-06-17 12:39:07,826 - INFO - Processing: NIFTY_FIN_SERVICE.NS
2026-06-17 12:39:08,781 - INFO -   NIFTY_FIN_SERVICE.NS: 1874 rows stored in DB
2026-06-17 12:39:08,841 - INFO - README updated.
2026-06-17 12:39:08,842 - INFO - All done.
2026-06-18 08:09:33,361 - INFO - Processing 25 symbols
2026-06-18 08:09:33,361 - INFO - Processing: RELIANCE.NS
2026-06-18 08:09:34,598 - INFO -   RELIANCE.NS: 1764 rows stored in DB
2026-06-18 08:09:34,599 - INFO - Processing: HDFCBANK.NS
2026-06-18 08:09:35,539 - INFO -   HDFCBANK.NS: 1764 rows stored in DB
2026-06-18 08:09:35,540 - INFO - Processing: ICICIBANK.NS
2026-06-18 08:09:36,478 - INFO -   ICICIBANK.NS: 1764 rows stored in DB
2026-06-18 08:09:36,478 - INFO - Processing: INFY.NS
2026-06-18 08:09:37,436 - INFO -   INFY.NS: 1764 rows stored in DB
2026-06-18 08:09:37,436 - INFO - Processing: TCS.NS
2026-06-18 08:09:38,377 - INFO -   TCS.NS: 1764 rows stored in DB
2026-06-18 08:09:38,377 - INFO - Processing: ITC.NS
2026-06-18 08:09:39,347 - INFO -   ITC.NS: 1764 rows stored in DB
2026-06-18 08:09:39,347 - INFO - Processing: HINDUNILVR.NS
2026-06-18 08:09:40,338 - INFO -   HINDUNILVR.NS: 1764 rows stored in DB
2026-06-18 08:09:40,338 - INFO - Processing: SBIN.NS
2026-06-18 08:09:41,300 - INFO -   SBIN.NS: 1764 rows stored in DB
2026-06-18 08:09:41,300 - INFO - Processing: BHARTIARTL.NS
2026-06-18 08:09:42,227 - INFO -   BHARTIARTL.NS: 1764 rows stored in DB
2026-06-18 08:09:42,227 - INFO - Processing: KOTAKBANK.NS
2026-06-18 08:09:43,152 - INFO -   KOTAKBANK.NS: 1764 rows stored in DB
2026-06-18 08:09:43,152 - INFO - Processing: LT.NS
2026-06-18 08:09:44,104 - INFO -   LT.NS: 1764 rows stored in DB
2026-06-18 08:09:44,104 - INFO - Processing: AXISBANK.NS
2026-06-18 08:09:45,042 - INFO -   AXISBANK.NS: 1764 rows stored in DB
2026-06-18 08:09:45,043 - INFO - Processing: BAJFINANCE.NS
2026-06-18 08:09:46,038 - INFO -   BAJFINANCE.NS: 1764 rows stored in DB
2026-06-18 08:09:46,039 - INFO - Processing: ASIANPAINT.NS
2026-06-18 08:09:47,014 - INFO -   ASIANPAINT.NS: 1764 rows stored in DB
2026-06-18 08:09:47,014 - INFO - Processing: MARUTI.NS
2026-06-18 08:09:48,013 - INFO -   MARUTI.NS: 1764 rows stored in DB
2026-06-18 08:09:48,014 - INFO - Processing: SUNPHARMA.NS
2026-06-18 08:09:49,028 - INFO -   SUNPHARMA.NS: 1764 rows stored in DB
2026-06-18 08:09:49,028 - INFO - Processing: WIPRO.NS
2026-06-18 08:09:50,040 - INFO -   WIPRO.NS: 1764 rows stored in DB
2026-06-18 08:09:50,040 - INFO - Processing: POWERGRID.NS
2026-06-18 08:09:50,966 - INFO -   POWERGRID.NS: 1764 rows stored in DB
2026-06-18 08:09:50,966 - INFO - Processing: NTPC.NS
2026-06-18 08:09:51,903 - INFO -   NTPC.NS: 1764 rows stored in DB
2026-06-18 08:09:51,903 - INFO - Processing: ONGC.NS
2026-06-18 08:09:52,846 - INFO -   ONGC.NS: 1764 rows stored in DB
2026-06-18 08:09:52,846 - INFO - Processing: ^NSEI
2026-06-18 08:09:53,680 - INFO -   ^NSEI: 1764 rows stored in DB
2026-06-18 08:09:53,680 - INFO - Processing: ^NSEBANK
2026-06-18 08:09:54,528 - INFO -   ^NSEBANK: 1764 rows stored in DB
2026-06-18 08:09:54,529 - INFO - Processing: ^BSESN
2026-06-18 08:09:55,363 - INFO -   ^BSESN: 1749 rows stored in DB
2026-06-18 08:09:55,363 - INFO - Processing: ^NSEMDCP50
2026-06-18 08:09:56,234 - INFO -   ^NSEMDCP50: 1764 rows stored in DB
2026-06-18 08:09:56,234 - INFO - Processing: NIFTY_FIN_SERVICE.NS
2026-06-18 08:09:57,095 - INFO -   NIFTY_FIN_SERVICE.NS: 1764 rows stored in DB
2026-06-18 08:09:57,159 - INFO - README updated.
2026-06-18 08:09:57,159 - INFO - All done.
2026-06-18 11:58:02,507 - INFO - Processing 25 symbols
2026-06-18 11:58:02,507 - INFO - Processing: RELIANCE.NS
2026-06-18 11:58:03,584 - INFO -   RELIANCE.NS: 1874 rows stored in DB
2026-06-18 11:58:03,584 - INFO - Processing: HDFCBANK.NS
2026-06-18 11:58:04,666 - INFO -   HDFCBANK.NS: 1874 rows stored in DB
2026-06-18 11:58:04,666 - INFO - Processing: ICICIBANK.NS
2026-06-18 11:58:05,712 - INFO -   ICICIBANK.NS: 1874 rows stored in DB
2026-06-18 11:58:05,712 - INFO - Processing: INFY.NS
2026-06-18 11:58:06,870 - INFO -   INFY.NS: 1874 rows stored in DB
2026-06-18 11:58:06,870 - INFO - Processing: TCS.NS
2026-06-18 11:58:07,932 - INFO -   TCS.NS: 1874 rows stored in DB
2026-06-18 11:58:07,932 - INFO - Processing: ITC.NS
2026-06-18 11:58:09,032 - INFO -   ITC.NS: 1874 rows stored in DB
2026-06-18 11:58:09,032 - INFO - Processing: HINDUNILVR.NS
2026-06-18 11:58:09,977 - INFO -   HINDUNILVR.NS: 1874 rows stored in DB
2026-06-18 11:58:09,977 - INFO - Processing: SBIN.NS
2026-06-18 11:58:10,976 - INFO -   SBIN.NS: 1874 rows stored in DB
2026-06-18 11:58:10,977 - INFO - Processing: BHARTIARTL.NS
2026-06-18 11:58:12,029 - INFO -   BHARTIARTL.NS: 1874 rows stored in DB
2026-06-18 11:58:12,029 - INFO - Processing: KOTAKBANK.NS
2026-06-18 11:58:13,037 - INFO -   KOTAKBANK.NS: 1874 rows stored in DB
2026-06-18 11:58:13,037 - INFO - Processing: LT.NS
2026-06-18 11:58:14,101 - INFO -   LT.NS: 1874 rows stored in DB
2026-06-18 11:58:14,101 - INFO - Processing: AXISBANK.NS
2026-06-18 11:58:15,105 - INFO -   AXISBANK.NS: 1874 rows stored in DB
2026-06-18 11:58:15,105 - INFO - Processing: BAJFINANCE.NS
2026-06-18 11:58:16,096 - INFO -   BAJFINANCE.NS: 1874 rows stored in DB
2026-06-18 11:58:16,096 - INFO - Processing: ASIANPAINT.NS
2026-06-18 11:58:17,046 - INFO -   ASIANPAINT.NS: 1874 rows stored in DB
2026-06-18 11:58:17,047 - INFO - Processing: MARUTI.NS
2026-06-18 11:58:18,078 - INFO -   MARUTI.NS: 1874 rows stored in DB
2026-06-18 11:58:18,078 - INFO - Processing: SUNPHARMA.NS
2026-06-18 11:58:19,125 - INFO -   SUNPHARMA.NS: 1874 rows stored in DB
2026-06-18 11:58:19,125 - INFO - Processing: WIPRO.NS
2026-06-18 11:58:20,238 - INFO -   WIPRO.NS: 1874 rows stored in DB
2026-06-18 11:58:20,238 - INFO - Processing: POWERGRID.NS
2026-06-18 11:58:21,248 - INFO -   POWERGRID.NS: 1874 rows stored in DB
2026-06-18 11:58:21,248 - INFO - Processing: NTPC.NS
2026-06-18 11:58:22,182 - INFO -   NTPC.NS: 1874 rows stored in DB
2026-06-18 11:58:22,182 - INFO - Processing: ONGC.NS
2026-06-18 11:58:23,281 - INFO -   ONGC.NS: 1874 rows stored in DB
2026-06-18 11:58:23,281 - INFO - Processing: ^NSEI
2026-06-18 11:58:24,194 - INFO -   ^NSEI: 1874 rows stored in DB
2026-06-18 11:58:24,194 - INFO - Processing: ^NSEBANK
2026-06-18 11:58:25,023 - INFO -   ^NSEBANK: 1874 rows stored in DB
2026-06-18 11:58:25,024 - INFO - Processing: ^BSESN
2026-06-18 11:58:25,881 - INFO -   ^BSESN: 1874 rows stored in DB
2026-06-18 11:58:25,881 - INFO - Processing: ^NSEMDCP50
2026-06-18 11:58:26,818 - INFO -   ^NSEMDCP50: 1874 rows stored in DB
2026-06-18 11:58:26,818 - INFO - Processing: NIFTY_FIN_SERVICE.NS
2026-06-18 11:58:27,748 - INFO -   NIFTY_FIN_SERVICE.NS: 1874 rows stored in DB
2026-06-18 11:58:27,808 - INFO - README updated.
2026-06-18 11:58:27,808 - INFO - All done.
2026-06-19 08:33:31,587 - INFO - Processing 25 symbols
2026-06-19 08:33:31,587 - INFO - Processing: RELIANCE.NS
2026-06-19 08:33:32,873 - INFO -   RELIANCE.NS: 1788 rows stored in DB
2026-06-19 08:33:32,873 - INFO - Processing: HDFCBANK.NS
2026-06-19 08:33:33,844 - INFO -   HDFCBANK.NS: 1788 rows stored in DB
2026-06-19 08:33:33,844 - INFO - Processing: ICICIBANK.NS
2026-06-19 08:33:34,798 - INFO -   ICICIBANK.NS: 1788 rows stored in DB
2026-06-19 08:33:34,798 - INFO - Processing: INFY.NS
2026-06-19 08:33:35,760 - INFO -   INFY.NS: 1788 rows stored in DB
2026-06-19 08:33:35,760 - INFO - Processing: TCS.NS
2026-06-19 08:33:36,688 - INFO -   TCS.NS: 1788 rows stored in DB
2026-06-19 08:33:36,689 - INFO - Processing: ITC.NS
2026-06-19 08:33:37,616 - INFO -   ITC.NS: 1788 rows stored in DB
2026-06-19 08:33:37,617 - INFO - Processing: HINDUNILVR.NS
2026-06-19 08:33:38,593 - INFO -   HINDUNILVR.NS: 1788 rows stored in DB
2026-06-19 08:33:38,594 - INFO - Processing: SBIN.NS
2026-06-19 08:33:39,560 - INFO -   SBIN.NS: 1788 rows stored in DB
2026-06-19 08:33:39,560 - INFO - Processing: BHARTIARTL.NS
2026-06-19 08:33:40,522 - INFO -   BHARTIARTL.NS: 1788 rows stored in DB
2026-06-19 08:33:40,522 - INFO - Processing: KOTAKBANK.NS
2026-06-19 08:33:41,483 - INFO -   KOTAKBANK.NS: 1788 rows stored in DB
2026-06-19 08:33:41,483 - INFO - Processing: LT.NS
2026-06-19 08:33:42,476 - INFO -   LT.NS: 1788 rows stored in DB
2026-06-19 08:33:42,476 - INFO - Processing: AXISBANK.NS
2026-06-19 08:33:43,449 - INFO -   AXISBANK.NS: 1788 rows stored in DB
2026-06-19 08:33:43,449 - INFO - Processing: BAJFINANCE.NS
2026-06-19 08:33:44,422 - INFO -   BAJFINANCE.NS: 1788 rows stored in DB
2026-06-19 08:33:44,422 - INFO - Processing: ASIANPAINT.NS
2026-06-19 08:33:45,370 - INFO -   ASIANPAINT.NS: 1788 rows stored in DB
2026-06-19 08:33:45,370 - INFO - Processing: MARUTI.NS
2026-06-19 08:33:46,317 - INFO -   MARUTI.NS: 1788 rows stored in DB
2026-06-19 08:33:46,317 - INFO - Processing: SUNPHARMA.NS
2026-06-19 08:33:47,280 - INFO -   SUNPHARMA.NS: 1788 rows stored in DB
2026-06-19 08:33:47,281 - INFO - Processing: WIPRO.NS
2026-06-19 08:33:48,237 - INFO -   WIPRO.NS: 1788 rows stored in DB
2026-06-19 08:33:48,237 - INFO - Processing: POWERGRID.NS
2026-06-19 08:33:49,190 - INFO -   POWERGRID.NS: 1788 rows stored in DB
2026-06-19 08:33:49,190 - INFO - Processing: NTPC.NS
2026-06-19 08:33:50,138 - INFO -   NTPC.NS: 1788 rows stored in DB
2026-06-19 08:33:50,138 - INFO - Processing: ONGC.NS
2026-06-19 08:33:51,068 - INFO -   ONGC.NS: 1788 rows stored in DB
2026-06-19 08:33:51,068 - INFO - Processing: ^NSEI
2026-06-19 08:33:51,899 - INFO -   ^NSEI: 1788 rows stored in DB
2026-06-19 08:33:51,899 - INFO - Processing: ^NSEBANK
2026-06-19 08:33:52,793 - INFO -   ^NSEBANK: 1788 rows stored in DB
2026-06-19 08:33:52,793 - INFO - Processing: ^BSESN
2026-06-19 08:33:53,747 - INFO -   ^BSESN: 1773 rows stored in DB
2026-06-19 08:33:53,747 - INFO - Processing: ^NSEMDCP50
2026-06-19 08:33:54,604 - INFO -   ^NSEMDCP50: 1788 rows stored in DB
2026-06-19 08:33:54,605 - INFO - Processing: NIFTY_FIN_SERVICE.NS
2026-06-19 08:33:55,448 - INFO -   NIFTY_FIN_SERVICE.NS: 1788 rows stored in DB
2026-06-19 08:33:55,512 - INFO - README updated.
2026-06-19 08:33:55,512 - INFO - All done.
2026-06-19 12:34:32,091 - INFO - Processing 25 symbols
2026-06-19 12:34:32,092 - INFO - Processing: RELIANCE.NS
2026-06-19 12:34:32,999 - INFO -   RELIANCE.NS: 1874 rows stored in DB
2026-06-19 12:34:32,999 - INFO - Processing: HDFCBANK.NS
2026-06-19 12:34:33,809 - INFO -   HDFCBANK.NS: 1874 rows stored in DB
2026-06-19 12:34:33,809 - INFO - Processing: ICICIBANK.NS
2026-06-19 12:34:34,600 - INFO -   ICICIBANK.NS: 1874 rows stored in DB
2026-06-19 12:34:34,600 - INFO - Processing: INFY.NS
2026-06-19 12:34:35,443 - INFO -   INFY.NS: 1874 rows stored in DB
2026-06-19 12:34:35,443 - INFO - Processing: TCS.NS
2026-06-19 12:34:36,416 - INFO -   TCS.NS: 1874 rows stored in DB
2026-06-19 12:34:36,416 - INFO - Processing: ITC.NS
2026-06-19 12:34:37,208 - INFO -   ITC.NS: 1874 rows stored in DB
2026-06-19 12:34:37,209 - INFO - Processing: HINDUNILVR.NS
2026-06-19 12:34:38,039 - INFO -   HINDUNILVR.NS: 1874 rows stored in DB
2026-06-19 12:34:38,039 - INFO - Processing: SBIN.NS
2026-06-19 12:34:38,844 - INFO -   SBIN.NS: 1874 rows stored in DB
2026-06-19 12:34:38,844 - INFO - Processing: BHARTIARTL.NS
2026-06-19 12:34:39,663 - INFO -   BHARTIARTL.NS: 1874 rows stored in DB
2026-06-19 12:34:39,663 - INFO - Processing: KOTAKBANK.NS
2026-06-19 12:34:40,458 - INFO -   KOTAKBANK.NS: 1874 rows stored in DB
2026-06-19 12:34:40,458 - INFO - Processing: LT.NS
2026-06-19 12:34:41,280 - INFO -   LT.NS: 1874 rows stored in DB
2026-06-19 12:34:41,281 - INFO - Processing: AXISBANK.NS
2026-06-19 12:34:42,072 - INFO -   AXISBANK.NS: 1874 rows stored in DB
2026-06-19 12:34:42,072 - INFO - Processing: BAJFINANCE.NS
2026-06-19 12:34:42,895 - INFO -   BAJFINANCE.NS: 1874 rows stored in DB
2026-06-19 12:34:42,896 - INFO - Processing: ASIANPAINT.NS
2026-06-19 12:34:43,738 - INFO -   ASIANPAINT.NS: 1874 rows stored in DB
2026-06-19 12:34:43,738 - INFO - Processing: MARUTI.NS
2026-06-19 12:34:44,589 - INFO -   MARUTI.NS: 1874 rows stored in DB
2026-06-19 12:34:44,589 - INFO - Processing: SUNPHARMA.NS
2026-06-19 12:34:45,402 - INFO -   SUNPHARMA.NS: 1874 rows stored in DB
2026-06-19 12:34:45,402 - INFO - Processing: WIPRO.NS
2026-06-19 12:34:46,268 - INFO -   WIPRO.NS: 1874 rows stored in DB
2026-06-19 12:34:46,268 - INFO - Processing: POWERGRID.NS
2026-06-19 12:34:47,056 - INFO -   POWERGRID.NS: 1874 rows stored in DB
2026-06-19 12:34:47,056 - INFO - Processing: NTPC.NS
2026-06-19 12:34:47,849 - INFO -   NTPC.NS: 1874 rows stored in DB
2026-06-19 12:34:47,849 - INFO - Processing: ONGC.NS
2026-06-19 12:34:48,706 - INFO -   ONGC.NS: 1874 rows stored in DB
2026-06-19 12:34:48,706 - INFO - Processing: ^NSEI
2026-06-19 12:34:49,387 - INFO -   ^NSEI: 1874 rows stored in DB
2026-06-19 12:34:49,387 - INFO - Processing: ^NSEBANK
2026-06-19 12:34:50,080 - INFO -   ^NSEBANK: 1874 rows stored in DB
2026-06-19 12:34:50,080 - INFO - Processing: ^BSESN
2026-06-19 12:34:50,795 - INFO -   ^BSESN: 1874 rows stored in DB
2026-06-19 12:34:50,795 - INFO - Processing: ^NSEMDCP50
2026-06-19 12:34:51,493 - INFO -   ^NSEMDCP50: 1874 rows stored in DB
2026-06-19 12:34:51,493 - INFO - Processing: NIFTY_FIN_SERVICE.NS
2026-06-19 12:34:52,388 - INFO -   NIFTY_FIN_SERVICE.NS: 1874 rows stored in DB
2026-06-19 12:34:52,446 - INFO - README updated.
2026-06-19 12:34:52,446 - INFO - All done.
2026-06-22 09:11:46,480 - INFO - Processing 25 symbols
2026-06-22 09:11:46,481 - INFO - Processing: RELIANCE.NS
2026-06-22 09:11:47,421 - INFO -   RELIANCE.NS: 1826 rows stored in DB
2026-06-22 09:11:47,422 - INFO - Processing: HDFCBANK.NS
2026-06-22 09:11:48,203 - INFO -   HDFCBANK.NS: 1826 rows stored in DB
2026-06-22 09:11:48,203 - INFO - Processing: ICICIBANK.NS
2026-06-22 09:11:49,006 - INFO -   ICICIBANK.NS: 1826 rows stored in DB
2026-06-22 09:11:49,006 - INFO - Processing: INFY.NS
2026-06-22 09:11:49,813 - INFO -   INFY.NS: 1826 rows stored in DB
2026-06-22 09:11:49,813 - INFO - Processing: TCS.NS
2026-06-22 09:11:50,607 - INFO -   TCS.NS: 1826 rows stored in DB
2026-06-22 09:11:50,607 - INFO - Processing: ITC.NS
2026-06-22 09:11:51,400 - INFO -   ITC.NS: 1826 rows stored in DB
2026-06-22 09:11:51,400 - INFO - Processing: HINDUNILVR.NS
2026-06-22 09:11:52,192 - INFO -   HINDUNILVR.NS: 1826 rows stored in DB
2026-06-22 09:11:52,192 - INFO - Processing: SBIN.NS
2026-06-22 09:11:53,019 - INFO -   SBIN.NS: 1826 rows stored in DB
2026-06-22 09:11:53,019 - INFO - Processing: BHARTIARTL.NS
2026-06-22 09:11:53,805 - INFO -   BHARTIARTL.NS: 1826 rows stored in DB
2026-06-22 09:11:53,805 - INFO - Processing: KOTAKBANK.NS
2026-06-22 09:11:54,596 - INFO -   KOTAKBANK.NS: 1826 rows stored in DB
2026-06-22 09:11:54,596 - INFO - Processing: LT.NS
2026-06-22 09:11:55,380 - INFO -   LT.NS: 1826 rows stored in DB
2026-06-22 09:11:55,381 - INFO - Processing: AXISBANK.NS
2026-06-22 09:11:56,180 - INFO -   AXISBANK.NS: 1826 rows stored in DB
2026-06-22 09:11:56,181 - INFO - Processing: BAJFINANCE.NS
2026-06-22 09:11:56,986 - INFO -   BAJFINANCE.NS: 1826 rows stored in DB
2026-06-22 09:11:56,986 - INFO - Processing: ASIANPAINT.NS
2026-06-22 09:11:57,800 - INFO -   ASIANPAINT.NS: 1826 rows stored in DB
2026-06-22 09:11:57,800 - INFO - Processing: MARUTI.NS
2026-06-22 09:11:58,589 - INFO -   MARUTI.NS: 1826 rows stored in DB
2026-06-22 09:11:58,589 - INFO - Processing: SUNPHARMA.NS
2026-06-22 09:11:59,377 - INFO -   SUNPHARMA.NS: 1826 rows stored in DB
2026-06-22 09:11:59,377 - INFO - Processing: WIPRO.NS
2026-06-22 09:12:00,189 - INFO -   WIPRO.NS: 1826 rows stored in DB
2026-06-22 09:12:00,189 - INFO - Processing: POWERGRID.NS
2026-06-22 09:12:00,970 - INFO -   POWERGRID.NS: 1826 rows stored in DB
2026-06-22 09:12:00,970 - INFO - Processing: NTPC.NS
2026-06-22 09:12:01,762 - INFO -   NTPC.NS: 1826 rows stored in DB
2026-06-22 09:12:01,762 - INFO - Processing: ONGC.NS
2026-06-22 09:12:02,555 - INFO -   ONGC.NS: 1826 rows stored in DB
2026-06-22 09:12:02,555 - INFO - Processing: ^NSEI
2026-06-22 09:12:03,254 - INFO -   ^NSEI: 1827 rows stored in DB
2026-06-22 09:12:03,255 - INFO - Processing: ^NSEBANK
2026-06-22 09:12:03,987 - INFO -   ^NSEBANK: 1827 rows stored in DB
2026-06-22 09:12:03,987 - INFO - Processing: ^BSESN
2026-06-22 09:12:04,718 - INFO -   ^BSESN: 1812 rows stored in DB
2026-06-22 09:12:04,718 - INFO - Processing: ^NSEMDCP50
2026-06-22 09:12:05,405 - INFO -   ^NSEMDCP50: 1827 rows stored in DB
2026-06-22 09:12:05,406 - INFO - Processing: NIFTY_FIN_SERVICE.NS
2026-06-22 09:12:06,102 - INFO -   NIFTY_FIN_SERVICE.NS: 1827 rows stored in DB
2026-06-22 09:12:06,161 - INFO - README updated.
2026-06-22 09:12:06,161 - INFO - All done.
2026-06-22 14:51:11,043 - INFO - Processing 25 symbols
2026-06-22 14:51:11,043 - INFO - Processing: RELIANCE.NS
2026-06-22 14:51:12,064 - INFO -   RELIANCE.NS: 1874 rows stored in DB
2026-06-22 14:51:12,065 - INFO - Processing: HDFCBANK.NS
2026-06-22 14:51:12,978 - INFO -   HDFCBANK.NS: 1874 rows stored in DB
2026-06-22 14:51:12,979 - INFO - Processing: ICICIBANK.NS
2026-06-22 14:51:13,852 - INFO -   ICICIBANK.NS: 1874 rows stored in DB
2026-06-22 14:51:13,852 - INFO - Processing: INFY.NS
2026-06-22 14:51:14,895 - INFO -   INFY.NS: 1874 rows stored in DB
2026-06-22 14:51:14,896 - INFO - Processing: TCS.NS
2026-06-22 14:51:15,969 - INFO -   TCS.NS: 1874 rows stored in DB
2026-06-22 14:51:15,969 - INFO - Processing: ITC.NS
2026-06-22 14:51:16,865 - INFO -   ITC.NS: 1874 rows stored in DB
2026-06-22 14:51:16,865 - INFO - Processing: HINDUNILVR.NS
2026-06-22 14:51:17,997 - INFO -   HINDUNILVR.NS: 1874 rows stored in DB
2026-06-22 14:51:17,997 - INFO - Processing: SBIN.NS
2026-06-22 14:51:19,116 - INFO -   SBIN.NS: 1874 rows stored in DB
2026-06-22 14:51:19,116 - INFO - Processing: BHARTIARTL.NS
2026-06-22 14:51:20,200 - INFO -   BHARTIARTL.NS: 1874 rows stored in DB
2026-06-22 14:51:20,200 - INFO - Processing: KOTAKBANK.NS
2026-06-22 14:51:21,183 - INFO -   KOTAKBANK.NS: 1874 rows stored in DB
2026-06-22 14:51:21,184 - INFO - Processing: LT.NS
2026-06-22 14:51:22,176 - INFO -   LT.NS: 1874 rows stored in DB
2026-06-22 14:51:22,176 - INFO - Processing: AXISBANK.NS
2026-06-22 14:51:23,129 - INFO -   AXISBANK.NS: 1874 rows stored in DB
2026-06-22 14:51:23,129 - INFO - Processing: BAJFINANCE.NS
2026-06-22 14:51:24,207 - INFO -   BAJFINANCE.NS: 1874 rows stored in DB
2026-06-22 14:51:24,207 - INFO - Processing: ASIANPAINT.NS
2026-06-22 14:51:25,239 - INFO -   ASIANPAINT.NS: 1874 rows stored in DB
2026-06-22 14:51:25,239 - INFO - Processing: MARUTI.NS
2026-06-22 14:51:26,311 - INFO -   MARUTI.NS: 1874 rows stored in DB
2026-06-22 14:51:26,311 - INFO - Processing: SUNPHARMA.NS
2026-06-22 14:51:27,477 - INFO -   SUNPHARMA.NS: 1874 rows stored in DB
2026-06-22 14:51:27,478 - INFO - Processing: WIPRO.NS
2026-06-22 14:51:28,452 - INFO -   WIPRO.NS: 1874 rows stored in DB
2026-06-22 14:51:28,452 - INFO - Processing: POWERGRID.NS
2026-06-22 14:51:29,507 - INFO -   POWERGRID.NS: 1874 rows stored in DB
2026-06-22 14:51:29,507 - INFO - Processing: NTPC.NS
2026-06-22 14:51:30,508 - INFO -   NTPC.NS: 1874 rows stored in DB
2026-06-22 14:51:30,508 - INFO - Processing: ONGC.NS
2026-06-22 14:51:31,417 - INFO -   ONGC.NS: 1874 rows stored in DB
2026-06-22 14:51:31,418 - INFO - Processing: ^NSEI
2026-06-22 14:51:32,202 - INFO -   ^NSEI: 1874 rows stored in DB
2026-06-22 14:51:32,202 - INFO - Processing: ^NSEBANK
2026-06-22 14:51:33,101 - INFO -   ^NSEBANK: 1874 rows stored in DB
2026-06-22 14:51:33,102 - INFO - Processing: ^BSESN
2026-06-22 14:51:33,993 - INFO -   ^BSESN: 1874 rows stored in DB
2026-06-22 14:51:33,993 - INFO - Processing: ^NSEMDCP50
2026-06-22 14:51:34,854 - INFO -   ^NSEMDCP50: 1874 rows stored in DB
2026-06-22 14:51:34,854 - INFO - Processing: NIFTY_FIN_SERVICE.NS
2026-06-22 14:51:35,670 - INFO -   NIFTY_FIN_SERVICE.NS: 1874 rows stored in DB
2026-06-22 14:51:35,727 - INFO - README updated.
2026-06-22 14:51:35,727 - INFO - All done.
2026-06-23 06:52:31,522 - INFO - Processing 25 symbols
2026-06-23 06:52:31,522 - INFO - Processing: RELIANCE.NS
2026-06-23 06:52:33,389 - INFO -   RELIANCE.NS: 1687 rows stored in DB
2026-06-23 06:52:33,389 - INFO - Processing: HDFCBANK.NS
2026-06-23 06:52:34,469 - INFO -   HDFCBANK.NS: 1687 rows stored in DB
2026-06-23 06:52:34,469 - INFO - Processing: ICICIBANK.NS
2026-06-23 06:52:35,481 - INFO -   ICICIBANK.NS: 1687 rows stored in DB
2026-06-23 06:52:35,481 - INFO - Processing: INFY.NS
2026-06-23 06:52:36,535 - INFO -   INFY.NS: 1687 rows stored in DB
2026-06-23 06:52:36,535 - INFO - Processing: TCS.NS
2026-06-23 06:52:37,524 - INFO -   TCS.NS: 1687 rows stored in DB
2026-06-23 06:52:37,524 - INFO - Processing: ITC.NS
2026-06-23 06:52:38,560 - INFO -   ITC.NS: 1687 rows stored in DB
2026-06-23 06:52:38,560 - INFO - Processing: HINDUNILVR.NS
2026-06-23 06:52:39,605 - INFO -   HINDUNILVR.NS: 1687 rows stored in DB
2026-06-23 06:52:39,605 - INFO - Processing: SBIN.NS
2026-06-23 06:52:40,618 - INFO -   SBIN.NS: 1687 rows stored in DB
2026-06-23 06:52:40,618 - INFO - Processing: BHARTIARTL.NS
2026-06-23 06:52:41,616 - INFO -   BHARTIARTL.NS: 1687 rows stored in DB
2026-06-23 06:52:41,616 - INFO - Processing: KOTAKBANK.NS
2026-06-23 06:52:42,661 - INFO -   KOTAKBANK.NS: 1687 rows stored in DB
2026-06-23 06:52:42,661 - INFO - Processing: LT.NS
2026-06-23 06:52:43,662 - INFO -   LT.NS: 1687 rows stored in DB
2026-06-23 06:52:43,662 - INFO - Processing: AXISBANK.NS
2026-06-23 06:52:44,734 - INFO -   AXISBANK.NS: 1687 rows stored in DB
2026-06-23 06:52:44,734 - INFO - Processing: BAJFINANCE.NS
2026-06-23 06:52:45,754 - INFO -   BAJFINANCE.NS: 1687 rows stored in DB
2026-06-23 06:52:45,754 - INFO - Processing: ASIANPAINT.NS
2026-06-23 06:52:46,757 - INFO -   ASIANPAINT.NS: 1687 rows stored in DB
2026-06-23 06:52:46,757 - INFO - Processing: MARUTI.NS
2026-06-23 06:52:47,768 - INFO -   MARUTI.NS: 1687 rows stored in DB
2026-06-23 06:52:47,768 - INFO - Processing: SUNPHARMA.NS
2026-06-23 06:52:48,802 - INFO -   SUNPHARMA.NS: 1687 rows stored in DB
2026-06-23 06:52:48,802 - INFO - Processing: WIPRO.NS
2026-06-23 06:52:49,860 - INFO -   WIPRO.NS: 1687 rows stored in DB
2026-06-23 06:52:49,861 - INFO - Processing: POWERGRID.NS
2026-06-23 06:52:50,863 - INFO -   POWERGRID.NS: 1687 rows stored in DB
2026-06-23 06:52:50,863 - INFO - Processing: NTPC.NS
2026-06-23 06:52:51,862 - INFO -   NTPC.NS: 1687 rows stored in DB
2026-06-23 06:52:51,862 - INFO - Processing: ONGC.NS
2026-06-23 06:52:52,859 - INFO -   ONGC.NS: 1687 rows stored in DB
2026-06-23 06:52:52,859 - INFO - Processing: ^NSEI
2026-06-23 06:52:53,769 - INFO -   ^NSEI: 1687 rows stored in DB
2026-06-23 06:52:53,769 - INFO - Processing: ^NSEBANK
2026-06-23 06:52:54,678 - INFO -   ^NSEBANK: 1687 rows stored in DB
2026-06-23 06:52:54,679 - INFO - Processing: ^BSESN
2026-06-23 06:52:55,572 - INFO -   ^BSESN: 1672 rows stored in DB
2026-06-23 06:52:55,572 - INFO - Processing: ^NSEMDCP50
2026-06-23 06:52:56,461 - INFO -   ^NSEMDCP50: 1687 rows stored in DB
2026-06-23 06:52:56,462 - INFO - Processing: NIFTY_FIN_SERVICE.NS
2026-06-23 06:52:57,353 - INFO -   NIFTY_FIN_SERVICE.NS: 1687 rows stored in DB
2026-06-23 06:52:57,416 - INFO - README updated.
2026-06-23 06:52:57,416 - INFO - All done.
2026-06-23 10:31:25,789 - INFO - Processing 25 symbols
2026-06-23 10:31:25,789 - INFO - Processing: RELIANCE.NS
2026-06-23 10:31:27,317 - INFO -   RELIANCE.NS: 1874 rows stored in DB
2026-06-23 10:31:27,318 - INFO - Processing: HDFCBANK.NS
2026-06-23 10:31:28,466 - INFO -   HDFCBANK.NS: 1874 rows stored in DB
2026-06-23 10:31:28,467 - INFO - Processing: ICICIBANK.NS
2026-06-23 10:31:29,595 - INFO -   ICICIBANK.NS: 1874 rows stored in DB
2026-06-23 10:31:29,595 - INFO - Processing: INFY.NS
2026-06-23 10:31:30,805 - INFO -   INFY.NS: 1874 rows stored in DB
2026-06-23 10:31:30,805 - INFO - Processing: TCS.NS
2026-06-23 10:31:31,982 - INFO -   TCS.NS: 1874 rows stored in DB
2026-06-23 10:31:31,982 - INFO - Processing: ITC.NS
2026-06-23 10:31:33,110 - INFO -   ITC.NS: 1874 rows stored in DB
2026-06-23 10:31:33,110 - INFO - Processing: HINDUNILVR.NS
2026-06-23 10:31:34,219 - INFO -   HINDUNILVR.NS: 1873 rows stored in DB
2026-06-23 10:31:34,219 - INFO - Processing: SBIN.NS
2026-06-23 10:31:35,264 - INFO -   SBIN.NS: 1874 rows stored in DB
2026-06-23 10:31:35,264 - INFO - Processing: BHARTIARTL.NS
2026-06-23 10:31:36,441 - INFO -   BHARTIARTL.NS: 1874 rows stored in DB
2026-06-23 10:31:36,441 - INFO - Processing: KOTAKBANK.NS
2026-06-23 10:31:37,505 - INFO -   KOTAKBANK.NS: 1874 rows stored in DB
2026-06-23 10:31:37,505 - INFO - Processing: LT.NS
2026-06-23 10:31:38,667 - INFO -   LT.NS: 1874 rows stored in DB
2026-06-23 10:31:38,667 - INFO - Processing: AXISBANK.NS
2026-06-23 10:31:39,702 - INFO -   AXISBANK.NS: 1874 rows stored in DB
2026-06-23 10:31:39,703 - INFO - Processing: BAJFINANCE.NS
2026-06-23 10:31:40,855 - INFO -   BAJFINANCE.NS: 1874 rows stored in DB
2026-06-23 10:31:40,855 - INFO - Processing: ASIANPAINT.NS
2026-06-23 10:31:41,980 - INFO -   ASIANPAINT.NS: 1874 rows stored in DB
2026-06-23 10:31:41,980 - INFO - Processing: MARUTI.NS
2026-06-23 10:31:43,128 - INFO -   MARUTI.NS: 1874 rows stored in DB
2026-06-23 10:31:43,128 - INFO - Processing: SUNPHARMA.NS
2026-06-23 10:31:44,188 - INFO -   SUNPHARMA.NS: 1874 rows stored in DB
2026-06-23 10:31:44,188 - INFO - Processing: WIPRO.NS
2026-06-23 10:31:45,409 - INFO -   WIPRO.NS: 1874 rows stored in DB
2026-06-23 10:31:45,409 - INFO - Processing: POWERGRID.NS
2026-06-23 10:31:46,520 - INFO -   POWERGRID.NS: 1874 rows stored in DB
2026-06-23 10:31:46,520 - INFO - Processing: NTPC.NS
2026-06-23 10:31:47,741 - INFO -   NTPC.NS: 1874 rows stored in DB
2026-06-23 10:31:47,741 - INFO - Processing: ONGC.NS
2026-06-23 10:31:48,826 - INFO -   ONGC.NS: 1874 rows stored in DB
2026-06-23 10:31:48,826 - INFO - Processing: ^NSEI
2026-06-23 10:31:49,779 - INFO -   ^NSEI: 1874 rows stored in DB
2026-06-23 10:31:49,779 - INFO - Processing: ^NSEBANK
2026-06-23 10:31:50,754 - INFO -   ^NSEBANK: 1874 rows stored in DB
2026-06-23 10:31:50,754 - INFO - Processing: ^BSESN
2026-06-23 10:31:51,692 - INFO -   ^BSESN: 1874 rows stored in DB
2026-06-23 10:31:51,692 - INFO - Processing: ^NSEMDCP50
2026-06-23 10:31:52,645 - INFO -   ^NSEMDCP50: 1874 rows stored in DB
2026-06-23 10:31:52,646 - INFO - Processing: NIFTY_FIN_SERVICE.NS
2026-06-23 10:31:53,679 - INFO -   NIFTY_FIN_SERVICE.NS: 1874 rows stored in DB
2026-06-23 10:31:53,737 - INFO - README updated.
2026-06-23 10:31:53,738 - INFO - All done.
2026-06-23 13:24:35,352 - INFO - Processing 25 symbols
2026-06-23 13:24:35,353 - INFO - Processing: RELIANCE.NS
2026-06-23 13:24:36,449 - INFO -   RELIANCE.NS: 1874 rows stored in DB
2026-06-23 13:24:36,449 - INFO - Processing: HDFCBANK.NS
2026-06-23 13:24:37,509 - INFO -   HDFCBANK.NS: 1874 rows stored in DB
2026-06-23 13:24:37,509 - INFO - Processing: ICICIBANK.NS
2026-06-23 13:24:38,487 - INFO -   ICICIBANK.NS: 1874 rows stored in DB
2026-06-23 13:24:38,487 - INFO - Processing: INFY.NS
2026-06-23 13:24:39,523 - INFO -   INFY.NS: 1874 rows stored in DB
2026-06-23 13:24:39,523 - INFO - Processing: TCS.NS
2026-06-23 13:24:40,520 - INFO -   TCS.NS: 1874 rows stored in DB
2026-06-23 13:24:40,520 - INFO - Processing: ITC.NS
2026-06-23 13:24:41,503 - INFO -   ITC.NS: 1874 rows stored in DB
2026-06-23 13:24:41,503 - INFO - Processing: HINDUNILVR.NS
2026-06-23 13:24:42,500 - INFO -   HINDUNILVR.NS: 1874 rows stored in DB
2026-06-23 13:24:42,500 - INFO - Processing: SBIN.NS
2026-06-23 13:24:43,505 - INFO -   SBIN.NS: 1874 rows stored in DB
2026-06-23 13:24:43,505 - INFO - Processing: BHARTIARTL.NS
2026-06-23 13:24:44,524 - INFO -   BHARTIARTL.NS: 1874 rows stored in DB
2026-06-23 13:24:44,524 - INFO - Processing: KOTAKBANK.NS
2026-06-23 13:24:45,560 - INFO -   KOTAKBANK.NS: 1874 rows stored in DB
2026-06-23 13:24:45,560 - INFO - Processing: LT.NS
2026-06-23 13:24:46,544 - INFO -   LT.NS: 1874 rows stored in DB
2026-06-23 13:24:46,545 - INFO - Processing: AXISBANK.NS
2026-06-23 13:24:47,566 - INFO -   AXISBANK.NS: 1874 rows stored in DB
2026-06-23 13:24:47,566 - INFO - Processing: BAJFINANCE.NS
2026-06-23 13:24:48,635 - INFO -   BAJFINANCE.NS: 1874 rows stored in DB
2026-06-23 13:24:48,635 - INFO - Processing: ASIANPAINT.NS
2026-06-23 13:24:49,682 - INFO -   ASIANPAINT.NS: 1874 rows stored in DB
2026-06-23 13:24:49,682 - INFO - Processing: MARUTI.NS
2026-06-23 13:24:50,830 - INFO -   MARUTI.NS: 1874 rows stored in DB
2026-06-23 13:24:50,830 - INFO - Processing: SUNPHARMA.NS
2026-06-23 13:24:51,863 - INFO -   SUNPHARMA.NS: 1874 rows stored in DB
2026-06-23 13:24:51,863 - INFO - Processing: WIPRO.NS
2026-06-23 13:24:52,886 - INFO -   WIPRO.NS: 1874 rows stored in DB
2026-06-23 13:24:52,887 - INFO - Processing: POWERGRID.NS
2026-06-23 13:24:53,909 - INFO -   POWERGRID.NS: 1874 rows stored in DB
2026-06-23 13:24:53,909 - INFO - Processing: NTPC.NS
2026-06-23 13:24:54,933 - INFO -   NTPC.NS: 1874 rows stored in DB
2026-06-23 13:24:54,933 - INFO - Processing: ONGC.NS
2026-06-23 13:24:55,946 - INFO -   ONGC.NS: 1874 rows stored in DB
2026-06-23 13:24:55,946 - INFO - Processing: ^NSEI
2026-06-23 13:24:56,802 - INFO -   ^NSEI: 1874 rows stored in DB
2026-06-23 13:24:56,802 - INFO - Processing: ^NSEBANK
2026-06-23 13:24:57,670 - INFO -   ^NSEBANK: 1874 rows stored in DB
2026-06-23 13:24:57,670 - INFO - Processing: ^BSESN
2026-06-23 13:24:58,621 - INFO -   ^BSESN: 1874 rows stored in DB
2026-06-23 13:24:58,621 - INFO - Processing: ^NSEMDCP50
2026-06-23 13:24:59,565 - INFO -   ^NSEMDCP50: 1874 rows stored in DB
2026-06-23 13:24:59,565 - INFO - Processing: NIFTY_FIN_SERVICE.NS
2026-06-23 13:25:00,429 - INFO -   NIFTY_FIN_SERVICE.NS: 1874 rows stored in DB
2026-06-23 13:25:00,491 - INFO - README updated.
2026-06-23 13:25:00,491 - INFO - All done.
2026-06-24 06:50:23,453 - INFO - Processing 25 symbols
2026-06-24 06:50:23,453 - INFO - Processing: RELIANCE.NS
2026-06-24 06:50:24,685 - INFO -   RELIANCE.NS: 1685 rows stored in DB
2026-06-24 06:50:24,685 - INFO - Processing: HDFCBANK.NS
2026-06-24 06:50:25,663 - INFO -   HDFCBANK.NS: 1685 rows stored in DB
2026-06-24 06:50:25,664 - INFO - Processing: ICICIBANK.NS
2026-06-24 06:50:26,604 - INFO -   ICICIBANK.NS: 1685 rows stored in DB
2026-06-24 06:50:26,605 - INFO - Processing: INFY.NS
2026-06-24 06:50:27,596 - INFO -   INFY.NS: 1685 rows stored in DB
2026-06-24 06:50:27,596 - INFO - Processing: TCS.NS
2026-06-24 06:50:28,597 - INFO -   TCS.NS: 1685 rows stored in DB
2026-06-24 06:50:28,597 - INFO - Processing: ITC.NS
2026-06-24 06:50:29,546 - INFO -   ITC.NS: 1685 rows stored in DB
2026-06-24 06:50:29,546 - INFO - Processing: HINDUNILVR.NS
2026-06-24 06:50:30,407 - INFO -   HINDUNILVR.NS: 1685 rows stored in DB
2026-06-24 06:50:30,407 - INFO - Processing: SBIN.NS
2026-06-24 06:50:31,335 - INFO -   SBIN.NS: 1685 rows stored in DB
2026-06-24 06:50:31,335 - INFO - Processing: BHARTIARTL.NS
2026-06-24 06:50:32,276 - INFO -   BHARTIARTL.NS: 1685 rows stored in DB
2026-06-24 06:50:32,276 - INFO - Processing: KOTAKBANK.NS
2026-06-24 06:50:33,242 - INFO -   KOTAKBANK.NS: 1685 rows stored in DB
2026-06-24 06:50:33,243 - INFO - Processing: LT.NS
2026-06-24 06:50:34,193 - INFO -   LT.NS: 1685 rows stored in DB
2026-06-24 06:50:34,193 - INFO - Processing: AXISBANK.NS
2026-06-24 06:50:35,154 - INFO -   AXISBANK.NS: 1685 rows stored in DB
2026-06-24 06:50:35,155 - INFO - Processing: BAJFINANCE.NS
2026-06-24 06:50:36,063 - INFO -   BAJFINANCE.NS: 1685 rows stored in DB
2026-06-24 06:50:36,063 - INFO - Processing: ASIANPAINT.NS
2026-06-24 06:50:37,003 - INFO -   ASIANPAINT.NS: 1685 rows stored in DB
2026-06-24 06:50:37,003 - INFO - Processing: MARUTI.NS
2026-06-24 06:50:37,899 - INFO -   MARUTI.NS: 1685 rows stored in DB
2026-06-24 06:50:37,900 - INFO - Processing: SUNPHARMA.NS
2026-06-24 06:50:38,866 - INFO -   SUNPHARMA.NS: 1685 rows stored in DB
2026-06-24 06:50:38,866 - INFO - Processing: WIPRO.NS
2026-06-24 06:50:39,834 - INFO -   WIPRO.NS: 1685 rows stored in DB
2026-06-24 06:50:39,834 - INFO - Processing: POWERGRID.NS
2026-06-24 06:50:40,828 - INFO -   POWERGRID.NS: 1685 rows stored in DB
2026-06-24 06:50:40,828 - INFO - Processing: NTPC.NS
2026-06-24 06:50:41,755 - INFO -   NTPC.NS: 1685 rows stored in DB
2026-06-24 06:50:41,755 - INFO - Processing: ONGC.NS
2026-06-24 06:50:42,693 - INFO -   ONGC.NS: 1685 rows stored in DB
2026-06-24 06:50:42,693 - INFO - Processing: ^NSEI
2026-06-24 06:50:43,669 - INFO -   ^NSEI: 1685 rows stored in DB
2026-06-24 06:50:43,669 - INFO - Processing: ^NSEBANK
2026-06-24 06:50:44,514 - INFO -   ^NSEBANK: 1685 rows stored in DB
2026-06-24 06:50:44,514 - INFO - Processing: ^BSESN
2026-06-24 06:50:45,412 - INFO -   ^BSESN: 1670 rows stored in DB
2026-06-24 06:50:45,412 - INFO - Processing: ^NSEMDCP50
2026-06-24 06:50:46,278 - INFO -   ^NSEMDCP50: 1685 rows stored in DB
2026-06-24 06:50:46,278 - INFO - Processing: NIFTY_FIN_SERVICE.NS
2026-06-24 06:50:47,237 - INFO -   NIFTY_FIN_SERVICE.NS: 1685 rows stored in DB
2026-06-24 06:50:47,296 - INFO - README updated.
2026-06-24 06:50:47,296 - INFO - All done.
2026-06-24 10:11:26,693 - INFO - Processing 25 symbols
2026-06-24 10:11:26,693 - INFO - Processing: RELIANCE.NS
2026-06-24 10:11:27,937 - INFO -   RELIANCE.NS: 1874 rows stored in DB
2026-06-24 10:11:27,937 - INFO - Processing: HDFCBANK.NS
2026-06-24 10:11:28,892 - INFO -   HDFCBANK.NS: 1874 rows stored in DB
2026-06-24 10:11:28,892 - INFO - Processing: ICICIBANK.NS
2026-06-24 10:11:29,866 - INFO -   ICICIBANK.NS: 1874 rows stored in DB
2026-06-24 10:11:29,867 - INFO - Processing: INFY.NS
2026-06-24 10:11:30,872 - INFO -   INFY.NS: 1874 rows stored in DB
2026-06-24 10:11:30,872 - INFO - Processing: TCS.NS
2026-06-24 10:11:31,814 - INFO -   TCS.NS: 1874 rows stored in DB
2026-06-24 10:11:31,814 - INFO - Processing: ITC.NS
2026-06-24 10:11:32,814 - INFO -   ITC.NS: 1874 rows stored in DB
2026-06-24 10:11:32,814 - INFO - Processing: HINDUNILVR.NS
2026-06-24 10:11:33,776 - INFO -   HINDUNILVR.NS: 1874 rows stored in DB
2026-06-24 10:11:33,776 - INFO - Processing: SBIN.NS
2026-06-24 10:11:34,770 - INFO -   SBIN.NS: 1873 rows stored in DB
2026-06-24 10:11:34,770 - INFO - Processing: BHARTIARTL.NS
2026-06-24 10:11:35,758 - INFO -   BHARTIARTL.NS: 1874 rows stored in DB
2026-06-24 10:11:35,758 - INFO - Processing: KOTAKBANK.NS
2026-06-24 10:11:36,727 - INFO -   KOTAKBANK.NS: 1874 rows stored in DB
2026-06-24 10:11:36,728 - INFO - Processing: LT.NS
2026-06-24 10:11:37,717 - INFO -   LT.NS: 1874 rows stored in DB
2026-06-24 10:11:37,718 - INFO - Processing: AXISBANK.NS
2026-06-24 10:11:38,726 - INFO -   AXISBANK.NS: 1873 rows stored in DB
2026-06-24 10:11:38,726 - INFO - Processing: BAJFINANCE.NS
2026-06-24 10:11:39,731 - INFO -   BAJFINANCE.NS: 1874 rows stored in DB
2026-06-24 10:11:39,731 - INFO - Processing: ASIANPAINT.NS
2026-06-24 10:11:40,700 - INFO -   ASIANPAINT.NS: 1873 rows stored in DB
2026-06-24 10:11:40,700 - INFO - Processing: MARUTI.NS
2026-06-24 10:11:41,666 - INFO -   MARUTI.NS: 1874 rows stored in DB
2026-06-24 10:11:41,667 - INFO - Processing: SUNPHARMA.NS
2026-06-24 10:11:42,652 - INFO -   SUNPHARMA.NS: 1873 rows stored in DB
2026-06-24 10:11:42,652 - INFO - Processing: WIPRO.NS
2026-06-24 10:11:43,629 - INFO -   WIPRO.NS: 1874 rows stored in DB
2026-06-24 10:11:43,630 - INFO - Processing: POWERGRID.NS
2026-06-24 10:11:44,616 - INFO -   POWERGRID.NS: 1874 rows stored in DB
2026-06-24 10:11:44,616 - INFO - Processing: NTPC.NS
2026-06-24 10:11:45,580 - INFO -   NTPC.NS: 1874 rows stored in DB
2026-06-24 10:11:45,580 - INFO - Processing: ONGC.NS
2026-06-24 10:11:46,589 - INFO -   ONGC.NS: 1874 rows stored in DB
2026-06-24 10:11:46,589 - INFO - Processing: ^NSEI
2026-06-24 10:11:47,424 - INFO -   ^NSEI: 1874 rows stored in DB
2026-06-24 10:11:47,424 - INFO - Processing: ^NSEBANK
2026-06-24 10:11:48,281 - INFO -   ^NSEBANK: 1874 rows stored in DB
2026-06-24 10:11:48,281 - INFO - Processing: ^BSESN
2026-06-24 10:11:49,147 - INFO -   ^BSESN: 1870 rows stored in DB
2026-06-24 10:11:49,147 - INFO - Processing: ^NSEMDCP50
2026-06-24 10:11:49,997 - INFO -   ^NSEMDCP50: 1874 rows stored in DB
2026-06-24 10:11:49,998 - INFO - Processing: NIFTY_FIN_SERVICE.NS
2026-06-24 10:11:50,842 - INFO -   NIFTY_FIN_SERVICE.NS: 1874 rows stored in DB
2026-06-24 10:11:50,903 - INFO - README updated.
2026-06-24 10:11:50,903 - INFO - All done.
2026-06-24 12:30:08,422 - INFO - Processing 25 symbols
2026-06-24 12:30:08,422 - INFO - Processing: RELIANCE.NS
2026-06-24 12:30:09,497 - INFO -   RELIANCE.NS: 1874 rows stored in DB
2026-06-24 12:30:09,497 - INFO - Processing: HDFCBANK.NS
2026-06-24 12:30:10,466 - INFO -   HDFCBANK.NS: 1874 rows stored in DB
2026-06-24 12:30:10,466 - INFO - Processing: ICICIBANK.NS
2026-06-24 12:30:11,504 - INFO -   ICICIBANK.NS: 1874 rows stored in DB
2026-06-24 12:30:11,504 - INFO - Processing: INFY.NS
2026-06-24 12:30:12,535 - INFO -   INFY.NS: 1874 rows stored in DB
2026-06-24 12:30:12,536 - INFO - Processing: TCS.NS
2026-06-24 12:30:13,533 - INFO -   TCS.NS: 1874 rows stored in DB
2026-06-24 12:30:13,533 - INFO - Processing: ITC.NS
2026-06-24 12:30:14,491 - INFO -   ITC.NS: 1874 rows stored in DB
2026-06-24 12:30:14,491 - INFO - Processing: HINDUNILVR.NS
2026-06-24 12:30:15,461 - INFO -   HINDUNILVR.NS: 1874 rows stored in DB
2026-06-24 12:30:15,461 - INFO - Processing: SBIN.NS
2026-06-24 12:30:16,436 - INFO -   SBIN.NS: 1874 rows stored in DB
2026-06-24 12:30:16,436 - INFO - Processing: BHARTIARTL.NS
2026-06-24 12:30:17,375 - INFO -   BHARTIARTL.NS: 1874 rows stored in DB
2026-06-24 12:30:17,376 - INFO - Processing: KOTAKBANK.NS
2026-06-24 12:30:18,359 - INFO -   KOTAKBANK.NS: 1874 rows stored in DB
2026-06-24 12:30:18,359 - INFO - Processing: LT.NS
2026-06-24 12:30:19,314 - INFO -   LT.NS: 1874 rows stored in DB
2026-06-24 12:30:19,314 - INFO - Processing: AXISBANK.NS
2026-06-24 12:30:20,279 - INFO -   AXISBANK.NS: 1874 rows stored in DB
2026-06-24 12:30:20,279 - INFO - Processing: BAJFINANCE.NS
2026-06-24 12:30:21,261 - INFO -   BAJFINANCE.NS: 1874 rows stored in DB
2026-06-24 12:30:21,261 - INFO - Processing: ASIANPAINT.NS
2026-06-24 12:30:22,213 - INFO -   ASIANPAINT.NS: 1874 rows stored in DB
2026-06-24 12:30:22,213 - INFO - Processing: MARUTI.NS
2026-06-24 12:30:23,174 - INFO -   MARUTI.NS: 1874 rows stored in DB
2026-06-24 12:30:23,174 - INFO - Processing: SUNPHARMA.NS
2026-06-24 12:30:24,169 - INFO -   SUNPHARMA.NS: 1874 rows stored in DB
2026-06-24 12:30:24,170 - INFO - Processing: WIPRO.NS
2026-06-24 12:30:25,143 - INFO -   WIPRO.NS: 1874 rows stored in DB
2026-06-24 12:30:25,144 - INFO - Processing: POWERGRID.NS
2026-06-24 12:30:26,106 - INFO -   POWERGRID.NS: 1874 rows stored in DB
2026-06-24 12:30:26,106 - INFO - Processing: NTPC.NS
2026-06-24 12:30:27,076 - INFO -   NTPC.NS: 1874 rows stored in DB
2026-06-24 12:30:27,076 - INFO - Processing: ONGC.NS
2026-06-24 12:30:28,099 - INFO -   ONGC.NS: 1874 rows stored in DB
2026-06-24 12:30:28,099 - INFO - Processing: ^NSEI
2026-06-24 12:30:28,978 - INFO -   ^NSEI: 1874 rows stored in DB
2026-06-24 12:30:28,979 - INFO - Processing: ^NSEBANK
2026-06-24 12:30:29,855 - INFO -   ^NSEBANK: 1874 rows stored in DB
2026-06-24 12:30:29,855 - INFO - Processing: ^BSESN
2026-06-24 12:30:30,762 - INFO -   ^BSESN: 1874 rows stored in DB
2026-06-24 12:30:30,762 - INFO - Processing: ^NSEMDCP50
2026-06-24 12:30:31,704 - INFO -   ^NSEMDCP50: 1874 rows stored in DB
2026-06-24 12:30:31,704 - INFO - Processing: NIFTY_FIN_SERVICE.NS
2026-06-24 12:30:32,627 - INFO -   NIFTY_FIN_SERVICE.NS: 1874 rows stored in DB
2026-06-24 12:30:32,688 - INFO - README updated.
2026-06-24 12:30:32,688 - INFO - All done.
2026-06-25 06:49:49,178 - INFO - Processing 25 symbols
2026-06-25 06:49:49,178 - INFO - Processing: RELIANCE.NS
2026-06-25 06:49:50,299 - INFO -   RELIANCE.NS: 1683 rows stored in DB
2026-06-25 06:49:50,299 - INFO - Processing: HDFCBANK.NS
2026-06-25 06:49:51,229 - INFO -   HDFCBANK.NS: 1683 rows stored in DB
2026-06-25 06:49:51,230 - INFO - Processing: ICICIBANK.NS
2026-06-25 06:49:52,111 - INFO -   ICICIBANK.NS: 1683 rows stored in DB
2026-06-25 06:49:52,111 - INFO - Processing: INFY.NS
2026-06-25 06:49:53,038 - INFO -   INFY.NS: 1684 rows stored in DB
2026-06-25 06:49:53,038 - INFO - Processing: TCS.NS
2026-06-25 06:49:53,914 - INFO -   TCS.NS: 1683 rows stored in DB
2026-06-25 06:49:53,914 - INFO - Processing: ITC.NS
2026-06-25 06:49:54,829 - INFO -   ITC.NS: 1683 rows stored in DB
2026-06-25 06:49:54,829 - INFO - Processing: HINDUNILVR.NS
2026-06-25 06:49:55,724 - INFO -   HINDUNILVR.NS: 1683 rows stored in DB
2026-06-25 06:49:55,724 - INFO - Processing: SBIN.NS
2026-06-25 06:49:56,638 - INFO -   SBIN.NS: 1683 rows stored in DB
2026-06-25 06:49:56,639 - INFO - Processing: BHARTIARTL.NS
2026-06-25 06:49:57,546 - INFO -   BHARTIARTL.NS: 1683 rows stored in DB
2026-06-25 06:49:57,546 - INFO - Processing: KOTAKBANK.NS
2026-06-25 06:49:58,437 - INFO -   KOTAKBANK.NS: 1683 rows stored in DB
2026-06-25 06:49:58,437 - INFO - Processing: LT.NS
2026-06-25 06:49:59,354 - INFO -   LT.NS: 1684 rows stored in DB
2026-06-25 06:49:59,355 - INFO - Processing: AXISBANK.NS
2026-06-25 06:50:00,245 - INFO -   AXISBANK.NS: 1683 rows stored in DB
2026-06-25 06:50:00,245 - INFO - Processing: BAJFINANCE.NS
2026-06-25 06:50:01,131 - INFO -   BAJFINANCE.NS: 1683 rows stored in DB
2026-06-25 06:50:01,131 - INFO - Processing: ASIANPAINT.NS
2026-06-25 06:50:02,035 - INFO -   ASIANPAINT.NS: 1683 rows stored in DB
2026-06-25 06:50:02,036 - INFO - Processing: MARUTI.NS
2026-06-25 06:50:02,953 - INFO -   MARUTI.NS: 1683 rows stored in DB
2026-06-25 06:50:02,953 - INFO - Processing: SUNPHARMA.NS
2026-06-25 06:50:03,881 - INFO -   SUNPHARMA.NS: 1683 rows stored in DB
2026-06-25 06:50:03,881 - INFO - Processing: WIPRO.NS
2026-06-25 06:50:04,791 - INFO -   WIPRO.NS: 1684 rows stored in DB
2026-06-25 06:50:04,791 - INFO - Processing: POWERGRID.NS
2026-06-25 06:50:05,710 - INFO -   POWERGRID.NS: 1684 rows stored in DB
2026-06-25 06:50:05,710 - INFO - Processing: NTPC.NS
2026-06-25 06:50:06,602 - INFO -   NTPC.NS: 1684 rows stored in DB
2026-06-25 06:50:06,602 - INFO - Processing: ONGC.NS
2026-06-25 06:50:07,501 - INFO -   ONGC.NS: 1684 rows stored in DB
2026-06-25 06:50:07,502 - INFO - Processing: ^NSEI
2026-06-25 06:50:08,347 - INFO -   ^NSEI: 1684 rows stored in DB
2026-06-25 06:50:08,347 - INFO - Processing: ^NSEBANK
2026-06-25 06:50:09,143 - INFO -   ^NSEBANK: 1684 rows stored in DB
2026-06-25 06:50:09,143 - INFO - Processing: ^BSESN
2026-06-25 06:50:09,918 - INFO -   ^BSESN: 1669 rows stored in DB
2026-06-25 06:50:09,919 - INFO - Processing: ^NSEMDCP50
2026-06-25 06:50:10,722 - INFO -   ^NSEMDCP50: 1684 rows stored in DB
2026-06-25 06:50:10,722 - INFO - Processing: NIFTY_FIN_SERVICE.NS
2026-06-25 06:50:11,536 - INFO -   NIFTY_FIN_SERVICE.NS: 1684 rows stored in DB
2026-06-25 06:50:11,597 - INFO - README updated.
2026-06-25 06:50:11,597 - INFO - All done.
2026-06-25 09:59:03,647 - INFO - Processing 25 symbols
2026-06-25 09:59:03,648 - INFO - Processing: RELIANCE.NS
2026-06-25 09:59:04,880 - INFO -   RELIANCE.NS: 1873 rows stored in DB
2026-06-25 09:59:04,880 - INFO - Processing: HDFCBANK.NS
2026-06-25 09:59:05,886 - INFO -   HDFCBANK.NS: 1873 rows stored in DB
2026-06-25 09:59:05,886 - INFO - Processing: ICICIBANK.NS
2026-06-25 09:59:06,886 - INFO -   ICICIBANK.NS: 1873 rows stored in DB
2026-06-25 09:59:06,887 - INFO - Processing: INFY.NS
2026-06-25 09:59:07,917 - INFO -   INFY.NS: 1874 rows stored in DB
2026-06-25 09:59:07,917 - INFO - Processing: TCS.NS
2026-06-25 09:59:08,926 - INFO -   TCS.NS: 1873 rows stored in DB
2026-06-25 09:59:08,926 - INFO - Processing: ITC.NS
2026-06-25 09:59:09,917 - INFO -   ITC.NS: 1872 rows stored in DB
2026-06-25 09:59:09,918 - INFO - Processing: HINDUNILVR.NS
2026-06-25 09:59:10,918 - INFO -   HINDUNILVR.NS: 1873 rows stored in DB
2026-06-25 09:59:10,918 - INFO - Processing: SBIN.NS
2026-06-25 09:59:11,936 - INFO -   SBIN.NS: 1873 rows stored in DB
2026-06-25 09:59:11,936 - INFO - Processing: BHARTIARTL.NS
2026-06-25 09:59:12,905 - INFO -   BHARTIARTL.NS: 1873 rows stored in DB
2026-06-25 09:59:12,905 - INFO - Processing: KOTAKBANK.NS
2026-06-25 09:59:13,900 - INFO -   KOTAKBANK.NS: 1873 rows stored in DB
2026-06-25 09:59:13,900 - INFO - Processing: LT.NS
2026-06-25 09:59:14,905 - INFO -   LT.NS: 1874 rows stored in DB
2026-06-25 09:59:14,905 - INFO - Processing: AXISBANK.NS
2026-06-25 09:59:15,882 - INFO -   AXISBANK.NS: 1873 rows stored in DB
2026-06-25 09:59:15,883 - INFO - Processing: BAJFINANCE.NS
2026-06-25 09:59:16,865 - INFO -   BAJFINANCE.NS: 1873 rows stored in DB
2026-06-25 09:59:16,865 - INFO - Processing: ASIANPAINT.NS
2026-06-25 09:59:17,867 - INFO -   ASIANPAINT.NS: 1873 rows stored in DB
2026-06-25 09:59:17,867 - INFO - Processing: MARUTI.NS
2026-06-25 09:59:18,850 - INFO -   MARUTI.NS: 1873 rows stored in DB
2026-06-25 09:59:18,850 - INFO - Processing: SUNPHARMA.NS
2026-06-25 09:59:19,844 - INFO -   SUNPHARMA.NS: 1873 rows stored in DB
2026-06-25 09:59:19,844 - INFO - Processing: WIPRO.NS
2026-06-25 09:59:20,868 - INFO -   WIPRO.NS: 1873 rows stored in DB
2026-06-25 09:59:20,868 - INFO - Processing: POWERGRID.NS
2026-06-25 09:59:21,906 - INFO -   POWERGRID.NS: 1874 rows stored in DB
2026-06-25 09:59:21,906 - INFO - Processing: NTPC.NS
2026-06-25 09:59:22,936 - INFO -   NTPC.NS: 1873 rows stored in DB
2026-06-25 09:59:22,936 - INFO - Processing: ONGC.NS
2026-06-25 09:59:23,927 - INFO -   ONGC.NS: 1873 rows stored in DB
2026-06-25 09:59:23,927 - INFO - Processing: ^NSEI
2026-06-25 09:59:24,814 - INFO -   ^NSEI: 1873 rows stored in DB
2026-06-25 09:59:24,814 - INFO - Processing: ^NSEBANK
2026-06-25 09:59:25,676 - INFO -   ^NSEBANK: 1873 rows stored in DB
2026-06-25 09:59:25,676 - INFO - Processing: ^BSESN
2026-06-25 09:59:26,573 - INFO -   ^BSESN: 1858 rows stored in DB
2026-06-25 09:59:26,574 - INFO - Processing: ^NSEMDCP50
2026-06-25 09:59:27,461 - INFO -   ^NSEMDCP50: 1873 rows stored in DB
2026-06-25 09:59:27,461 - INFO - Processing: NIFTY_FIN_SERVICE.NS
2026-06-25 09:59:28,334 - INFO -   NIFTY_FIN_SERVICE.NS: 1873 rows stored in DB
2026-06-25 09:59:28,394 - INFO - README updated.
2026-06-25 09:59:28,395 - INFO - All done.
2026-06-25 12:29:32,970 - INFO - Processing 25 symbols
2026-06-25 12:29:32,970 - INFO - Processing: RELIANCE.NS
2026-06-25 12:29:34,591 - INFO -   RELIANCE.NS: 1874 rows stored in DB
2026-06-25 12:29:34,591 - INFO - Processing: HDFCBANK.NS
2026-06-25 12:29:35,758 - INFO -   HDFCBANK.NS: 1874 rows stored in DB
2026-06-25 12:29:35,758 - INFO - Processing: ICICIBANK.NS
2026-06-25 12:29:36,690 - INFO -   ICICIBANK.NS: 1874 rows stored in DB
2026-06-25 12:29:36,690 - INFO - Processing: INFY.NS
2026-06-25 12:29:37,680 - INFO -   INFY.NS: 1874 rows stored in DB
2026-06-25 12:29:37,680 - INFO - Processing: TCS.NS
2026-06-25 12:29:38,749 - INFO -   TCS.NS: 1874 rows stored in DB
2026-06-25 12:29:38,749 - INFO - Processing: ITC.NS
2026-06-25 12:29:39,673 - INFO -   ITC.NS: 1874 rows stored in DB
2026-06-25 12:29:39,673 - INFO - Processing: HINDUNILVR.NS
2026-06-25 12:29:40,735 - INFO -   HINDUNILVR.NS: 1874 rows stored in DB
2026-06-25 12:29:40,735 - INFO - Processing: SBIN.NS
2026-06-25 12:29:41,907 - INFO -   SBIN.NS: 1874 rows stored in DB
2026-06-25 12:29:41,907 - INFO - Processing: BHARTIARTL.NS
2026-06-25 12:29:42,992 - INFO -   BHARTIARTL.NS: 1874 rows stored in DB
2026-06-25 12:29:42,992 - INFO - Processing: KOTAKBANK.NS
2026-06-25 12:29:43,911 - INFO -   KOTAKBANK.NS: 1874 rows stored in DB
2026-06-25 12:29:43,911 - INFO - Processing: LT.NS
2026-06-25 12:29:44,908 - INFO -   LT.NS: 1874 rows stored in DB
2026-06-25 12:29:44,908 - INFO - Processing: AXISBANK.NS
2026-06-25 12:29:45,916 - INFO -   AXISBANK.NS: 1874 rows stored in DB
2026-06-25 12:29:45,916 - INFO - Processing: BAJFINANCE.NS
2026-06-25 12:29:46,981 - INFO -   BAJFINANCE.NS: 1874 rows stored in DB
2026-06-25 12:29:46,981 - INFO - Processing: ASIANPAINT.NS
2026-06-25 12:29:48,111 - INFO -   ASIANPAINT.NS: 1874 rows stored in DB
2026-06-25 12:29:48,111 - INFO - Processing: MARUTI.NS
2026-06-25 12:29:49,059 - INFO -   MARUTI.NS: 1874 rows stored in DB
2026-06-25 12:29:49,059 - INFO - Processing: SUNPHARMA.NS
2026-06-25 12:29:50,047 - INFO -   SUNPHARMA.NS: 1874 rows stored in DB
2026-06-25 12:29:50,047 - INFO - Processing: WIPRO.NS
2026-06-25 12:29:51,094 - INFO -   WIPRO.NS: 1874 rows stored in DB
2026-06-25 12:29:51,094 - INFO - Processing: POWERGRID.NS
2026-06-25 12:29:52,012 - INFO -   POWERGRID.NS: 1874 rows stored in DB
2026-06-25 12:29:52,013 - INFO - Processing: NTPC.NS
2026-06-25 12:29:53,073 - INFO -   NTPC.NS: 1874 rows stored in DB
2026-06-25 12:29:53,073 - INFO - Processing: ONGC.NS
2026-06-25 12:29:54,158 - INFO -   ONGC.NS: 1874 rows stored in DB
2026-06-25 12:29:54,158 - INFO - Processing: ^NSEI
2026-06-25 12:29:55,019 - INFO -   ^NSEI: 1874 rows stored in DB
2026-06-25 12:29:55,019 - INFO - Processing: ^NSEBANK
2026-06-25 12:29:55,872 - INFO -   ^NSEBANK: 1874 rows stored in DB
2026-06-25 12:29:55,872 - INFO - Processing: ^BSESN
2026-06-25 12:29:56,778 - INFO -   ^BSESN: 1874 rows stored in DB
2026-06-25 12:29:56,778 - INFO - Processing: ^NSEMDCP50
2026-06-25 12:29:57,664 - INFO -   ^NSEMDCP50: 1874 rows stored in DB
2026-06-25 12:29:57,664 - INFO - Processing: NIFTY_FIN_SERVICE.NS
2026-06-25 12:29:58,622 - INFO -   NIFTY_FIN_SERVICE.NS: 1874 rows stored in DB
2026-06-25 12:29:58,679 - INFO - README updated.
2026-06-25 12:29:58,679 - INFO - All done.
2026-06-26 06:56:29,850 - INFO - Processing 25 symbols
2026-06-26 06:56:29,850 - INFO - Processing: RELIANCE.NS
2026-06-26 06:56:30,844 - INFO -   RELIANCE.NS: 1498 rows stored in DB
2026-06-26 06:56:30,845 - INFO - Processing: HDFCBANK.NS
2026-06-26 06:56:31,676 - INFO -   HDFCBANK.NS: 1498 rows stored in DB
2026-06-26 06:56:31,676 - INFO - Processing: ICICIBANK.NS
2026-06-26 06:56:32,471 - INFO -   ICICIBANK.NS: 1498 rows stored in DB
2026-06-26 06:56:32,471 - INFO - Processing: INFY.NS
2026-06-26 06:56:33,298 - INFO -   INFY.NS: 1499 rows stored in DB
2026-06-26 06:56:33,298 - INFO - Processing: TCS.NS
2026-06-26 06:56:34,127 - INFO -   TCS.NS: 1498 rows stored in DB
2026-06-26 06:56:34,128 - INFO - Processing: ITC.NS
2026-06-26 06:56:34,932 - INFO -   ITC.NS: 1498 rows stored in DB
2026-06-26 06:56:34,932 - INFO - Processing: HINDUNILVR.NS
2026-06-26 06:56:35,742 - INFO -   HINDUNILVR.NS: 1498 rows stored in DB
2026-06-26 06:56:35,742 - INFO - Processing: SBIN.NS
2026-06-26 06:56:36,565 - INFO -   SBIN.NS: 1498 rows stored in DB
2026-06-26 06:56:36,565 - INFO - Processing: BHARTIARTL.NS
2026-06-26 06:56:37,388 - INFO -   BHARTIARTL.NS: 1498 rows stored in DB
2026-06-26 06:56:37,388 - INFO - Processing: KOTAKBANK.NS
2026-06-26 06:56:38,212 - INFO -   KOTAKBANK.NS: 1498 rows stored in DB
2026-06-26 06:56:38,212 - INFO - Processing: LT.NS
2026-06-26 06:56:39,023 - INFO -   LT.NS: 1499 rows stored in DB
2026-06-26 06:56:39,023 - INFO - Processing: AXISBANK.NS
2026-06-26 06:56:39,847 - INFO -   AXISBANK.NS: 1498 rows stored in DB
2026-06-26 06:56:39,847 - INFO - Processing: BAJFINANCE.NS
2026-06-26 06:56:40,666 - INFO -   BAJFINANCE.NS: 1498 rows stored in DB
2026-06-26 06:56:40,667 - INFO - Processing: ASIANPAINT.NS
2026-06-26 06:56:41,482 - INFO -   ASIANPAINT.NS: 1498 rows stored in DB
2026-06-26 06:56:41,482 - INFO - Processing: MARUTI.NS
2026-06-26 06:56:42,279 - INFO -   MARUTI.NS: 1498 rows stored in DB
2026-06-26 06:56:42,279 - INFO - Processing: SUNPHARMA.NS
2026-06-26 06:56:43,095 - INFO -   SUNPHARMA.NS: 1498 rows stored in DB
2026-06-26 06:56:43,095 - INFO - Processing: WIPRO.NS
2026-06-26 06:56:43,926 - INFO -   WIPRO.NS: 1498 rows stored in DB
2026-06-26 06:56:43,926 - INFO - Processing: POWERGRID.NS
2026-06-26 06:56:44,764 - INFO -   POWERGRID.NS: 1499 rows stored in DB
2026-06-26 06:56:44,764 - INFO - Processing: NTPC.NS
2026-06-26 06:56:45,631 - INFO -   NTPC.NS: 1498 rows stored in DB
2026-06-26 06:56:45,631 - INFO - Processing: ONGC.NS
2026-06-26 06:56:46,476 - INFO -   ONGC.NS: 1498 rows stored in DB
2026-06-26 06:56:46,476 - INFO - Processing: ^NSEI
2026-06-26 06:56:47,201 - INFO -   ^NSEI: 1498 rows stored in DB
2026-06-26 06:56:47,202 - INFO - Processing: ^NSEBANK
2026-06-26 06:56:47,921 - INFO -   ^NSEBANK: 1498 rows stored in DB
2026-06-26 06:56:47,922 - INFO - Processing: ^BSESN
2026-06-26 06:56:48,624 - INFO -   ^BSESN: 1498 rows stored in DB
2026-06-26 06:56:48,624 - INFO - Processing: ^NSEMDCP50
2026-06-26 06:56:49,343 - INFO -   ^NSEMDCP50: 1498 rows stored in DB
2026-06-26 06:56:49,343 - INFO - Processing: NIFTY_FIN_SERVICE.NS
2026-06-26 06:56:50,043 - INFO -   NIFTY_FIN_SERVICE.NS: 1498 rows stored in DB
2026-06-26 06:56:50,104 - INFO - README updated.
2026-06-26 06:56:50,105 - INFO - All done.
2026-06-26 10:24:45,947 - INFO - Processing 25 symbols
2026-06-26 10:24:45,947 - INFO - Processing: RELIANCE.NS
2026-06-26 10:24:46,880 - INFO -   RELIANCE.NS: 1499 rows stored in DB
2026-06-26 10:24:46,880 - INFO - Processing: HDFCBANK.NS
2026-06-26 10:24:47,732 - INFO -   HDFCBANK.NS: 1499 rows stored in DB
2026-06-26 10:24:47,732 - INFO - Processing: ICICIBANK.NS
2026-06-26 10:24:48,555 - INFO -   ICICIBANK.NS: 1499 rows stored in DB
2026-06-26 10:24:48,555 - INFO - Processing: INFY.NS
2026-06-26 10:24:49,370 - INFO -   INFY.NS: 1499 rows stored in DB
2026-06-26 10:24:49,370 - INFO - Processing: TCS.NS
2026-06-26 10:24:50,215 - INFO -   TCS.NS: 1499 rows stored in DB
2026-06-26 10:24:50,215 - INFO - Processing: ITC.NS
2026-06-26 10:24:51,095 - INFO -   ITC.NS: 1499 rows stored in DB
2026-06-26 10:24:51,095 - INFO - Processing: HINDUNILVR.NS
2026-06-26 10:24:51,942 - INFO -   HINDUNILVR.NS: 1499 rows stored in DB
2026-06-26 10:24:51,942 - INFO - Processing: SBIN.NS
2026-06-26 10:24:52,771 - INFO -   SBIN.NS: 1499 rows stored in DB
2026-06-26 10:24:52,771 - INFO - Processing: BHARTIARTL.NS
2026-06-26 10:24:53,580 - INFO -   BHARTIARTL.NS: 1499 rows stored in DB
2026-06-26 10:24:53,580 - INFO - Processing: KOTAKBANK.NS
2026-06-26 10:24:54,401 - INFO -   KOTAKBANK.NS: 1499 rows stored in DB
2026-06-26 10:24:54,401 - INFO - Processing: LT.NS
2026-06-26 10:24:55,208 - INFO -   LT.NS: 1499 rows stored in DB
2026-06-26 10:24:55,208 - INFO - Processing: AXISBANK.NS
2026-06-26 10:24:56,082 - INFO -   AXISBANK.NS: 1499 rows stored in DB
2026-06-26 10:24:56,082 - INFO - Processing: BAJFINANCE.NS
2026-06-26 10:24:56,923 - INFO -   BAJFINANCE.NS: 1499 rows stored in DB
2026-06-26 10:24:56,923 - INFO - Processing: ASIANPAINT.NS
2026-06-26 10:24:57,737 - INFO -   ASIANPAINT.NS: 1499 rows stored in DB
2026-06-26 10:24:57,737 - INFO - Processing: MARUTI.NS
2026-06-26 10:24:58,579 - INFO -   MARUTI.NS: 1499 rows stored in DB
2026-06-26 10:24:58,579 - INFO - Processing: SUNPHARMA.NS
2026-06-26 10:24:59,438 - INFO -   SUNPHARMA.NS: 1499 rows stored in DB
2026-06-26 10:24:59,439 - INFO - Processing: WIPRO.NS
2026-06-26 10:25:00,281 - INFO -   WIPRO.NS: 1499 rows stored in DB
2026-06-26 10:25:00,281 - INFO - Processing: POWERGRID.NS
2026-06-26 10:25:01,074 - INFO -   POWERGRID.NS: 1499 rows stored in DB
2026-06-26 10:25:01,074 - INFO - Processing: NTPC.NS
2026-06-26 10:25:01,907 - INFO -   NTPC.NS: 1499 rows stored in DB
2026-06-26 10:25:01,907 - INFO - Processing: ONGC.NS
2026-06-26 10:25:02,726 - INFO -   ONGC.NS: 1499 rows stored in DB
2026-06-26 10:25:02,726 - INFO - Processing: ^NSEI
2026-06-26 10:25:03,436 - INFO -   ^NSEI: 1499 rows stored in DB
2026-06-26 10:25:03,436 - INFO - Processing: ^NSEBANK
2026-06-26 10:25:04,147 - INFO -   ^NSEBANK: 1499 rows stored in DB
2026-06-26 10:25:04,147 - INFO - Processing: ^BSESN
2026-06-26 10:25:04,873 - INFO -   ^BSESN: 1499 rows stored in DB
2026-06-26 10:25:04,873 - INFO - Processing: ^NSEMDCP50
2026-06-26 10:25:05,622 - INFO -   ^NSEMDCP50: 1499 rows stored in DB
2026-06-26 10:25:05,622 - INFO - Processing: NIFTY_FIN_SERVICE.NS
2026-06-26 10:25:06,335 - INFO -   NIFTY_FIN_SERVICE.NS: 1499 rows stored in DB
2026-06-26 10:25:06,395 - INFO - README updated.
2026-06-26 10:25:06,395 - INFO - All done.
2026-06-26 12:31:29,706 - INFO - Processing 25 symbols
2026-06-26 12:31:29,706 - INFO - Processing: RELIANCE.NS
2026-06-26 12:31:30,588 - INFO -   RELIANCE.NS: 1499 rows stored in DB
2026-06-26 12:31:30,588 - INFO - Processing: HDFCBANK.NS
2026-06-26 12:31:31,392 - INFO -   HDFCBANK.NS: 1499 rows stored in DB
2026-06-26 12:31:31,392 - INFO - Processing: ICICIBANK.NS
2026-06-26 12:31:32,162 - INFO -   ICICIBANK.NS: 1498 rows stored in DB
2026-06-26 12:31:32,162 - INFO - Processing: INFY.NS
2026-06-26 12:31:33,026 - INFO -   INFY.NS: 1499 rows stored in DB
2026-06-26 12:31:33,026 - INFO - Processing: TCS.NS
2026-06-26 12:31:33,885 - INFO -   TCS.NS: 1498 rows stored in DB
2026-06-26 12:31:33,885 - INFO - Processing: ITC.NS
2026-06-26 12:31:34,687 - INFO -   ITC.NS: 1499 rows stored in DB
2026-06-26 12:31:34,688 - INFO - Processing: HINDUNILVR.NS
2026-06-26 12:31:35,601 - INFO -   HINDUNILVR.NS: 1499 rows stored in DB
2026-06-26 12:31:35,601 - INFO - Processing: SBIN.NS
2026-06-26 12:31:36,361 - INFO -   SBIN.NS: 1499 rows stored in DB
2026-06-26 12:31:36,362 - INFO - Processing: BHARTIARTL.NS
2026-06-26 12:31:37,105 - INFO -   BHARTIARTL.NS: 1499 rows stored in DB
2026-06-26 12:31:37,105 - INFO - Processing: KOTAKBANK.NS
2026-06-26 12:31:38,050 - INFO -   KOTAKBANK.NS: 1499 rows stored in DB
2026-06-26 12:31:38,050 - INFO - Processing: LT.NS
2026-06-26 12:31:38,936 - INFO -   LT.NS: 1499 rows stored in DB
2026-06-26 12:31:38,936 - INFO - Processing: AXISBANK.NS
2026-06-26 12:31:39,703 - INFO -   AXISBANK.NS: 1499 rows stored in DB
2026-06-26 12:31:39,703 - INFO - Processing: BAJFINANCE.NS
2026-06-26 12:31:40,528 - INFO -   BAJFINANCE.NS: 1498 rows stored in DB
2026-06-26 12:31:40,529 - INFO - Processing: ASIANPAINT.NS
2026-06-26 12:31:41,320 - INFO -   ASIANPAINT.NS: 1499 rows stored in DB
2026-06-26 12:31:41,321 - INFO - Processing: MARUTI.NS
2026-06-26 12:31:42,105 - INFO -   MARUTI.NS: 1499 rows stored in DB
2026-06-26 12:31:42,106 - INFO - Processing: SUNPHARMA.NS
2026-06-26 12:31:42,968 - INFO -   SUNPHARMA.NS: 1499 rows stored in DB
2026-06-26 12:31:42,968 - INFO - Processing: WIPRO.NS
2026-06-26 12:31:43,788 - INFO -   WIPRO.NS: 1499 rows stored in DB
2026-06-26 12:31:43,788 - INFO - Processing: POWERGRID.NS
2026-06-26 12:31:44,557 - INFO -   POWERGRID.NS: 1499 rows stored in DB
2026-06-26 12:31:44,557 - INFO - Processing: NTPC.NS
2026-06-26 12:31:45,445 - INFO -   NTPC.NS: 1499 rows stored in DB
2026-06-26 12:31:45,445 - INFO - Processing: ONGC.NS
2026-06-26 12:31:46,207 - INFO -   ONGC.NS: 1499 rows stored in DB
2026-06-26 12:31:46,207 - INFO - Processing: ^NSEI
2026-06-26 12:31:47,003 - INFO -   ^NSEI: 1498 rows stored in DB
2026-06-26 12:31:47,004 - INFO - Processing: ^NSEBANK
2026-06-26 12:31:47,739 - INFO -   ^NSEBANK: 1499 rows stored in DB
2026-06-26 12:31:47,739 - INFO - Processing: ^BSESN
2026-06-26 12:31:48,514 - INFO -   ^BSESN: 1499 rows stored in DB
2026-06-26 12:31:48,514 - INFO - Processing: ^NSEMDCP50
2026-06-26 12:31:49,182 - INFO -   ^NSEMDCP50: 1499 rows stored in DB
2026-06-26 12:31:49,182 - INFO - Processing: NIFTY_FIN_SERVICE.NS
2026-06-26 12:31:49,859 - INFO -   NIFTY_FIN_SERVICE.NS: 1499 rows stored in DB
2026-06-26 12:31:49,917 - INFO - README updated.
2026-06-26 12:31:49,918 - INFO - All done.
2026-06-29 08:13:40,945 - INFO - Processing 25 symbols
2026-06-29 08:13:40,945 - INFO - Processing: RELIANCE.NS
2026-06-29 08:13:41,903 - INFO -   RELIANCE.NS: 1393 rows stored in DB
2026-06-29 08:13:41,903 - INFO - Processing: HDFCBANK.NS
2026-06-29 08:13:42,837 - INFO -   HDFCBANK.NS: 1393 rows stored in DB
2026-06-29 08:13:42,837 - INFO - Processing: ICICIBANK.NS
2026-06-29 08:13:43,698 - INFO -   ICICIBANK.NS: 1393 rows stored in DB
2026-06-29 08:13:43,698 - INFO - Processing: INFY.NS
2026-06-29 08:13:44,498 - INFO -   INFY.NS: 1393 rows stored in DB
2026-06-29 08:13:44,498 - INFO - Processing: TCS.NS
2026-06-29 08:13:45,286 - INFO -   TCS.NS: 1393 rows stored in DB
2026-06-29 08:13:45,286 - INFO - Processing: ITC.NS
2026-06-29 08:13:46,194 - INFO -   ITC.NS: 1393 rows stored in DB
2026-06-29 08:13:46,194 - INFO - Processing: HINDUNILVR.NS
2026-06-29 08:13:47,129 - INFO -   HINDUNILVR.NS: 1393 rows stored in DB
2026-06-29 08:13:47,129 - INFO - Processing: SBIN.NS
2026-06-29 08:13:48,140 - INFO -   SBIN.NS: 1393 rows stored in DB
2026-06-29 08:13:48,140 - INFO - Processing: BHARTIARTL.NS
2026-06-29 08:13:48,945 - INFO -   BHARTIARTL.NS: 1393 rows stored in DB
2026-06-29 08:13:48,945 - INFO - Processing: KOTAKBANK.NS
2026-06-29 08:13:49,911 - INFO -   KOTAKBANK.NS: 1393 rows stored in DB
2026-06-29 08:13:49,911 - INFO - Processing: LT.NS
2026-06-29 08:13:50,770 - INFO -   LT.NS: 1393 rows stored in DB
2026-06-29 08:13:50,770 - INFO - Processing: AXISBANK.NS
2026-06-29 08:13:51,569 - INFO -   AXISBANK.NS: 1393 rows stored in DB
2026-06-29 08:13:51,569 - INFO - Processing: BAJFINANCE.NS
2026-06-29 08:13:52,375 - INFO -   BAJFINANCE.NS: 1393 rows stored in DB
2026-06-29 08:13:52,375 - INFO - Processing: ASIANPAINT.NS
2026-06-29 08:13:53,269 - INFO -   ASIANPAINT.NS: 1393 rows stored in DB
2026-06-29 08:13:53,269 - INFO - Processing: MARUTI.NS
2026-06-29 08:13:54,026 - INFO -   MARUTI.NS: 1393 rows stored in DB
2026-06-29 08:13:54,026 - INFO - Processing: SUNPHARMA.NS
2026-06-29 08:13:54,825 - INFO -   SUNPHARMA.NS: 1393 rows stored in DB
2026-06-29 08:13:54,826 - INFO - Processing: WIPRO.NS
2026-06-29 08:13:55,725 - INFO -   WIPRO.NS: 1392 rows stored in DB
2026-06-29 08:13:55,726 - INFO - Processing: POWERGRID.NS
2026-06-29 08:13:56,571 - INFO -   POWERGRID.NS: 1393 rows stored in DB
2026-06-29 08:13:56,571 - INFO - Processing: NTPC.NS
2026-06-29 08:13:57,340 - INFO -   NTPC.NS: 1393 rows stored in DB
2026-06-29 08:13:57,340 - INFO - Processing: ONGC.NS
2026-06-29 08:13:58,197 - INFO -   ONGC.NS: 1392 rows stored in DB
2026-06-29 08:13:58,197 - INFO - Processing: ^NSEI
2026-06-29 08:13:59,037 - INFO -   ^NSEI: 1392 rows stored in DB
2026-06-29 08:13:59,037 - INFO - Processing: ^NSEBANK
2026-06-29 08:13:59,712 - INFO -   ^NSEBANK: 1393 rows stored in DB
2026-06-29 08:13:59,712 - INFO - Processing: ^BSESN
2026-06-29 08:14:00,399 - INFO -   ^BSESN: 1378 rows stored in DB
2026-06-29 08:14:00,399 - INFO - Processing: ^NSEMDCP50
2026-06-29 08:14:01,163 - INFO -   ^NSEMDCP50: 1393 rows stored in DB
2026-06-29 08:14:01,164 - INFO - Processing: NIFTY_FIN_SERVICE.NS
2026-06-29 08:14:01,853 - INFO -   NIFTY_FIN_SERVICE.NS: 1393 rows stored in DB
2026-06-29 08:14:01,917 - INFO - README updated.
2026-06-29 08:14:01,917 - INFO - All done.
2026-06-29 12:43:14,715 - INFO - Processing 25 symbols
2026-06-29 12:43:14,716 - INFO - Processing: RELIANCE.NS
2026-06-29 12:43:15,493 - INFO -   RELIANCE.NS: 1499 rows stored in DB
2026-06-29 12:43:15,493 - INFO - Processing: HDFCBANK.NS
2026-06-29 12:43:16,266 - INFO -   HDFCBANK.NS: 1499 rows stored in DB
2026-06-29 12:43:16,266 - INFO - Processing: ICICIBANK.NS
2026-06-29 12:43:17,091 - INFO -   ICICIBANK.NS: 1499 rows stored in DB
2026-06-29 12:43:17,091 - INFO - Processing: INFY.NS
2026-06-29 12:43:17,796 - INFO -   INFY.NS: 1499 rows stored in DB
2026-06-29 12:43:17,797 - INFO - Processing: TCS.NS
2026-06-29 12:43:18,524 - INFO -   TCS.NS: 1499 rows stored in DB
2026-06-29 12:43:18,524 - INFO - Processing: ITC.NS
2026-06-29 12:43:19,214 - INFO -   ITC.NS: 1499 rows stored in DB
2026-06-29 12:43:19,214 - INFO - Processing: HINDUNILVR.NS
2026-06-29 12:43:19,925 - INFO -   HINDUNILVR.NS: 1499 rows stored in DB
2026-06-29 12:43:19,925 - INFO - Processing: SBIN.NS
2026-06-29 12:43:20,665 - INFO -   SBIN.NS: 1499 rows stored in DB
2026-06-29 12:43:20,665 - INFO - Processing: BHARTIARTL.NS
2026-06-29 12:43:21,349 - INFO -   BHARTIARTL.NS: 1499 rows stored in DB
2026-06-29 12:43:21,349 - INFO - Processing: KOTAKBANK.NS
2026-06-29 12:43:22,063 - INFO -   KOTAKBANK.NS: 1499 rows stored in DB
2026-06-29 12:43:22,063 - INFO - Processing: LT.NS
2026-06-29 12:43:22,753 - INFO -   LT.NS: 1499 rows stored in DB
2026-06-29 12:43:22,754 - INFO - Processing: AXISBANK.NS
2026-06-29 12:43:23,430 - INFO -   AXISBANK.NS: 1499 rows stored in DB
2026-06-29 12:43:23,430 - INFO - Processing: BAJFINANCE.NS
2026-06-29 12:43:24,132 - INFO -   BAJFINANCE.NS: 1499 rows stored in DB
2026-06-29 12:43:24,133 - INFO - Processing: ASIANPAINT.NS
2026-06-29 12:43:24,821 - INFO -   ASIANPAINT.NS: 1499 rows stored in DB
2026-06-29 12:43:24,822 - INFO - Processing: MARUTI.NS
2026-06-29 12:43:25,507 - INFO -   MARUTI.NS: 1499 rows stored in DB
2026-06-29 12:43:25,508 - INFO - Processing: SUNPHARMA.NS
2026-06-29 12:43:26,223 - INFO -   SUNPHARMA.NS: 1499 rows stored in DB
2026-06-29 12:43:26,224 - INFO - Processing: WIPRO.NS
2026-06-29 12:43:26,948 - INFO -   WIPRO.NS: 1499 rows stored in DB
2026-06-29 12:43:26,948 - INFO - Processing: POWERGRID.NS
2026-06-29 12:43:27,628 - INFO -   POWERGRID.NS: 1499 rows stored in DB
2026-06-29 12:43:27,629 - INFO - Processing: NTPC.NS
2026-06-29 12:43:28,336 - INFO -   NTPC.NS: 1499 rows stored in DB
2026-06-29 12:43:28,336 - INFO - Processing: ONGC.NS
2026-06-29 12:43:29,066 - INFO -   ONGC.NS: 1499 rows stored in DB
2026-06-29 12:43:29,067 - INFO - Processing: ^NSEI
2026-06-29 12:43:29,655 - INFO -   ^NSEI: 1499 rows stored in DB
2026-06-29 12:43:29,655 - INFO - Processing: ^NSEBANK
2026-06-29 12:43:30,289 - INFO -   ^NSEBANK: 1499 rows stored in DB
2026-06-29 12:43:30,289 - INFO - Processing: ^BSESN
2026-06-29 12:43:30,890 - INFO -   ^BSESN: 1499 rows stored in DB
2026-06-29 12:43:30,890 - INFO - Processing: ^NSEMDCP50
2026-06-29 12:43:31,549 - INFO -   ^NSEMDCP50: 1499 rows stored in DB
2026-06-29 12:43:31,549 - INFO - Processing: NIFTY_FIN_SERVICE.NS
2026-06-29 12:43:32,140 - INFO -   NIFTY_FIN_SERVICE.NS: 1499 rows stored in DB
2026-06-29 12:43:32,199 - INFO - README updated.
2026-06-29 12:43:32,199 - INFO - All done.
2026-06-30 06:57:03,161 - INFO - Processing 25 symbols
2026-06-30 06:57:03,162 - INFO - Processing: RELIANCE.NS
2026-06-30 06:57:04,235 - INFO -   RELIANCE.NS: 1316 rows stored in DB
2026-06-30 06:57:04,236 - INFO - Processing: HDFCBANK.NS
2026-06-30 06:57:05,033 - INFO -   HDFCBANK.NS: 1316 rows stored in DB
2026-06-30 06:57:05,033 - INFO - Processing: ICICIBANK.NS
2026-06-30 06:57:05,828 - INFO -   ICICIBANK.NS: 1316 rows stored in DB
2026-06-30 06:57:05,829 - INFO - Processing: INFY.NS
2026-06-30 06:57:06,603 - INFO -   INFY.NS: 1317 rows stored in DB
2026-06-30 06:57:06,604 - INFO - Processing: TCS.NS
2026-06-30 06:57:07,413 - INFO -   TCS.NS: 1316 rows stored in DB
2026-06-30 06:57:07,413 - INFO - Processing: ITC.NS
2026-06-30 06:57:08,178 - INFO -   ITC.NS: 1316 rows stored in DB
2026-06-30 06:57:08,178 - INFO - Processing: HINDUNILVR.NS
2026-06-30 06:57:08,941 - INFO -   HINDUNILVR.NS: 1316 rows stored in DB
2026-06-30 06:57:08,941 - INFO - Processing: SBIN.NS
2026-06-30 06:57:09,724 - INFO -   SBIN.NS: 1316 rows stored in DB
2026-06-30 06:57:09,724 - INFO - Processing: BHARTIARTL.NS
2026-06-30 06:57:10,470 - INFO -   BHARTIARTL.NS: 1316 rows stored in DB
2026-06-30 06:57:10,470 - INFO - Processing: KOTAKBANK.NS
2026-06-30 06:57:11,242 - INFO -   KOTAKBANK.NS: 1316 rows stored in DB
2026-06-30 06:57:11,242 - INFO - Processing: LT.NS
2026-06-30 06:57:12,022 - INFO -   LT.NS: 1317 rows stored in DB
2026-06-30 06:57:12,022 - INFO - Processing: AXISBANK.NS
2026-06-30 06:57:12,806 - INFO -   AXISBANK.NS: 1316 rows stored in DB
2026-06-30 06:57:12,806 - INFO - Processing: BAJFINANCE.NS
2026-06-30 06:57:13,585 - INFO -   BAJFINANCE.NS: 1316 rows stored in DB
2026-06-30 06:57:13,585 - INFO - Processing: ASIANPAINT.NS
2026-06-30 06:57:14,331 - INFO -   ASIANPAINT.NS: 1316 rows stored in DB
2026-06-30 06:57:14,331 - INFO - Processing: MARUTI.NS
2026-06-30 06:57:15,095 - INFO -   MARUTI.NS: 1316 rows stored in DB
2026-06-30 06:57:15,095 - INFO - Processing: SUNPHARMA.NS
2026-06-30 06:57:15,889 - INFO -   SUNPHARMA.NS: 1316 rows stored in DB
2026-06-30 06:57:15,889 - INFO - Processing: WIPRO.NS
2026-06-30 06:57:16,672 - INFO -   WIPRO.NS: 1316 rows stored in DB
2026-06-30 06:57:16,672 - INFO - Processing: POWERGRID.NS
2026-06-30 06:57:17,439 - INFO -   POWERGRID.NS: 1317 rows stored in DB
2026-06-30 06:57:17,439 - INFO - Processing: NTPC.NS
2026-06-30 06:57:18,208 - INFO -   NTPC.NS: 1316 rows stored in DB
2026-06-30 06:57:18,209 - INFO - Processing: ONGC.NS
2026-06-30 06:57:19,031 - INFO -   ONGC.NS: 1316 rows stored in DB
2026-06-30 06:57:19,031 - INFO - Processing: ^NSEI
2026-06-30 06:57:19,705 - INFO -   ^NSEI: 1316 rows stored in DB
2026-06-30 06:57:19,705 - INFO - Processing: ^NSEBANK
2026-06-30 06:57:20,379 - INFO -   ^NSEBANK: 1316 rows stored in DB
2026-06-30 06:57:20,379 - INFO - Processing: ^BSESN
2026-06-30 06:57:21,046 - INFO -   ^BSESN: 1301 rows stored in DB
2026-06-30 06:57:21,046 - INFO - Processing: ^NSEMDCP50
2026-06-30 06:57:21,764 - INFO -   ^NSEMDCP50: 1316 rows stored in DB
2026-06-30 06:57:21,764 - INFO - Processing: NIFTY_FIN_SERVICE.NS
2026-06-30 06:57:22,452 - INFO -   NIFTY_FIN_SERVICE.NS: 1316 rows stored in DB
2026-06-30 06:57:22,515 - INFO - README updated.
2026-06-30 06:57:22,516 - INFO - All done.
2026-06-30 10:33:46,166 - INFO - Processing 25 symbols
2026-06-30 10:33:46,166 - INFO - Processing: RELIANCE.NS
2026-06-30 10:33:47,425 - INFO -   RELIANCE.NS: 1499 rows stored in DB
2026-06-30 10:33:47,425 - INFO - Processing: HDFCBANK.NS
2026-06-30 10:33:48,508 - INFO -   HDFCBANK.NS: 1499 rows stored in DB
2026-06-30 10:33:48,508 - INFO - Processing: ICICIBANK.NS
2026-06-30 10:33:49,522 - INFO -   ICICIBANK.NS: 1499 rows stored in DB
2026-06-30 10:33:49,522 - INFO - Processing: INFY.NS
2026-06-30 10:33:50,584 - INFO -   INFY.NS: 1499 rows stored in DB
2026-06-30 10:33:50,584 - INFO - Processing: TCS.NS
2026-06-30 10:33:51,611 - INFO -   TCS.NS: 1499 rows stored in DB
2026-06-30 10:33:51,611 - INFO - Processing: ITC.NS
2026-06-30 10:33:52,605 - INFO -   ITC.NS: 1499 rows stored in DB
2026-06-30 10:33:52,606 - INFO - Processing: HINDUNILVR.NS
2026-06-30 10:33:53,579 - INFO -   HINDUNILVR.NS: 1499 rows stored in DB
2026-06-30 10:33:53,579 - INFO - Processing: SBIN.NS
2026-06-30 10:33:54,573 - INFO -   SBIN.NS: 1498 rows stored in DB
2026-06-30 10:33:54,573 - INFO - Processing: BHARTIARTL.NS
2026-06-30 10:33:55,606 - INFO -   BHARTIARTL.NS: 1499 rows stored in DB
2026-06-30 10:33:55,606 - INFO - Processing: KOTAKBANK.NS
2026-06-30 10:33:56,744 - INFO -   KOTAKBANK.NS: 1499 rows stored in DB
2026-06-30 10:33:56,744 - INFO - Processing: LT.NS
2026-06-30 10:33:57,782 - INFO -   LT.NS: 1499 rows stored in DB
2026-06-30 10:33:57,782 - INFO - Processing: AXISBANK.NS
2026-06-30 10:33:58,812 - INFO -   AXISBANK.NS: 1499 rows stored in DB
2026-06-30 10:33:58,812 - INFO - Processing: BAJFINANCE.NS
2026-06-30 10:33:59,877 - INFO -   BAJFINANCE.NS: 1499 rows stored in DB
2026-06-30 10:33:59,877 - INFO - Processing: ASIANPAINT.NS
2026-06-30 10:34:00,995 - INFO -   ASIANPAINT.NS: 1499 rows stored in DB
2026-06-30 10:34:00,995 - INFO - Processing: MARUTI.NS
2026-06-30 10:34:02,055 - INFO -   MARUTI.NS: 1499 rows stored in DB
2026-06-30 10:34:02,055 - INFO - Processing: SUNPHARMA.NS
2026-06-30 10:34:03,070 - INFO -   SUNPHARMA.NS: 1499 rows stored in DB
2026-06-30 10:34:03,070 - INFO - Processing: WIPRO.NS
2026-06-30 10:34:04,069 - INFO -   WIPRO.NS: 1499 rows stored in DB
2026-06-30 10:34:04,069 - INFO - Processing: POWERGRID.NS
2026-06-30 10:34:05,027 - INFO -   POWERGRID.NS: 1499 rows stored in DB
2026-06-30 10:34:05,027 - INFO - Processing: NTPC.NS
2026-06-30 10:34:06,029 - INFO -   NTPC.NS: 1499 rows stored in DB
2026-06-30 10:34:06,029 - INFO - Processing: ONGC.NS
2026-06-30 10:34:07,059 - INFO -   ONGC.NS: 1499 rows stored in DB
2026-06-30 10:34:07,059 - INFO - Processing: ^NSEI
2026-06-30 10:34:08,027 - INFO -   ^NSEI: 1499 rows stored in DB
2026-06-30 10:34:08,027 - INFO - Processing: ^NSEBANK
2026-06-30 10:34:08,869 - INFO -   ^NSEBANK: 1499 rows stored in DB
2026-06-30 10:34:08,869 - INFO - Processing: ^BSESN
2026-06-30 10:34:09,785 - INFO -   ^BSESN: 1499 rows stored in DB
2026-06-30 10:34:09,785 - INFO - Processing: ^NSEMDCP50
2026-06-30 10:34:10,742 - INFO -   ^NSEMDCP50: 1499 rows stored in DB
2026-06-30 10:34:10,742 - INFO - Processing: NIFTY_FIN_SERVICE.NS
2026-06-30 10:34:11,727 - INFO -   NIFTY_FIN_SERVICE.NS: 1499 rows stored in DB
2026-06-30 10:34:11,787 - INFO - README updated.
2026-06-30 10:34:11,787 - INFO - All done.
2026-06-30 12:31:23,026 - INFO - Processing 25 symbols
2026-06-30 12:31:23,026 - INFO - Processing: RELIANCE.NS
2026-06-30 12:31:24,006 - INFO -   RELIANCE.NS: 1499 rows stored in DB
2026-06-30 12:31:24,006 - INFO - Processing: HDFCBANK.NS
2026-06-30 12:31:24,827 - INFO -   HDFCBANK.NS: 1499 rows stored in DB
2026-06-30 12:31:24,827 - INFO - Processing: ICICIBANK.NS
2026-06-30 12:31:25,641 - INFO -   ICICIBANK.NS: 1499 rows stored in DB
2026-06-30 12:31:25,641 - INFO - Processing: INFY.NS
2026-06-30 12:31:26,497 - INFO -   INFY.NS: 1499 rows stored in DB
2026-06-30 12:31:26,497 - INFO - Processing: TCS.NS
2026-06-30 12:31:27,320 - INFO -   TCS.NS: 1499 rows stored in DB
2026-06-30 12:31:27,320 - INFO - Processing: ITC.NS
2026-06-30 12:31:28,290 - INFO -   ITC.NS: 1499 rows stored in DB
2026-06-30 12:31:28,290 - INFO - Processing: HINDUNILVR.NS
2026-06-30 12:31:29,117 - INFO -   HINDUNILVR.NS: 1499 rows stored in DB
2026-06-30 12:31:29,117 - INFO - Processing: SBIN.NS
2026-06-30 12:31:30,023 - INFO -   SBIN.NS: 1499 rows stored in DB
2026-06-30 12:31:30,023 - INFO - Processing: BHARTIARTL.NS
2026-06-30 12:31:30,832 - INFO -   BHARTIARTL.NS: 1499 rows stored in DB
2026-06-30 12:31:30,832 - INFO - Processing: KOTAKBANK.NS
2026-06-30 12:31:31,648 - INFO -   KOTAKBANK.NS: 1499 rows stored in DB
2026-06-30 12:31:31,648 - INFO - Processing: LT.NS
2026-06-30 12:31:32,468 - INFO -   LT.NS: 1499 rows stored in DB
2026-06-30 12:31:32,468 - INFO - Processing: AXISBANK.NS
2026-06-30 12:31:33,302 - INFO -   AXISBANK.NS: 1499 rows stored in DB
2026-06-30 12:31:33,302 - INFO - Processing: BAJFINANCE.NS
2026-06-30 12:31:34,136 - INFO -   BAJFINANCE.NS: 1499 rows stored in DB
2026-06-30 12:31:34,136 - INFO - Processing: ASIANPAINT.NS
2026-06-30 12:31:34,954 - INFO -   ASIANPAINT.NS: 1499 rows stored in DB
2026-06-30 12:31:34,955 - INFO - Processing: MARUTI.NS
2026-06-30 12:31:35,771 - INFO -   MARUTI.NS: 1499 rows stored in DB
2026-06-30 12:31:35,771 - INFO - Processing: SUNPHARMA.NS
2026-06-30 12:31:36,637 - INFO -   SUNPHARMA.NS: 1499 rows stored in DB
2026-06-30 12:31:36,637 - INFO - Processing: WIPRO.NS
2026-06-30 12:31:37,516 - INFO -   WIPRO.NS: 1499 rows stored in DB
2026-06-30 12:31:37,516 - INFO - Processing: POWERGRID.NS
2026-06-30 12:31:38,347 - INFO -   POWERGRID.NS: 1499 rows stored in DB
2026-06-30 12:31:38,347 - INFO - Processing: NTPC.NS
2026-06-30 12:31:39,182 - INFO -   NTPC.NS: 1499 rows stored in DB
2026-06-30 12:31:39,183 - INFO - Processing: ONGC.NS
2026-06-30 12:31:40,072 - INFO -   ONGC.NS: 1499 rows stored in DB
2026-06-30 12:31:40,073 - INFO - Processing: ^NSEI
2026-06-30 12:31:40,796 - INFO -   ^NSEI: 1499 rows stored in DB
2026-06-30 12:31:40,797 - INFO - Processing: ^NSEBANK
2026-06-30 12:31:41,520 - INFO -   ^NSEBANK: 1499 rows stored in DB
2026-06-30 12:31:41,520 - INFO - Processing: ^BSESN
2026-06-30 12:31:42,278 - INFO -   ^BSESN: 1499 rows stored in DB
2026-06-30 12:31:42,278 - INFO - Processing: ^NSEMDCP50
2026-06-30 12:31:43,202 - INFO -   ^NSEMDCP50: 1499 rows stored in DB
2026-06-30 12:31:43,202 - INFO - Processing: NIFTY_FIN_SERVICE.NS
2026-06-30 12:31:43,965 - INFO -   NIFTY_FIN_SERVICE.NS: 1499 rows stored in DB
2026-06-30 12:31:44,026 - INFO - README updated.
2026-06-30 12:31:44,026 - INFO - All done.
2026-07-01 07:13:16,673 - INFO - Processing 25 symbols
2026-07-01 07:13:16,673 - INFO - Processing: RELIANCE.NS
2026-07-01 07:13:17,875 - INFO -   RELIANCE.NS: 1333 rows stored in DB
2026-07-01 07:13:17,876 - INFO - Processing: HDFCBANK.NS
2026-07-01 07:13:18,716 - INFO -   HDFCBANK.NS: 1333 rows stored in DB
2026-07-01 07:13:18,717 - INFO - Processing: ICICIBANK.NS
2026-07-01 07:13:19,586 - INFO -   ICICIBANK.NS: 1333 rows stored in DB
2026-07-01 07:13:19,587 - INFO - Processing: INFY.NS
2026-07-01 07:13:20,448 - INFO -   INFY.NS: 1333 rows stored in DB
2026-07-01 07:13:20,448 - INFO - Processing: TCS.NS
2026-07-01 07:13:21,473 - INFO -   TCS.NS: 1333 rows stored in DB
2026-07-01 07:13:21,473 - INFO - Processing: ITC.NS
2026-07-01 07:13:22,318 - INFO -   ITC.NS: 1333 rows stored in DB
2026-07-01 07:13:22,318 - INFO - Processing: HINDUNILVR.NS
2026-07-01 07:13:23,161 - INFO -   HINDUNILVR.NS: 1333 rows stored in DB
2026-07-01 07:13:23,161 - INFO - Processing: SBIN.NS
2026-07-01 07:13:24,100 - INFO -   SBIN.NS: 1333 rows stored in DB
2026-07-01 07:13:24,100 - INFO - Processing: BHARTIARTL.NS
2026-07-01 07:13:24,941 - INFO -   BHARTIARTL.NS: 1333 rows stored in DB
2026-07-01 07:13:24,941 - INFO - Processing: KOTAKBANK.NS
2026-07-01 07:13:25,790 - INFO -   KOTAKBANK.NS: 1333 rows stored in DB
2026-07-01 07:13:25,790 - INFO - Processing: LT.NS
2026-07-01 07:13:26,664 - INFO -   LT.NS: 1333 rows stored in DB
2026-07-01 07:13:26,664 - INFO - Processing: AXISBANK.NS
2026-07-01 07:13:27,509 - INFO -   AXISBANK.NS: 1333 rows stored in DB
2026-07-01 07:13:27,509 - INFO - Processing: BAJFINANCE.NS
2026-07-01 07:13:28,371 - INFO -   BAJFINANCE.NS: 1333 rows stored in DB
2026-07-01 07:13:28,371 - INFO - Processing: ASIANPAINT.NS
2026-07-01 07:13:29,222 - INFO -   ASIANPAINT.NS: 1333 rows stored in DB
2026-07-01 07:13:29,222 - INFO - Processing: MARUTI.NS
2026-07-01 07:13:30,050 - INFO -   MARUTI.NS: 1333 rows stored in DB
2026-07-01 07:13:30,050 - INFO - Processing: SUNPHARMA.NS
2026-07-01 07:13:30,901 - INFO -   SUNPHARMA.NS: 1333 rows stored in DB
2026-07-01 07:13:30,901 - INFO - Processing: WIPRO.NS
2026-07-01 07:13:31,756 - INFO -   WIPRO.NS: 1333 rows stored in DB
2026-07-01 07:13:31,756 - INFO - Processing: POWERGRID.NS
2026-07-01 07:13:32,679 - INFO -   POWERGRID.NS: 1333 rows stored in DB
2026-07-01 07:13:32,679 - INFO - Processing: NTPC.NS
2026-07-01 07:13:33,515 - INFO -   NTPC.NS: 1333 rows stored in DB
2026-07-01 07:13:33,515 - INFO - Processing: ONGC.NS
2026-07-01 07:13:34,407 - INFO -   ONGC.NS: 1333 rows stored in DB
2026-07-01 07:13:34,407 - INFO - Processing: ^NSEI
2026-07-01 07:13:35,154 - INFO -   ^NSEI: 1333 rows stored in DB
2026-07-01 07:13:35,154 - INFO - Processing: ^NSEBANK
2026-07-01 07:13:35,889 - INFO -   ^NSEBANK: 1333 rows stored in DB
2026-07-01 07:13:35,889 - INFO - Processing: ^BSESN
2026-07-01 07:13:36,652 - INFO -   ^BSESN: 1318 rows stored in DB
2026-07-01 07:13:36,652 - INFO - Processing: ^NSEMDCP50
2026-07-01 07:13:37,388 - INFO -   ^NSEMDCP50: 1333 rows stored in DB
2026-07-01 07:13:37,388 - INFO - Processing: NIFTY_FIN_SERVICE.NS
2026-07-01 07:13:38,144 - INFO -   NIFTY_FIN_SERVICE.NS: 1333 rows stored in DB
2026-07-01 07:13:38,206 - INFO - README updated.
2026-07-01 07:13:38,206 - INFO - All done.
2026-07-01 10:50:02,505 - INFO - Processing 25 symbols
2026-07-01 10:50:02,506 - INFO - Processing: RELIANCE.NS
2026-07-01 10:50:03,429 - INFO -   RELIANCE.NS: 1499 rows stored in DB
2026-07-01 10:50:03,430 - INFO - Processing: HDFCBANK.NS
2026-07-01 10:50:04,246 - INFO -   HDFCBANK.NS: 1499 rows stored in DB
2026-07-01 10:50:04,246 - INFO - Processing: ICICIBANK.NS
2026-07-01 10:50:05,217 - INFO -   ICICIBANK.NS: 1499 rows stored in DB
2026-07-01 10:50:05,217 - INFO - Processing: INFY.NS
2026-07-01 10:50:06,061 - INFO -   INFY.NS: 1499 rows stored in DB
2026-07-01 10:50:06,061 - INFO - Processing: TCS.NS
2026-07-01 10:50:06,889 - INFO -   TCS.NS: 1499 rows stored in DB
2026-07-01 10:50:06,889 - INFO - Processing: ITC.NS
2026-07-01 10:50:07,748 - INFO -   ITC.NS: 1499 rows stored in DB
2026-07-01 10:50:07,748 - INFO - Processing: HINDUNILVR.NS
2026-07-01 10:50:08,571 - INFO -   HINDUNILVR.NS: 1499 rows stored in DB
2026-07-01 10:50:08,571 - INFO - Processing: SBIN.NS
2026-07-01 10:50:09,397 - INFO -   SBIN.NS: 1499 rows stored in DB
2026-07-01 10:50:09,397 - INFO - Processing: BHARTIARTL.NS
2026-07-01 10:50:10,234 - INFO -   BHARTIARTL.NS: 1499 rows stored in DB
2026-07-01 10:50:10,234 - INFO - Processing: KOTAKBANK.NS
2026-07-01 10:50:11,084 - INFO -   KOTAKBANK.NS: 1499 rows stored in DB
2026-07-01 10:50:11,084 - INFO - Processing: LT.NS
2026-07-01 10:50:11,895 - INFO -   LT.NS: 1499 rows stored in DB
2026-07-01 10:50:11,895 - INFO - Processing: AXISBANK.NS
2026-07-01 10:50:12,715 - INFO -   AXISBANK.NS: 1499 rows stored in DB
2026-07-01 10:50:12,715 - INFO - Processing: BAJFINANCE.NS
2026-07-01 10:50:13,549 - INFO -   BAJFINANCE.NS: 1499 rows stored in DB
2026-07-01 10:50:13,549 - INFO - Processing: ASIANPAINT.NS
2026-07-01 10:50:14,381 - INFO -   ASIANPAINT.NS: 1499 rows stored in DB
2026-07-01 10:50:14,381 - INFO - Processing: MARUTI.NS
2026-07-01 10:50:15,206 - INFO -   MARUTI.NS: 1499 rows stored in DB
2026-07-01 10:50:15,206 - INFO - Processing: SUNPHARMA.NS
2026-07-01 10:50:16,036 - INFO -   SUNPHARMA.NS: 1499 rows stored in DB
2026-07-01 10:50:16,036 - INFO - Processing: WIPRO.NS
2026-07-01 10:50:16,911 - INFO -   WIPRO.NS: 1499 rows stored in DB
2026-07-01 10:50:16,911 - INFO - Processing: POWERGRID.NS
2026-07-01 10:50:17,735 - INFO -   POWERGRID.NS: 1499 rows stored in DB
2026-07-01 10:50:17,735 - INFO - Processing: NTPC.NS
2026-07-01 10:50:18,560 - INFO -   NTPC.NS: 1499 rows stored in DB
2026-07-01 10:50:18,560 - INFO - Processing: ONGC.NS
2026-07-01 10:50:19,395 - INFO -   ONGC.NS: 1499 rows stored in DB
2026-07-01 10:50:19,395 - INFO - Processing: ^NSEI
2026-07-01 10:50:20,148 - INFO -   ^NSEI: 1499 rows stored in DB
2026-07-01 10:50:20,149 - INFO - Processing: ^NSEBANK
2026-07-01 10:50:20,886 - INFO -   ^NSEBANK: 1499 rows stored in DB
2026-07-01 10:50:20,886 - INFO - Processing: ^BSESN
2026-07-01 10:50:21,613 - INFO -   ^BSESN: 1499 rows stored in DB
2026-07-01 10:50:21,613 - INFO - Processing: ^NSEMDCP50
2026-07-01 10:50:22,344 - INFO -   ^NSEMDCP50: 1499 rows stored in DB
2026-07-01 10:50:22,345 - INFO - Processing: NIFTY_FIN_SERVICE.NS
2026-07-01 10:50:23,099 - INFO -   NIFTY_FIN_SERVICE.NS: 1499 rows stored in DB
2026-07-01 10:50:23,160 - INFO - README updated.
2026-07-01 10:50:23,160 - INFO - All done.
2026-07-01 13:28:49,468 - INFO - Processing 25 symbols
2026-07-01 13:28:49,468 - INFO - Processing: RELIANCE.NS
2026-07-01 13:28:50,403 - INFO -   RELIANCE.NS: 1499 rows stored in DB
2026-07-01 13:28:50,404 - INFO - Processing: HDFCBANK.NS
2026-07-01 13:28:51,168 - INFO -   HDFCBANK.NS: 1499 rows stored in DB
2026-07-01 13:28:51,168 - INFO - Processing: ICICIBANK.NS
2026-07-01 13:28:52,031 - INFO -   ICICIBANK.NS: 1499 rows stored in DB
2026-07-01 13:28:52,031 - INFO - Processing: INFY.NS
2026-07-01 13:28:52,832 - INFO -   INFY.NS: 1499 rows stored in DB
2026-07-01 13:28:52,833 - INFO - Processing: TCS.NS
2026-07-01 13:28:53,638 - INFO -   TCS.NS: 1499 rows stored in DB
2026-07-01 13:28:53,639 - INFO - Processing: ITC.NS
2026-07-01 13:28:54,536 - INFO -   ITC.NS: 1499 rows stored in DB
2026-07-01 13:28:54,536 - INFO - Processing: HINDUNILVR.NS
2026-07-01 13:28:55,385 - INFO -   HINDUNILVR.NS: 1499 rows stored in DB
2026-07-01 13:28:55,385 - INFO - Processing: SBIN.NS
2026-07-01 13:28:56,258 - INFO -   SBIN.NS: 1499 rows stored in DB
2026-07-01 13:28:56,258 - INFO - Processing: BHARTIARTL.NS
2026-07-01 13:28:57,003 - INFO -   BHARTIARTL.NS: 1499 rows stored in DB
2026-07-01 13:28:57,003 - INFO - Processing: KOTAKBANK.NS
2026-07-01 13:28:57,825 - INFO -   KOTAKBANK.NS: 1499 rows stored in DB
2026-07-01 13:28:57,825 - INFO - Processing: LT.NS
2026-07-01 13:28:58,630 - INFO -   LT.NS: 1499 rows stored in DB
2026-07-01 13:28:58,630 - INFO - Processing: AXISBANK.NS
2026-07-01 13:28:59,439 - INFO -   AXISBANK.NS: 1499 rows stored in DB
2026-07-01 13:28:59,439 - INFO - Processing: BAJFINANCE.NS
2026-07-01 13:29:00,236 - INFO -   BAJFINANCE.NS: 1499 rows stored in DB
2026-07-01 13:29:00,236 - INFO - Processing: ASIANPAINT.NS
2026-07-01 13:29:01,060 - INFO -   ASIANPAINT.NS: 1499 rows stored in DB
2026-07-01 13:29:01,060 - INFO - Processing: MARUTI.NS
2026-07-01 13:29:01,876 - INFO -   MARUTI.NS: 1499 rows stored in DB
2026-07-01 13:29:01,876 - INFO - Processing: SUNPHARMA.NS
2026-07-01 13:29:02,699 - INFO -   SUNPHARMA.NS: 1499 rows stored in DB
2026-07-01 13:29:02,699 - INFO - Processing: WIPRO.NS
2026-07-01 13:29:03,539 - INFO -   WIPRO.NS: 1499 rows stored in DB
2026-07-01 13:29:03,539 - INFO - Processing: POWERGRID.NS
2026-07-01 13:29:04,404 - INFO -   POWERGRID.NS: 1499 rows stored in DB
2026-07-01 13:29:04,405 - INFO - Processing: NTPC.NS
2026-07-01 13:29:05,412 - INFO -   NTPC.NS: 1499 rows stored in DB
2026-07-01 13:29:05,412 - INFO - Processing: ONGC.NS
2026-07-01 13:29:06,283 - INFO -   ONGC.NS: 1499 rows stored in DB
2026-07-01 13:29:06,283 - INFO - Processing: ^NSEI
2026-07-01 13:29:06,984 - INFO -   ^NSEI: 1499 rows stored in DB
2026-07-01 13:29:06,984 - INFO - Processing: ^NSEBANK
2026-07-01 13:29:07,635 - INFO -   ^NSEBANK: 1499 rows stored in DB
2026-07-01 13:29:07,636 - INFO - Processing: ^BSESN
2026-07-01 13:29:08,382 - INFO -   ^BSESN: 1499 rows stored in DB
2026-07-01 13:29:08,383 - INFO - Processing: ^NSEMDCP50
2026-07-01 13:29:09,064 - INFO -   ^NSEMDCP50: 1499 rows stored in DB
2026-07-01 13:29:09,064 - INFO - Processing: NIFTY_FIN_SERVICE.NS
2026-07-01 13:29:09,755 - INFO -   NIFTY_FIN_SERVICE.NS: 1499 rows stored in DB
2026-07-01 13:29:09,812 - INFO - README updated.
2026-07-01 13:29:09,812 - INFO - All done.
2026-07-02 06:41:51,565 - INFO - Processing 25 symbols
2026-07-02 06:41:51,565 - INFO - Processing: RELIANCE.NS
2026-07-02 06:41:52,425 - INFO -   RELIANCE.NS: 1301 rows stored in DB
2026-07-02 06:41:52,425 - INFO - Processing: HDFCBANK.NS
2026-07-02 06:41:53,131 - INFO -   HDFCBANK.NS: 1301 rows stored in DB
2026-07-02 06:41:53,131 - INFO - Processing: ICICIBANK.NS
2026-07-02 06:41:53,826 - INFO -   ICICIBANK.NS: 1301 rows stored in DB
2026-07-02 06:41:53,826 - INFO - Processing: INFY.NS
2026-07-02 06:41:54,564 - INFO -   INFY.NS: 1301 rows stored in DB
2026-07-02 06:41:54,564 - INFO - Processing: TCS.NS
2026-07-02 06:41:55,297 - INFO -   TCS.NS: 1301 rows stored in DB
2026-07-02 06:41:55,297 - INFO - Processing: ITC.NS
2026-07-02 06:41:56,008 - INFO -   ITC.NS: 1301 rows stored in DB
2026-07-02 06:41:56,009 - INFO - Processing: HINDUNILVR.NS
2026-07-02 06:41:56,708 - INFO -   HINDUNILVR.NS: 1301 rows stored in DB
2026-07-02 06:41:56,708 - INFO - Processing: SBIN.NS
2026-07-02 06:41:57,427 - INFO -   SBIN.NS: 1301 rows stored in DB
2026-07-02 06:41:57,427 - INFO - Processing: BHARTIARTL.NS
2026-07-02 06:41:58,172 - INFO -   BHARTIARTL.NS: 1301 rows stored in DB
2026-07-02 06:41:58,172 - INFO - Processing: KOTAKBANK.NS
2026-07-02 06:41:58,864 - INFO -   KOTAKBANK.NS: 1301 rows stored in DB
2026-07-02 06:41:58,864 - INFO - Processing: LT.NS
2026-07-02 06:41:59,565 - INFO -   LT.NS: 1301 rows stored in DB
2026-07-02 06:41:59,565 - INFO - Processing: AXISBANK.NS
2026-07-02 06:42:00,259 - INFO -   AXISBANK.NS: 1301 rows stored in DB
2026-07-02 06:42:00,259 - INFO - Processing: BAJFINANCE.NS
2026-07-02 06:42:00,959 - INFO -   BAJFINANCE.NS: 1301 rows stored in DB
2026-07-02 06:42:00,959 - INFO - Processing: ASIANPAINT.NS
2026-07-02 06:42:01,683 - INFO -   ASIANPAINT.NS: 1301 rows stored in DB
2026-07-02 06:42:01,683 - INFO - Processing: MARUTI.NS
2026-07-02 06:42:02,399 - INFO -   MARUTI.NS: 1301 rows stored in DB
2026-07-02 06:42:02,399 - INFO - Processing: SUNPHARMA.NS
2026-07-02 06:42:03,159 - INFO -   SUNPHARMA.NS: 1301 rows stored in DB
2026-07-02 06:42:03,159 - INFO - Processing: WIPRO.NS
2026-07-02 06:42:03,870 - INFO -   WIPRO.NS: 1302 rows stored in DB
2026-07-02 06:42:03,870 - INFO - Processing: POWERGRID.NS
2026-07-02 06:42:04,562 - INFO -   POWERGRID.NS: 1301 rows stored in DB
2026-07-02 06:42:04,563 - INFO - Processing: NTPC.NS
2026-07-02 06:42:05,315 - INFO -   NTPC.NS: 1302 rows stored in DB
2026-07-02 06:42:05,315 - INFO - Processing: ONGC.NS
2026-07-02 06:42:06,069 - INFO -   ONGC.NS: 1302 rows stored in DB
2026-07-02 06:42:06,069 - INFO - Processing: ^NSEI
2026-07-02 06:42:06,686 - INFO -   ^NSEI: 1302 rows stored in DB
2026-07-02 06:42:06,686 - INFO - Processing: ^NSEBANK
2026-07-02 06:42:07,309 - INFO -   ^NSEBANK: 1302 rows stored in DB
2026-07-02 06:42:07,309 - INFO - Processing: ^BSESN
2026-07-02 06:42:07,916 - INFO -   ^BSESN: 1287 rows stored in DB
2026-07-02 06:42:07,916 - INFO - Processing: ^NSEMDCP50
2026-07-02 06:42:08,537 - INFO -   ^NSEMDCP50: 1302 rows stored in DB
2026-07-02 06:42:08,537 - INFO - Processing: NIFTY_FIN_SERVICE.NS
2026-07-02 06:42:09,151 - INFO -   NIFTY_FIN_SERVICE.NS: 1302 rows stored in DB
2026-07-02 06:42:09,213 - INFO - README updated.
2026-07-02 06:42:09,213 - INFO - All done.
2026-07-02 09:48:30,164 - INFO - Processing 25 symbols
2026-07-02 09:48:30,164 - INFO - Processing: RELIANCE.NS
2026-07-02 09:48:31,058 - INFO -   RELIANCE.NS: 1488 rows stored in DB
2026-07-02 09:48:31,058 - INFO - Processing: HDFCBANK.NS
2026-07-02 09:48:31,712 - INFO -   HDFCBANK.NS: 1488 rows stored in DB
2026-07-02 09:48:31,712 - INFO - Processing: ICICIBANK.NS
2026-07-02 09:48:32,376 - INFO -   ICICIBANK.NS: 1488 rows stored in DB
2026-07-02 09:48:32,376 - INFO - Processing: INFY.NS
2026-07-02 09:48:33,041 - INFO -   INFY.NS: 1488 rows stored in DB
2026-07-02 09:48:33,042 - INFO - Processing: TCS.NS
2026-07-02 09:48:33,739 - INFO -   TCS.NS: 1488 rows stored in DB
2026-07-02 09:48:33,739 - INFO - Processing: ITC.NS
2026-07-02 09:48:34,402 - INFO -   ITC.NS: 1488 rows stored in DB
2026-07-02 09:48:34,402 - INFO - Processing: HINDUNILVR.NS
2026-07-02 09:48:35,104 - INFO -   HINDUNILVR.NS: 1488 rows stored in DB
2026-07-02 09:48:35,104 - INFO - Processing: SBIN.NS
2026-07-02 09:48:35,816 - INFO -   SBIN.NS: 1488 rows stored in DB
2026-07-02 09:48:35,816 - INFO - Processing: BHARTIARTL.NS
2026-07-02 09:48:36,472 - INFO -   BHARTIARTL.NS: 1488 rows stored in DB
2026-07-02 09:48:36,472 - INFO - Processing: KOTAKBANK.NS
2026-07-02 09:48:37,158 - INFO -   KOTAKBANK.NS: 1488 rows stored in DB
2026-07-02 09:48:37,158 - INFO - Processing: LT.NS
2026-07-02 09:48:37,825 - INFO -   LT.NS: 1488 rows stored in DB
2026-07-02 09:48:37,826 - INFO - Processing: AXISBANK.NS
2026-07-02 09:48:38,505 - INFO -   AXISBANK.NS: 1488 rows stored in DB
2026-07-02 09:48:38,505 - INFO - Processing: BAJFINANCE.NS
2026-07-02 09:48:39,168 - INFO -   BAJFINANCE.NS: 1488 rows stored in DB
2026-07-02 09:48:39,168 - INFO - Processing: ASIANPAINT.NS
2026-07-02 09:48:39,855 - INFO -   ASIANPAINT.NS: 1488 rows stored in DB
2026-07-02 09:48:39,855 - INFO - Processing: MARUTI.NS
2026-07-02 09:48:40,511 - INFO -   MARUTI.NS: 1488 rows stored in DB
2026-07-02 09:48:40,511 - INFO - Processing: SUNPHARMA.NS
2026-07-02 09:48:41,169 - INFO -   SUNPHARMA.NS: 1488 rows stored in DB
2026-07-02 09:48:41,169 - INFO - Processing: WIPRO.NS
2026-07-02 09:48:41,831 - INFO -   WIPRO.NS: 1488 rows stored in DB
2026-07-02 09:48:41,831 - INFO - Processing: POWERGRID.NS
2026-07-02 09:48:42,489 - INFO -   POWERGRID.NS: 1488 rows stored in DB
2026-07-02 09:48:42,489 - INFO - Processing: NTPC.NS
2026-07-02 09:48:43,166 - INFO -   NTPC.NS: 1488 rows stored in DB
2026-07-02 09:48:43,166 - INFO - Processing: ONGC.NS
2026-07-02 09:48:43,841 - INFO -   ONGC.NS: 1488 rows stored in DB
2026-07-02 09:48:43,841 - INFO - Processing: ^NSEI
2026-07-02 09:48:44,424 - INFO -   ^NSEI: 1488 rows stored in DB
2026-07-02 09:48:44,424 - INFO - Processing: ^NSEBANK
2026-07-02 09:48:45,013 - INFO -   ^NSEBANK: 1488 rows stored in DB
2026-07-02 09:48:45,013 - INFO - Processing: ^BSESN
2026-07-02 09:48:45,593 - INFO -   ^BSESN: 1473 rows stored in DB
2026-07-02 09:48:45,593 - INFO - Processing: ^NSEMDCP50
2026-07-02 09:48:46,222 - INFO -   ^NSEMDCP50: 1488 rows stored in DB
2026-07-02 09:48:46,222 - INFO - Processing: NIFTY_FIN_SERVICE.NS
2026-07-02 09:48:46,797 - INFO -   NIFTY_FIN_SERVICE.NS: 1488 rows stored in DB
2026-07-02 09:48:46,856 - INFO - README updated.
2026-07-02 09:48:46,856 - INFO - All done.
2026-07-02 11:58:14,590 - INFO - Processing 25 symbols
2026-07-02 11:58:14,590 - INFO - Processing: RELIANCE.NS
2026-07-02 11:58:15,623 - INFO -   RELIANCE.NS: 1499 rows stored in DB
2026-07-02 11:58:15,623 - INFO - Processing: HDFCBANK.NS
2026-07-02 11:58:16,522 - INFO -   HDFCBANK.NS: 1499 rows stored in DB
2026-07-02 11:58:16,522 - INFO - Processing: ICICIBANK.NS
2026-07-02 11:58:17,264 - INFO -   ICICIBANK.NS: 1499 rows stored in DB
2026-07-02 11:58:17,265 - INFO - Processing: INFY.NS
2026-07-02 11:58:18,381 - INFO -   INFY.NS: 1499 rows stored in DB
2026-07-02 11:58:18,381 - INFO - Processing: TCS.NS
2026-07-02 11:58:19,349 - INFO -   TCS.NS: 1499 rows stored in DB
2026-07-02 11:58:19,349 - INFO - Processing: ITC.NS
2026-07-02 11:58:20,124 - INFO -   ITC.NS: 1499 rows stored in DB
2026-07-02 11:58:20,125 - INFO - Processing: HINDUNILVR.NS
2026-07-02 11:58:20,879 - INFO -   HINDUNILVR.NS: 1499 rows stored in DB
2026-07-02 11:58:20,879 - INFO - Processing: SBIN.NS
2026-07-02 11:58:21,606 - INFO -   SBIN.NS: 1499 rows stored in DB
2026-07-02 11:58:21,606 - INFO - Processing: BHARTIARTL.NS
2026-07-02 11:58:22,486 - INFO -   BHARTIARTL.NS: 1499 rows stored in DB
2026-07-02 11:58:22,486 - INFO - Processing: KOTAKBANK.NS
2026-07-02 11:58:23,340 - INFO -   KOTAKBANK.NS: 1499 rows stored in DB
2026-07-02 11:58:23,341 - INFO - Processing: LT.NS
2026-07-02 11:58:24,215 - INFO -   LT.NS: 1499 rows stored in DB
2026-07-02 11:58:24,215 - INFO - Processing: AXISBANK.NS
2026-07-02 11:58:24,992 - INFO -   AXISBANK.NS: 1499 rows stored in DB
2026-07-02 11:58:24,993 - INFO - Processing: BAJFINANCE.NS
2026-07-02 11:58:25,752 - INFO -   BAJFINANCE.NS: 1499 rows stored in DB
2026-07-02 11:58:25,752 - INFO - Processing: ASIANPAINT.NS
2026-07-02 11:58:26,561 - INFO -   ASIANPAINT.NS: 1499 rows stored in DB
2026-07-02 11:58:26,561 - INFO - Processing: MARUTI.NS
2026-07-02 11:58:27,413 - INFO -   MARUTI.NS: 1499 rows stored in DB
2026-07-02 11:58:27,413 - INFO - Processing: SUNPHARMA.NS
2026-07-02 11:58:28,151 - INFO -   SUNPHARMA.NS: 1499 rows stored in DB
2026-07-02 11:58:28,151 - INFO - Processing: WIPRO.NS
2026-07-02 11:58:28,986 - INFO -   WIPRO.NS: 1499 rows stored in DB
2026-07-02 11:58:28,986 - INFO - Processing: POWERGRID.NS
2026-07-02 11:58:29,723 - INFO -   POWERGRID.NS: 1499 rows stored in DB
2026-07-02 11:58:29,723 - INFO - Processing: NTPC.NS
2026-07-02 11:58:30,529 - INFO -   NTPC.NS: 1499 rows stored in DB
2026-07-02 11:58:30,530 - INFO - Processing: ONGC.NS
2026-07-02 11:58:31,299 - INFO -   ONGC.NS: 1499 rows stored in DB
2026-07-02 11:58:31,299 - INFO - Processing: ^NSEI
2026-07-02 11:58:32,114 - INFO -   ^NSEI: 1499 rows stored in DB
2026-07-02 11:58:32,114 - INFO - Processing: ^NSEBANK
2026-07-02 11:58:32,956 - INFO -   ^NSEBANK: 1499 rows stored in DB
2026-07-02 11:58:32,956 - INFO - Processing: ^BSESN
2026-07-02 11:58:33,758 - INFO -   ^BSESN: 1499 rows stored in DB
2026-07-02 11:58:33,758 - INFO - Processing: ^NSEMDCP50
2026-07-02 11:58:34,403 - INFO -   ^NSEMDCP50: 1499 rows stored in DB
2026-07-02 11:58:34,403 - INFO - Processing: NIFTY_FIN_SERVICE.NS
2026-07-02 11:58:35,047 - INFO -   NIFTY_FIN_SERVICE.NS: 1499 rows stored in DB
2026-07-02 11:58:35,105 - INFO - README updated.
2026-07-02 11:58:35,105 - INFO - All done.
2026-07-03 06:33:58,422 - INFO - Processing 25 symbols
2026-07-03 06:33:58,422 - INFO - Processing: RELIANCE.NS
2026-07-03 06:33:59,853 - INFO -   RELIANCE.NS: 1668 rows stored in DB
2026-07-03 06:33:59,853 - INFO - Processing: HDFCBANK.NS
2026-07-03 06:34:00,811 - INFO -   HDFCBANK.NS: 1668 rows stored in DB
2026-07-03 06:34:00,811 - INFO - Processing: ICICIBANK.NS
2026-07-03 06:34:01,798 - INFO -   ICICIBANK.NS: 1668 rows stored in DB
2026-07-03 06:34:01,798 - INFO - Processing: INFY.NS
2026-07-03 06:34:02,932 - INFO -   INFY.NS: 1668 rows stored in DB
2026-07-03 06:34:02,932 - INFO - Processing: TCS.NS
2026-07-03 06:34:03,926 - INFO -   TCS.NS: 1669 rows stored in DB
2026-07-03 06:34:03,927 - INFO - Processing: ITC.NS
2026-07-03 06:34:04,895 - INFO -   ITC.NS: 1669 rows stored in DB
2026-07-03 06:34:04,895 - INFO - Processing: HINDUNILVR.NS
2026-07-03 06:34:06,346 - INFO -   HINDUNILVR.NS: 1669 rows stored in DB
2026-07-03 06:34:06,347 - INFO - Processing: SBIN.NS
2026-07-03 06:34:07,876 - INFO -   SBIN.NS: 1669 rows stored in DB
2026-07-03 06:34:07,876 - INFO - Processing: BHARTIARTL.NS
2026-07-03 06:34:08,934 - INFO -   BHARTIARTL.NS: 1669 rows stored in DB
2026-07-03 06:34:08,934 - INFO - Processing: KOTAKBANK.NS
2026-07-03 06:34:09,912 - INFO -   KOTAKBANK.NS: 1669 rows stored in DB
2026-07-03 06:34:09,912 - INFO - Processing: LT.NS
2026-07-03 06:34:10,897 - INFO -   LT.NS: 1669 rows stored in DB
2026-07-03 06:34:10,897 - INFO - Processing: AXISBANK.NS
2026-07-03 06:34:11,900 - INFO -   AXISBANK.NS: 1669 rows stored in DB
2026-07-03 06:34:11,900 - INFO - Processing: BAJFINANCE.NS
2026-07-03 06:34:12,767 - INFO -   BAJFINANCE.NS: 1669 rows stored in DB
2026-07-03 06:34:12,767 - INFO - Processing: ASIANPAINT.NS
2026-07-03 06:34:13,742 - INFO -   ASIANPAINT.NS: 1669 rows stored in DB
2026-07-03 06:34:13,742 - INFO - Processing: MARUTI.NS
2026-07-03 06:34:15,168 - INFO -   MARUTI.NS: 1669 rows stored in DB
2026-07-03 06:34:15,168 - INFO - Processing: SUNPHARMA.NS
2026-07-03 06:34:16,213 - INFO -   SUNPHARMA.NS: 1669 rows stored in DB
2026-07-03 06:34:16,213 - INFO - Processing: WIPRO.NS
2026-07-03 06:34:17,368 - INFO -   WIPRO.NS: 1669 rows stored in DB
2026-07-03 06:34:17,368 - INFO - Processing: POWERGRID.NS
2026-07-03 06:34:18,413 - INFO -   POWERGRID.NS: 1669 rows stored in DB
2026-07-03 06:34:18,414 - INFO - Processing: NTPC.NS
2026-07-03 06:34:19,280 - INFO -   NTPC.NS: 1669 rows stored in DB
2026-07-03 06:34:19,280 - INFO - Processing: ONGC.NS
2026-07-03 06:34:20,335 - INFO -   ONGC.NS: 1669 rows stored in DB
2026-07-03 06:34:20,335 - INFO - Processing: ^NSEI
2026-07-03 06:34:21,121 - INFO -   ^NSEI: 1669 rows stored in DB
2026-07-03 06:34:21,121 - INFO - Processing: ^NSEBANK
2026-07-03 06:34:21,958 - INFO -   ^NSEBANK: 1669 rows stored in DB
2026-07-03 06:34:21,958 - INFO - Processing: ^BSESN
2026-07-03 06:34:22,834 - INFO -   ^BSESN: 1654 rows stored in DB
2026-07-03 06:34:22,834 - INFO - Processing: ^NSEMDCP50
2026-07-03 06:34:23,640 - INFO -   ^NSEMDCP50: 1669 rows stored in DB
2026-07-03 06:34:23,640 - INFO - Processing: NIFTY_FIN_SERVICE.NS
2026-07-03 06:34:24,461 - INFO -   NIFTY_FIN_SERVICE.NS: 1669 rows stored in DB
2026-07-03 06:34:24,512 - INFO - README updated.
2026-07-03 06:34:24,512 - INFO - All done.
2026-07-03 09:44:13,010 - INFO - Processing 25 symbols
2026-07-03 09:44:13,010 - INFO - Processing: RELIANCE.NS
2026-07-03 09:44:14,102 - INFO -   RELIANCE.NS: 1859 rows stored in DB
2026-07-03 09:44:14,102 - INFO - Processing: HDFCBANK.NS
2026-07-03 09:44:15,061 - INFO -   HDFCBANK.NS: 1859 rows stored in DB
2026-07-03 09:44:15,061 - INFO - Processing: ICICIBANK.NS
2026-07-03 09:44:16,017 - INFO -   ICICIBANK.NS: 1859 rows stored in DB
2026-07-03 09:44:16,017 - INFO - Processing: INFY.NS
2026-07-03 09:44:17,045 - INFO -   INFY.NS: 1859 rows stored in DB
2026-07-03 09:44:17,045 - INFO - Processing: TCS.NS
2026-07-03 09:44:17,991 - INFO -   TCS.NS: 1859 rows stored in DB
2026-07-03 09:44:17,991 - INFO - Processing: ITC.NS
2026-07-03 09:44:18,936 - INFO -   ITC.NS: 1859 rows stored in DB
2026-07-03 09:44:18,936 - INFO - Processing: HINDUNILVR.NS
2026-07-03 09:44:20,031 - INFO -   HINDUNILVR.NS: 1859 rows stored in DB
2026-07-03 09:44:20,031 - INFO - Processing: SBIN.NS
2026-07-03 09:44:21,009 - INFO -   SBIN.NS: 1859 rows stored in DB
2026-07-03 09:44:21,009 - INFO - Processing: BHARTIARTL.NS
2026-07-03 09:44:21,977 - INFO -   BHARTIARTL.NS: 1859 rows stored in DB
2026-07-03 09:44:21,977 - INFO - Processing: KOTAKBANK.NS
2026-07-03 09:44:22,909 - INFO -   KOTAKBANK.NS: 1859 rows stored in DB
2026-07-03 09:44:22,909 - INFO - Processing: LT.NS
2026-07-03 09:44:23,873 - INFO -   LT.NS: 1859 rows stored in DB
2026-07-03 09:44:23,874 - INFO - Processing: AXISBANK.NS
2026-07-03 09:44:24,833 - INFO -   AXISBANK.NS: 1859 rows stored in DB
2026-07-03 09:44:24,833 - INFO - Processing: BAJFINANCE.NS
2026-07-03 09:44:25,849 - INFO -   BAJFINANCE.NS: 1859 rows stored in DB
2026-07-03 09:44:25,849 - INFO - Processing: ASIANPAINT.NS
2026-07-03 09:44:26,807 - INFO -   ASIANPAINT.NS: 1859 rows stored in DB
2026-07-03 09:44:26,808 - INFO - Processing: MARUTI.NS
2026-07-03 09:44:27,741 - INFO -   MARUTI.NS: 1859 rows stored in DB
2026-07-03 09:44:27,741 - INFO - Processing: SUNPHARMA.NS
2026-07-03 09:44:28,717 - INFO -   SUNPHARMA.NS: 1859 rows stored in DB
2026-07-03 09:44:28,718 - INFO - Processing: WIPRO.NS
2026-07-03 09:44:29,678 - INFO -   WIPRO.NS: 1859 rows stored in DB
2026-07-03 09:44:29,678 - INFO - Processing: POWERGRID.NS
2026-07-03 09:44:30,604 - INFO -   POWERGRID.NS: 1859 rows stored in DB
2026-07-03 09:44:30,605 - INFO - Processing: NTPC.NS
2026-07-03 09:44:31,541 - INFO -   NTPC.NS: 1859 rows stored in DB
2026-07-03 09:44:31,541 - INFO - Processing: ONGC.NS
2026-07-03 09:44:32,479 - INFO -   ONGC.NS: 1859 rows stored in DB
2026-07-03 09:44:32,480 - INFO - Processing: ^NSEI
2026-07-03 09:44:33,321 - INFO -   ^NSEI: 1859 rows stored in DB
2026-07-03 09:44:33,321 - INFO - Processing: ^NSEBANK
2026-07-03 09:44:34,142 - INFO -   ^NSEBANK: 1859 rows stored in DB
2026-07-03 09:44:34,142 - INFO - Processing: ^BSESN
2026-07-03 09:44:35,003 - INFO -   ^BSESN: 1844 rows stored in DB
2026-07-03 09:44:35,003 - INFO - Processing: ^NSEMDCP50
2026-07-03 09:44:35,842 - INFO -   ^NSEMDCP50: 1859 rows stored in DB
2026-07-03 09:44:35,842 - INFO - Processing: NIFTY_FIN_SERVICE.NS
2026-07-03 09:44:36,676 - INFO -   NIFTY_FIN_SERVICE.NS: 1859 rows stored in DB
2026-07-03 09:44:36,737 - INFO - README updated.
2026-07-03 09:44:36,737 - INFO - All done.
2026-07-03 11:56:20,452 - INFO - Processing 25 symbols
2026-07-03 11:56:20,453 - INFO - Processing: RELIANCE.NS
2026-07-03 11:56:22,024 - INFO -   RELIANCE.NS: 1874 rows stored in DB
2026-07-03 11:56:22,024 - INFO - Processing: HDFCBANK.NS
2026-07-03 11:56:23,261 - INFO -   HDFCBANK.NS: 1874 rows stored in DB
2026-07-03 11:56:23,261 - INFO - Processing: ICICIBANK.NS
2026-07-03 11:56:24,371 - INFO -   ICICIBANK.NS: 1874 rows stored in DB
2026-07-03 11:56:24,371 - INFO - Processing: INFY.NS
2026-07-03 11:56:25,468 - INFO -   INFY.NS: 1874 rows stored in DB
2026-07-03 11:56:25,468 - INFO - Processing: TCS.NS
2026-07-03 11:56:26,542 - INFO -   TCS.NS: 1874 rows stored in DB
2026-07-03 11:56:26,542 - INFO - Processing: ITC.NS
2026-07-03 11:56:27,647 - INFO -   ITC.NS: 1874 rows stored in DB
2026-07-03 11:56:27,647 - INFO - Processing: HINDUNILVR.NS
2026-07-03 11:56:28,820 - INFO -   HINDUNILVR.NS: 1874 rows stored in DB
2026-07-03 11:56:28,820 - INFO - Processing: SBIN.NS
2026-07-03 11:56:29,891 - INFO -   SBIN.NS: 1874 rows stored in DB
2026-07-03 11:56:29,891 - INFO - Processing: BHARTIARTL.NS
2026-07-03 11:56:30,968 - INFO -   BHARTIARTL.NS: 1874 rows stored in DB
2026-07-03 11:56:30,968 - INFO - Processing: KOTAKBANK.NS
2026-07-03 11:56:32,056 - INFO -   KOTAKBANK.NS: 1874 rows stored in DB
2026-07-03 11:56:32,056 - INFO - Processing: LT.NS
2026-07-03 11:56:33,131 - INFO -   LT.NS: 1874 rows stored in DB
2026-07-03 11:56:33,131 - INFO - Processing: AXISBANK.NS
2026-07-03 11:56:34,308 - INFO -   AXISBANK.NS: 1874 rows stored in DB
2026-07-03 11:56:34,308 - INFO - Processing: BAJFINANCE.NS
2026-07-03 11:56:35,411 - INFO -   BAJFINANCE.NS: 1874 rows stored in DB
2026-07-03 11:56:35,411 - INFO - Processing: ASIANPAINT.NS
2026-07-03 11:56:36,502 - INFO -   ASIANPAINT.NS: 1874 rows stored in DB
2026-07-03 11:56:36,502 - INFO - Processing: MARUTI.NS
2026-07-03 11:56:37,599 - INFO -   MARUTI.NS: 1874 rows stored in DB
2026-07-03 11:56:37,599 - INFO - Processing: SUNPHARMA.NS
2026-07-03 11:56:38,697 - INFO -   SUNPHARMA.NS: 1874 rows stored in DB
2026-07-03 11:56:38,698 - INFO - Processing: WIPRO.NS
2026-07-03 11:56:39,781 - INFO -   WIPRO.NS: 1874 rows stored in DB
2026-07-03 11:56:39,781 - INFO - Processing: POWERGRID.NS
2026-07-03 11:56:40,865 - INFO -   POWERGRID.NS: 1874 rows stored in DB
2026-07-03 11:56:40,865 - INFO - Processing: NTPC.NS
2026-07-03 11:56:41,923 - INFO -   NTPC.NS: 1874 rows stored in DB
2026-07-03 11:56:41,923 - INFO - Processing: ONGC.NS
2026-07-03 11:56:43,006 - INFO -   ONGC.NS: 1874 rows stored in DB
2026-07-03 11:56:43,006 - INFO - Processing: ^NSEI
2026-07-03 11:56:43,971 - INFO -   ^NSEI: 1874 rows stored in DB
2026-07-03 11:56:43,971 - INFO - Processing: ^NSEBANK
2026-07-03 11:56:44,957 - INFO -   ^NSEBANK: 1874 rows stored in DB
2026-07-03 11:56:44,957 - INFO - Processing: ^BSESN
2026-07-03 11:56:45,965 - INFO -   ^BSESN: 1874 rows stored in DB
2026-07-03 11:56:45,966 - INFO - Processing: ^NSEMDCP50
2026-07-03 11:56:46,935 - INFO -   ^NSEMDCP50: 1874 rows stored in DB
2026-07-03 11:56:46,935 - INFO - Processing: NIFTY_FIN_SERVICE.NS
2026-07-03 11:56:47,891 - INFO -   NIFTY_FIN_SERVICE.NS: 1874 rows stored in DB
2026-07-03 11:56:47,953 - INFO - README updated.
2026-07-03 11:56:47,953 - INFO - All done.
2026-07-06 07:14:07,590 - INFO - Processing 25 symbols
2026-07-06 07:14:07,590 - INFO - Processing: RELIANCE.NS
2026-07-06 07:14:08,557 - INFO -   RELIANCE.NS: 1709 rows stored in DB
2026-07-06 07:14:08,557 - INFO - Processing: HDFCBANK.NS
2026-07-06 07:14:09,322 - INFO -   HDFCBANK.NS: 1709 rows stored in DB
2026-07-06 07:14:09,322 - INFO - Processing: ICICIBANK.NS
2026-07-06 07:14:10,053 - INFO -   ICICIBANK.NS: 1709 rows stored in DB
2026-07-06 07:14:10,053 - INFO - Processing: INFY.NS
2026-07-06 07:14:10,815 - INFO -   INFY.NS: 1709 rows stored in DB
2026-07-06 07:14:10,815 - INFO - Processing: TCS.NS
2026-07-06 07:14:11,554 - INFO -   TCS.NS: 1709 rows stored in DB
2026-07-06 07:14:11,554 - INFO - Processing: ITC.NS
2026-07-06 07:14:12,325 - INFO -   ITC.NS: 1709 rows stored in DB
2026-07-06 07:14:12,325 - INFO - Processing: HINDUNILVR.NS
2026-07-06 07:14:13,098 - INFO -   HINDUNILVR.NS: 1709 rows stored in DB
2026-07-06 07:14:13,098 - INFO - Processing: SBIN.NS
2026-07-06 07:14:13,859 - INFO -   SBIN.NS: 1709 rows stored in DB
2026-07-06 07:14:13,860 - INFO - Processing: BHARTIARTL.NS
2026-07-06 07:14:14,600 - INFO -   BHARTIARTL.NS: 1709 rows stored in DB
2026-07-06 07:14:14,600 - INFO - Processing: KOTAKBANK.NS
2026-07-06 07:14:15,399 - INFO -   KOTAKBANK.NS: 1709 rows stored in DB
2026-07-06 07:14:15,399 - INFO - Processing: LT.NS
2026-07-06 07:14:16,144 - INFO -   LT.NS: 1709 rows stored in DB
2026-07-06 07:14:16,145 - INFO - Processing: AXISBANK.NS
2026-07-06 07:14:16,944 - INFO -   AXISBANK.NS: 1709 rows stored in DB
2026-07-06 07:14:16,945 - INFO - Processing: BAJFINANCE.NS
2026-07-06 07:14:17,691 - INFO -   BAJFINANCE.NS: 1709 rows stored in DB
2026-07-06 07:14:17,691 - INFO - Processing: ASIANPAINT.NS
2026-07-06 07:14:18,484 - INFO -   ASIANPAINT.NS: 1709 rows stored in DB
2026-07-06 07:14:18,484 - INFO - Processing: MARUTI.NS
2026-07-06 07:14:19,225 - INFO -   MARUTI.NS: 1709 rows stored in DB
2026-07-06 07:14:19,226 - INFO - Processing: SUNPHARMA.NS
2026-07-06 07:14:20,008 - INFO -   SUNPHARMA.NS: 1709 rows stored in DB
2026-07-06 07:14:20,008 - INFO - Processing: WIPRO.NS
2026-07-06 07:14:20,762 - INFO -   WIPRO.NS: 1709 rows stored in DB
2026-07-06 07:14:20,762 - INFO - Processing: POWERGRID.NS
2026-07-06 07:14:21,527 - INFO -   POWERGRID.NS: 1709 rows stored in DB
2026-07-06 07:14:21,527 - INFO - Processing: NTPC.NS
2026-07-06 07:14:22,309 - INFO -   NTPC.NS: 1709 rows stored in DB
2026-07-06 07:14:22,309 - INFO - Processing: ONGC.NS
2026-07-06 07:14:23,093 - INFO -   ONGC.NS: 1709 rows stored in DB
2026-07-06 07:14:23,093 - INFO - Processing: ^NSEI
2026-07-06 07:14:23,760 - INFO -   ^NSEI: 1709 rows stored in DB
2026-07-06 07:14:23,760 - INFO - Processing: ^NSEBANK
2026-07-06 07:14:24,450 - INFO -   ^NSEBANK: 1709 rows stored in DB
2026-07-06 07:14:24,450 - INFO - Processing: ^BSESN
2026-07-06 07:14:25,114 - INFO -   ^BSESN: 1694 rows stored in DB
2026-07-06 07:14:25,114 - INFO - Processing: ^NSEMDCP50
2026-07-06 07:14:25,773 - INFO -   ^NSEMDCP50: 1709 rows stored in DB
2026-07-06 07:14:25,773 - INFO - Processing: NIFTY_FIN_SERVICE.NS
2026-07-06 07:14:26,432 - INFO -   NIFTY_FIN_SERVICE.NS: 1709 rows stored in DB
2026-07-06 07:14:26,491 - INFO - README updated.
2026-07-06 07:14:26,492 - INFO - All done.
2026-07-06 11:44:30,095 - INFO - Processing 25 symbols
2026-07-06 11:44:30,095 - INFO - Processing: RELIANCE.NS
2026-07-06 11:44:31,323 - INFO -   RELIANCE.NS: 1874 rows stored in DB
2026-07-06 11:44:31,323 - INFO - Processing: HDFCBANK.NS
2026-07-06 11:44:32,292 - INFO -   HDFCBANK.NS: 1874 rows stored in DB
2026-07-06 11:44:32,292 - INFO - Processing: ICICIBANK.NS
2026-07-06 11:44:33,293 - INFO -   ICICIBANK.NS: 1874 rows stored in DB
2026-07-06 11:44:33,293 - INFO - Processing: INFY.NS
2026-07-06 11:44:34,315 - INFO -   INFY.NS: 1874 rows stored in DB
2026-07-06 11:44:34,315 - INFO - Processing: TCS.NS
2026-07-06 11:44:35,382 - INFO -   TCS.NS: 1874 rows stored in DB
2026-07-06 11:44:35,382 - INFO - Processing: ITC.NS
2026-07-06 11:44:36,376 - INFO -   ITC.NS: 1874 rows stored in DB
2026-07-06 11:44:36,376 - INFO - Processing: HINDUNILVR.NS
2026-07-06 11:44:37,390 - INFO -   HINDUNILVR.NS: 1874 rows stored in DB
2026-07-06 11:44:37,390 - INFO - Processing: SBIN.NS
2026-07-06 11:44:38,460 - INFO -   SBIN.NS: 1874 rows stored in DB
2026-07-06 11:44:38,461 - INFO - Processing: BHARTIARTL.NS
2026-07-06 11:44:39,435 - INFO -   BHARTIARTL.NS: 1874 rows stored in DB
2026-07-06 11:44:39,435 - INFO - Processing: KOTAKBANK.NS
2026-07-06 11:44:40,429 - INFO -   KOTAKBANK.NS: 1874 rows stored in DB
2026-07-06 11:44:40,429 - INFO - Processing: LT.NS
2026-07-06 11:44:41,435 - INFO -   LT.NS: 1874 rows stored in DB
2026-07-06 11:44:41,435 - INFO - Processing: AXISBANK.NS
2026-07-06 11:44:42,446 - INFO -   AXISBANK.NS: 1874 rows stored in DB
2026-07-06 11:44:42,446 - INFO - Processing: BAJFINANCE.NS
2026-07-06 11:44:43,506 - INFO -   BAJFINANCE.NS: 1874 rows stored in DB
2026-07-06 11:44:43,506 - INFO - Processing: ASIANPAINT.NS
2026-07-06 11:44:44,559 - INFO -   ASIANPAINT.NS: 1874 rows stored in DB
2026-07-06 11:44:44,559 - INFO - Processing: MARUTI.NS
2026-07-06 11:44:45,516 - INFO -   MARUTI.NS: 1874 rows stored in DB
2026-07-06 11:44:45,516 - INFO - Processing: SUNPHARMA.NS
2026-07-06 11:44:46,528 - INFO -   SUNPHARMA.NS: 1874 rows stored in DB
2026-07-06 11:44:46,528 - INFO - Processing: WIPRO.NS
2026-07-06 11:44:47,555 - INFO -   WIPRO.NS: 1874 rows stored in DB
2026-07-06 11:44:47,556 - INFO - Processing: POWERGRID.NS
2026-07-06 11:44:48,609 - INFO -   POWERGRID.NS: 1874 rows stored in DB
2026-07-06 11:44:48,609 - INFO - Processing: NTPC.NS
2026-07-06 11:44:49,646 - INFO -   NTPC.NS: 1874 rows stored in DB
2026-07-06 11:44:49,646 - INFO - Processing: ONGC.NS
2026-07-06 11:44:50,647 - INFO -   ONGC.NS: 1874 rows stored in DB
2026-07-06 11:44:50,647 - INFO - Processing: ^NSEI
2026-07-06 11:44:51,541 - INFO -   ^NSEI: 1874 rows stored in DB
2026-07-06 11:44:51,541 - INFO - Processing: ^NSEBANK
2026-07-06 11:44:52,410 - INFO -   ^NSEBANK: 1874 rows stored in DB
2026-07-06 11:44:52,410 - INFO - Processing: ^BSESN
2026-07-06 11:44:53,313 - INFO -   ^BSESN: 1874 rows stored in DB
2026-07-06 11:44:53,313 - INFO - Processing: ^NSEMDCP50
2026-07-06 11:44:54,193 - INFO -   ^NSEMDCP50: 1874 rows stored in DB
2026-07-06 11:44:54,193 - INFO - Processing: NIFTY_FIN_SERVICE.NS
2026-07-06 11:44:55,033 - INFO -   NIFTY_FIN_SERVICE.NS: 1874 rows stored in DB
2026-07-06 11:44:55,096 - INFO - README updated.
2026-07-06 11:44:55,096 - INFO - All done.
2026-07-07 06:47:51,866 - INFO - Processing 25 symbols
2026-07-07 06:47:51,866 - INFO - Processing: RELIANCE.NS
2026-07-07 06:47:53,036 - INFO -   RELIANCE.NS: 1682 rows stored in DB
2026-07-07 06:47:53,036 - INFO - Processing: HDFCBANK.NS
2026-07-07 06:47:53,915 - INFO -   HDFCBANK.NS: 1682 rows stored in DB
2026-07-07 06:47:53,915 - INFO - Processing: ICICIBANK.NS
2026-07-07 06:47:54,791 - INFO -   ICICIBANK.NS: 1682 rows stored in DB
2026-07-07 06:47:54,791 - INFO - Processing: INFY.NS
2026-07-07 06:47:55,690 - INFO -   INFY.NS: 1682 rows stored in DB
2026-07-07 06:47:55,690 - INFO - Processing: TCS.NS
2026-07-07 06:47:56,573 - INFO -   TCS.NS: 1682 rows stored in DB
2026-07-07 06:47:56,573 - INFO - Processing: ITC.NS
2026-07-07 06:47:57,481 - INFO -   ITC.NS: 1682 rows stored in DB
2026-07-07 06:47:57,481 - INFO - Processing: HINDUNILVR.NS
2026-07-07 06:47:58,360 - INFO -   HINDUNILVR.NS: 1682 rows stored in DB
2026-07-07 06:47:58,360 - INFO - Processing: SBIN.NS
2026-07-07 06:47:59,261 - INFO -   SBIN.NS: 1682 rows stored in DB
2026-07-07 06:47:59,261 - INFO - Processing: BHARTIARTL.NS
2026-07-07 06:48:00,148 - INFO -   BHARTIARTL.NS: 1682 rows stored in DB
2026-07-07 06:48:00,148 - INFO - Processing: KOTAKBANK.NS
2026-07-07 06:48:01,042 - INFO -   KOTAKBANK.NS: 1682 rows stored in DB
2026-07-07 06:48:01,042 - INFO - Processing: LT.NS
2026-07-07 06:48:01,908 - INFO -   LT.NS: 1682 rows stored in DB
2026-07-07 06:48:01,908 - INFO - Processing: AXISBANK.NS
2026-07-07 06:48:02,770 - INFO -   AXISBANK.NS: 1682 rows stored in DB
2026-07-07 06:48:02,771 - INFO - Processing: BAJFINANCE.NS
2026-07-07 06:48:03,655 - INFO -   BAJFINANCE.NS: 1683 rows stored in DB
2026-07-07 06:48:03,655 - INFO - Processing: ASIANPAINT.NS
2026-07-07 06:48:04,538 - INFO -   ASIANPAINT.NS: 1683 rows stored in DB
2026-07-07 06:48:04,538 - INFO - Processing: MARUTI.NS
2026-07-07 06:48:05,426 - INFO -   MARUTI.NS: 1683 rows stored in DB
2026-07-07 06:48:05,426 - INFO - Processing: SUNPHARMA.NS
2026-07-07 06:48:06,332 - INFO -   SUNPHARMA.NS: 1683 rows stored in DB
2026-07-07 06:48:06,333 - INFO - Processing: WIPRO.NS
2026-07-07 06:48:07,242 - INFO -   WIPRO.NS: 1683 rows stored in DB
2026-07-07 06:48:07,242 - INFO - Processing: POWERGRID.NS
2026-07-07 06:48:08,116 - INFO -   POWERGRID.NS: 1683 rows stored in DB
2026-07-07 06:48:08,116 - INFO - Processing: NTPC.NS
2026-07-07 06:48:09,023 - INFO -   NTPC.NS: 1683 rows stored in DB
2026-07-07 06:48:09,023 - INFO - Processing: ONGC.NS
2026-07-07 06:48:09,902 - INFO -   ONGC.NS: 1683 rows stored in DB
2026-07-07 06:48:09,902 - INFO - Processing: ^NSEI
2026-07-07 06:48:10,667 - INFO -   ^NSEI: 1683 rows stored in DB
2026-07-07 06:48:10,667 - INFO - Processing: ^NSEBANK
2026-07-07 06:48:11,447 - INFO -   ^NSEBANK: 1683 rows stored in DB
2026-07-07 06:48:11,447 - INFO - Processing: ^BSESN
2026-07-07 06:48:12,204 - INFO -   ^BSESN: 1668 rows stored in DB
2026-07-07 06:48:12,204 - INFO - Processing: ^NSEMDCP50
2026-07-07 06:48:12,972 - INFO -   ^NSEMDCP50: 1683 rows stored in DB
2026-07-07 06:48:12,973 - INFO - Processing: NIFTY_FIN_SERVICE.NS
2026-07-07 06:48:13,748 - INFO -   NIFTY_FIN_SERVICE.NS: 1683 rows stored in DB
2026-07-07 06:48:13,813 - INFO - README updated.
2026-07-07 06:48:13,814 - INFO - All done.
2026-07-07 10:14:43,253 - INFO - Processing 25 symbols
2026-07-07 10:14:43,253 - INFO - Processing: RELIANCE.NS
2026-07-07 10:14:44,309 - INFO -   RELIANCE.NS: 1874 rows stored in DB
2026-07-07 10:14:44,309 - INFO - Processing: HDFCBANK.NS
2026-07-07 10:14:45,644 - INFO -   HDFCBANK.NS: 1874 rows stored in DB
2026-07-07 10:14:45,644 - INFO - Processing: ICICIBANK.NS
2026-07-07 10:14:46,630 - INFO -   ICICIBANK.NS: 1874 rows stored in DB
2026-07-07 10:14:46,630 - INFO - Processing: INFY.NS
2026-07-07 10:14:47,665 - INFO -   INFY.NS: 1874 rows stored in DB
2026-07-07 10:14:47,665 - INFO - Processing: TCS.NS
2026-07-07 10:14:48,645 - INFO -   TCS.NS: 1874 rows stored in DB
2026-07-07 10:14:48,645 - INFO - Processing: ITC.NS
2026-07-07 10:14:49,637 - INFO -   ITC.NS: 1874 rows stored in DB
2026-07-07 10:14:49,637 - INFO - Processing: HINDUNILVR.NS
2026-07-07 10:14:50,586 - INFO -   HINDUNILVR.NS: 1873 rows stored in DB
2026-07-07 10:14:50,587 - INFO - Processing: SBIN.NS
2026-07-07 10:14:51,551 - INFO -   SBIN.NS: 1874 rows stored in DB
2026-07-07 10:14:51,551 - INFO - Processing: BHARTIARTL.NS
2026-07-07 10:14:52,527 - INFO -   BHARTIARTL.NS: 1873 rows stored in DB
2026-07-07 10:14:52,527 - INFO - Processing: KOTAKBANK.NS
2026-07-07 10:14:53,647 - INFO -   KOTAKBANK.NS: 1874 rows stored in DB
2026-07-07 10:14:53,647 - INFO - Processing: LT.NS
2026-07-07 10:14:54,644 - INFO -   LT.NS: 1874 rows stored in DB
2026-07-07 10:14:54,645 - INFO - Processing: AXISBANK.NS
2026-07-07 10:14:55,644 - INFO -   AXISBANK.NS: 1873 rows stored in DB
2026-07-07 10:14:55,644 - INFO - Processing: BAJFINANCE.NS
2026-07-07 10:14:56,624 - INFO -   BAJFINANCE.NS: 1873 rows stored in DB
2026-07-07 10:14:56,624 - INFO - Processing: ASIANPAINT.NS
2026-07-07 10:14:57,630 - INFO -   ASIANPAINT.NS: 1874 rows stored in DB
2026-07-07 10:14:57,630 - INFO - Processing: MARUTI.NS
2026-07-07 10:14:58,619 - INFO -   MARUTI.NS: 1874 rows stored in DB
2026-07-07 10:14:58,619 - INFO - Processing: SUNPHARMA.NS
2026-07-07 10:14:59,581 - INFO -   SUNPHARMA.NS: 1873 rows stored in DB
2026-07-07 10:14:59,581 - INFO - Processing: WIPRO.NS
2026-07-07 10:15:00,577 - INFO -   WIPRO.NS: 1874 rows stored in DB
2026-07-07 10:15:00,577 - INFO - Processing: POWERGRID.NS
2026-07-07 10:15:01,547 - INFO -   POWERGRID.NS: 1874 rows stored in DB
2026-07-07 10:15:01,547 - INFO - Processing: NTPC.NS
2026-07-07 10:15:02,521 - INFO -   NTPC.NS: 1874 rows stored in DB
2026-07-07 10:15:02,521 - INFO - Processing: ONGC.NS
2026-07-07 10:15:03,507 - INFO -   ONGC.NS: 1874 rows stored in DB
2026-07-07 10:15:03,507 - INFO - Processing: ^NSEI
2026-07-07 10:15:04,379 - INFO -   ^NSEI: 1874 rows stored in DB
2026-07-07 10:15:04,379 - INFO - Processing: ^NSEBANK
2026-07-07 10:15:05,261 - INFO -   ^NSEBANK: 1874 rows stored in DB
2026-07-07 10:15:05,261 - INFO - Processing: ^BSESN
2026-07-07 10:15:06,172 - INFO -   ^BSESN: 1874 rows stored in DB
2026-07-07 10:15:06,172 - INFO - Processing: ^NSEMDCP50
2026-07-07 10:15:07,042 - INFO -   ^NSEMDCP50: 1874 rows stored in DB
2026-07-07 10:15:07,043 - INFO - Processing: NIFTY_FIN_SERVICE.NS
2026-07-07 10:15:07,922 - INFO -   NIFTY_FIN_SERVICE.NS: 1874 rows stored in DB
2026-07-07 10:15:07,984 - INFO - README updated.
2026-07-07 10:15:07,984 - INFO - All done.
2026-07-07 12:39:58,966 - INFO - Processing 25 symbols
2026-07-07 12:39:58,966 - INFO - Processing: RELIANCE.NS
2026-07-07 12:40:00,193 - INFO -   RELIANCE.NS: 1874 rows stored in DB
2026-07-07 12:40:00,194 - INFO - Processing: HDFCBANK.NS
2026-07-07 12:40:01,230 - INFO -   HDFCBANK.NS: 1874 rows stored in DB
2026-07-07 12:40:01,230 - INFO - Processing: ICICIBANK.NS
2026-07-07 12:40:02,224 - INFO -   ICICIBANK.NS: 1874 rows stored in DB
2026-07-07 12:40:02,224 - INFO - Processing: INFY.NS
2026-07-07 12:40:03,291 - INFO -   INFY.NS: 1874 rows stored in DB
2026-07-07 12:40:03,291 - INFO - Processing: TCS.NS
2026-07-07 12:40:04,311 - INFO -   TCS.NS: 1874 rows stored in DB
2026-07-07 12:40:04,311 - INFO - Processing: ITC.NS
2026-07-07 12:40:05,348 - INFO -   ITC.NS: 1874 rows stored in DB
2026-07-07 12:40:05,349 - INFO - Processing: HINDUNILVR.NS
2026-07-07 12:40:06,492 - INFO -   HINDUNILVR.NS: 1874 rows stored in DB
2026-07-07 12:40:06,493 - INFO - Processing: SBIN.NS
2026-07-07 12:40:07,530 - INFO -   SBIN.NS: 1874 rows stored in DB
2026-07-07 12:40:07,530 - INFO - Processing: BHARTIARTL.NS
2026-07-07 12:40:08,508 - INFO -   BHARTIARTL.NS: 1874 rows stored in DB
2026-07-07 12:40:08,509 - INFO - Processing: KOTAKBANK.NS
2026-07-07 12:40:09,512 - INFO -   KOTAKBANK.NS: 1874 rows stored in DB
2026-07-07 12:40:09,512 - INFO - Processing: LT.NS
2026-07-07 12:40:10,528 - INFO -   LT.NS: 1874 rows stored in DB
2026-07-07 12:40:10,528 - INFO - Processing: AXISBANK.NS
2026-07-07 12:40:11,533 - INFO -   AXISBANK.NS: 1874 rows stored in DB
2026-07-07 12:40:11,533 - INFO - Processing: BAJFINANCE.NS
2026-07-07 12:40:12,574 - INFO -   BAJFINANCE.NS: 1874 rows stored in DB
2026-07-07 12:40:12,574 - INFO - Processing: ASIANPAINT.NS
2026-07-07 12:40:13,604 - INFO -   ASIANPAINT.NS: 1874 rows stored in DB
2026-07-07 12:40:13,605 - INFO - Processing: MARUTI.NS
2026-07-07 12:40:14,674 - INFO -   MARUTI.NS: 1874 rows stored in DB
2026-07-07 12:40:14,674 - INFO - Processing: SUNPHARMA.NS
2026-07-07 12:40:15,679 - INFO -   SUNPHARMA.NS: 1874 rows stored in DB
2026-07-07 12:40:15,679 - INFO - Processing: WIPRO.NS
2026-07-07 12:40:16,725 - INFO -   WIPRO.NS: 1874 rows stored in DB
2026-07-07 12:40:16,725 - INFO - Processing: POWERGRID.NS
2026-07-07 12:40:17,825 - INFO -   POWERGRID.NS: 1874 rows stored in DB
2026-07-07 12:40:17,825 - INFO - Processing: NTPC.NS
2026-07-07 12:40:18,851 - INFO -   NTPC.NS: 1874 rows stored in DB
2026-07-07 12:40:18,851 - INFO - Processing: ONGC.NS
2026-07-07 12:40:19,847 - INFO -   ONGC.NS: 1874 rows stored in DB
2026-07-07 12:40:19,847 - INFO - Processing: ^NSEI
2026-07-07 12:40:20,838 - INFO -   ^NSEI: 1874 rows stored in DB
2026-07-07 12:40:20,839 - INFO - Processing: ^NSEBANK
2026-07-07 12:40:21,754 - INFO -   ^NSEBANK: 1874 rows stored in DB
2026-07-07 12:40:21,754 - INFO - Processing: ^BSESN
2026-07-07 12:40:22,681 - INFO -   ^BSESN: 1874 rows stored in DB
2026-07-07 12:40:22,681 - INFO - Processing: ^NSEMDCP50
2026-07-07 12:40:23,559 - INFO -   ^NSEMDCP50: 1874 rows stored in DB
2026-07-07 12:40:23,559 - INFO - Processing: NIFTY_FIN_SERVICE.NS
2026-07-07 12:40:24,476 - INFO -   NIFTY_FIN_SERVICE.NS: 1874 rows stored in DB
2026-07-07 12:40:24,539 - INFO - README updated.
2026-07-07 12:40:24,539 - INFO - All done.
2026-07-08 05:52:49,736 - INFO - Processing 25 symbols
2026-07-08 05:52:49,737 - INFO - Processing: RELIANCE.NS
2026-07-08 05:52:50,750 - INFO -   RELIANCE.NS: 1627 rows stored in DB
2026-07-08 05:52:50,751 - INFO - Processing: HDFCBANK.NS
2026-07-08 05:52:51,649 - INFO -   HDFCBANK.NS: 1627 rows stored in DB
2026-07-08 05:52:51,649 - INFO - Processing: ICICIBANK.NS
2026-07-08 05:52:52,526 - INFO -   ICICIBANK.NS: 1627 rows stored in DB
2026-07-08 05:52:52,526 - INFO - Processing: INFY.NS
2026-07-08 05:52:53,402 - INFO -   INFY.NS: 1627 rows stored in DB
2026-07-08 05:52:53,402 - INFO - Processing: TCS.NS
2026-07-08 05:52:54,283 - INFO -   TCS.NS: 1627 rows stored in DB
2026-07-08 05:52:54,283 - INFO - Processing: ITC.NS
2026-07-08 05:52:55,193 - INFO -   ITC.NS: 1627 rows stored in DB
2026-07-08 05:52:55,194 - INFO - Processing: HINDUNILVR.NS
2026-07-08 05:52:56,054 - INFO -   HINDUNILVR.NS: 1627 rows stored in DB
2026-07-08 05:52:56,055 - INFO - Processing: SBIN.NS
2026-07-08 05:52:56,927 - INFO -   SBIN.NS: 1627 rows stored in DB
2026-07-08 05:52:56,927 - INFO - Processing: BHARTIARTL.NS
2026-07-08 05:52:57,791 - INFO -   BHARTIARTL.NS: 1627 rows stored in DB
2026-07-08 05:52:57,791 - INFO - Processing: KOTAKBANK.NS
2026-07-08 05:52:58,687 - INFO -   KOTAKBANK.NS: 1627 rows stored in DB
2026-07-08 05:52:58,687 - INFO - Processing: LT.NS
2026-07-08 05:52:59,567 - INFO -   LT.NS: 1627 rows stored in DB
2026-07-08 05:52:59,568 - INFO - Processing: AXISBANK.NS
2026-07-08 05:53:00,447 - INFO -   AXISBANK.NS: 1627 rows stored in DB
2026-07-08 05:53:00,447 - INFO - Processing: BAJFINANCE.NS
2026-07-08 05:53:01,332 - INFO -   BAJFINANCE.NS: 1627 rows stored in DB
2026-07-08 05:53:01,332 - INFO - Processing: ASIANPAINT.NS
2026-07-08 05:53:02,246 - INFO -   ASIANPAINT.NS: 1627 rows stored in DB
2026-07-08 05:53:02,246 - INFO - Processing: MARUTI.NS
2026-07-08 05:53:03,099 - INFO -   MARUTI.NS: 1627 rows stored in DB
2026-07-08 05:53:03,099 - INFO - Processing: SUNPHARMA.NS
2026-07-08 05:53:03,975 - INFO -   SUNPHARMA.NS: 1628 rows stored in DB
2026-07-08 05:53:03,976 - INFO - Processing: WIPRO.NS
2026-07-08 05:53:04,851 - INFO -   WIPRO.NS: 1627 rows stored in DB
2026-07-08 05:53:04,851 - INFO - Processing: POWERGRID.NS
2026-07-08 05:53:05,720 - INFO -   POWERGRID.NS: 1628 rows stored in DB
2026-07-08 05:53:05,720 - INFO - Processing: NTPC.NS
2026-07-08 05:53:06,631 - INFO -   NTPC.NS: 1628 rows stored in DB
2026-07-08 05:53:06,631 - INFO - Processing: ONGC.NS
2026-07-08 05:53:07,544 - INFO -   ONGC.NS: 1628 rows stored in DB
2026-07-08 05:53:07,545 - INFO - Processing: ^NSEI
2026-07-08 05:53:08,340 - INFO -   ^NSEI: 1628 rows stored in DB
2026-07-08 05:53:08,340 - INFO - Processing: ^NSEBANK
2026-07-08 05:53:09,120 - INFO -   ^NSEBANK: 1628 rows stored in DB
2026-07-08 05:53:09,120 - INFO - Processing: ^BSESN
2026-07-08 05:53:09,920 - INFO -   ^BSESN: 1613 rows stored in DB
2026-07-08 05:53:09,920 - INFO - Processing: ^NSEMDCP50
2026-07-08 05:53:10,683 - INFO -   ^NSEMDCP50: 1628 rows stored in DB
2026-07-08 05:53:10,683 - INFO - Processing: NIFTY_FIN_SERVICE.NS
2026-07-08 05:53:11,475 - INFO -   NIFTY_FIN_SERVICE.NS: 1628 rows stored in DB
2026-07-08 05:53:11,539 - INFO - README updated.
2026-07-08 05:53:11,540 - INFO - All done.
2026-07-08 08:15:51,109 - INFO - Processing 25 symbols
2026-07-08 08:15:51,109 - INFO - Processing: RELIANCE.NS
2026-07-08 08:15:52,073 - INFO -   RELIANCE.NS: 1770 rows stored in DB
2026-07-08 08:15:52,073 - INFO - Processing: HDFCBANK.NS
2026-07-08 08:15:52,845 - INFO -   HDFCBANK.NS: 1770 rows stored in DB
2026-07-08 08:15:52,845 - INFO - Processing: ICICIBANK.NS
2026-07-08 08:15:53,615 - INFO -   ICICIBANK.NS: 1770 rows stored in DB
2026-07-08 08:15:53,615 - INFO - Processing: INFY.NS
2026-07-08 08:15:54,406 - INFO -   INFY.NS: 1770 rows stored in DB
2026-07-08 08:15:54,406 - INFO - Processing: TCS.NS
2026-07-08 08:15:55,210 - INFO -   TCS.NS: 1770 rows stored in DB
2026-07-08 08:15:55,210 - INFO - Processing: ITC.NS
2026-07-08 08:15:56,022 - INFO -   ITC.NS: 1770 rows stored in DB
2026-07-08 08:15:56,022 - INFO - Processing: HINDUNILVR.NS
2026-07-08 08:15:56,794 - INFO -   HINDUNILVR.NS: 1770 rows stored in DB
2026-07-08 08:15:56,794 - INFO - Processing: SBIN.NS
2026-07-08 08:15:57,628 - INFO -   SBIN.NS: 1770 rows stored in DB
2026-07-08 08:15:57,628 - INFO - Processing: BHARTIARTL.NS
2026-07-08 08:15:58,387 - INFO -   BHARTIARTL.NS: 1770 rows stored in DB
2026-07-08 08:15:58,387 - INFO - Processing: KOTAKBANK.NS
2026-07-08 08:15:59,165 - INFO -   KOTAKBANK.NS: 1770 rows stored in DB
2026-07-08 08:15:59,165 - INFO - Processing: LT.NS
2026-07-08 08:15:59,947 - INFO -   LT.NS: 1770 rows stored in DB
2026-07-08 08:15:59,947 - INFO - Processing: AXISBANK.NS
2026-07-08 08:16:00,720 - INFO -   AXISBANK.NS: 1770 rows stored in DB
2026-07-08 08:16:00,721 - INFO - Processing: BAJFINANCE.NS
2026-07-08 08:16:01,477 - INFO -   BAJFINANCE.NS: 1770 rows stored in DB
2026-07-08 08:16:01,477 - INFO - Processing: ASIANPAINT.NS
2026-07-08 08:16:02,263 - INFO -   ASIANPAINT.NS: 1770 rows stored in DB
2026-07-08 08:16:02,263 - INFO - Processing: MARUTI.NS
2026-07-08 08:16:03,051 - INFO -   MARUTI.NS: 1770 rows stored in DB
2026-07-08 08:16:03,051 - INFO - Processing: SUNPHARMA.NS
2026-07-08 08:16:03,843 - INFO -   SUNPHARMA.NS: 1770 rows stored in DB
2026-07-08 08:16:03,843 - INFO - Processing: WIPRO.NS
2026-07-08 08:16:04,616 - INFO -   WIPRO.NS: 1770 rows stored in DB
2026-07-08 08:16:04,616 - INFO - Processing: POWERGRID.NS
2026-07-08 08:16:05,394 - INFO -   POWERGRID.NS: 1771 rows stored in DB
2026-07-08 08:16:05,394 - INFO - Processing: NTPC.NS
2026-07-08 08:16:06,167 - INFO -   NTPC.NS: 1771 rows stored in DB
2026-07-08 08:16:06,167 - INFO - Processing: ONGC.NS
2026-07-08 08:16:06,965 - INFO -   ONGC.NS: 1771 rows stored in DB
2026-07-08 08:16:06,965 - INFO - Processing: ^NSEI
2026-07-08 08:16:07,629 - INFO -   ^NSEI: 1771 rows stored in DB
2026-07-08 08:16:07,629 - INFO - Processing: ^NSEBANK
2026-07-08 08:16:08,402 - INFO -   ^NSEBANK: 1771 rows stored in DB
2026-07-08 08:16:08,402 - INFO - Processing: ^BSESN
2026-07-08 08:16:09,097 - INFO -   ^BSESN: 1756 rows stored in DB
2026-07-08 08:16:09,097 - INFO - Processing: ^NSEMDCP50
2026-07-08 08:16:09,777 - INFO -   ^NSEMDCP50: 1771 rows stored in DB
2026-07-08 08:16:09,778 - INFO - Processing: NIFTY_FIN_SERVICE.NS
2026-07-08 08:16:10,454 - INFO -   NIFTY_FIN_SERVICE.NS: 1771 rows stored in DB
2026-07-08 08:16:10,513 - INFO - README updated.
2026-07-08 08:16:10,513 - INFO - All done.
2026-07-08 10:31:53,807 - INFO - Processing 25 symbols
2026-07-08 10:31:53,807 - INFO - Processing: RELIANCE.NS
2026-07-08 10:31:54,930 - INFO -   RELIANCE.NS: 1874 rows stored in DB
2026-07-08 10:31:54,931 - INFO - Processing: HDFCBANK.NS
2026-07-08 10:31:55,905 - INFO -   HDFCBANK.NS: 1874 rows stored in DB
2026-07-08 10:31:55,905 - INFO - Processing: ICICIBANK.NS
2026-07-08 10:31:56,884 - INFO -   ICICIBANK.NS: 1874 rows stored in DB
2026-07-08 10:31:56,884 - INFO - Processing: INFY.NS
2026-07-08 10:31:57,913 - INFO -   INFY.NS: 1874 rows stored in DB
2026-07-08 10:31:57,913 - INFO - Processing: TCS.NS
2026-07-08 10:31:58,880 - INFO -   TCS.NS: 1874 rows stored in DB
2026-07-08 10:31:58,880 - INFO - Processing: ITC.NS
2026-07-08 10:31:59,874 - INFO -   ITC.NS: 1874 rows stored in DB
2026-07-08 10:31:59,874 - INFO - Processing: HINDUNILVR.NS
2026-07-08 10:32:00,843 - INFO -   HINDUNILVR.NS: 1874 rows stored in DB
2026-07-08 10:32:00,843 - INFO - Processing: SBIN.NS
2026-07-08 10:32:01,861 - INFO -   SBIN.NS: 1874 rows stored in DB
2026-07-08 10:32:01,861 - INFO - Processing: BHARTIARTL.NS
2026-07-08 10:32:02,813 - INFO -   BHARTIARTL.NS: 1874 rows stored in DB
2026-07-08 10:32:02,814 - INFO - Processing: KOTAKBANK.NS
2026-07-08 10:32:03,813 - INFO -   KOTAKBANK.NS: 1874 rows stored in DB
2026-07-08 10:32:03,813 - INFO - Processing: LT.NS
2026-07-08 10:32:04,785 - INFO -   LT.NS: 1874 rows stored in DB
2026-07-08 10:32:04,785 - INFO - Processing: AXISBANK.NS
2026-07-08 10:32:05,762 - INFO -   AXISBANK.NS: 1874 rows stored in DB
2026-07-08 10:32:05,762 - INFO - Processing: BAJFINANCE.NS
2026-07-08 10:32:06,751 - INFO -   BAJFINANCE.NS: 1874 rows stored in DB
2026-07-08 10:32:06,752 - INFO - Processing: ASIANPAINT.NS
2026-07-08 10:32:07,738 - INFO -   ASIANPAINT.NS: 1874 rows stored in DB
2026-07-08 10:32:07,738 - INFO - Processing: MARUTI.NS
2026-07-08 10:32:08,724 - INFO -   MARUTI.NS: 1874 rows stored in DB
2026-07-08 10:32:08,724 - INFO - Processing: SUNPHARMA.NS
2026-07-08 10:32:09,707 - INFO -   SUNPHARMA.NS: 1874 rows stored in DB
2026-07-08 10:32:09,707 - INFO - Processing: WIPRO.NS
2026-07-08 10:32:10,687 - INFO -   WIPRO.NS: 1874 rows stored in DB
2026-07-08 10:32:10,687 - INFO - Processing: POWERGRID.NS
2026-07-08 10:32:11,648 - INFO -   POWERGRID.NS: 1874 rows stored in DB
2026-07-08 10:32:11,648 - INFO - Processing: NTPC.NS
2026-07-08 10:32:12,617 - INFO -   NTPC.NS: 1874 rows stored in DB
2026-07-08 10:32:12,617 - INFO - Processing: ONGC.NS
2026-07-08 10:32:13,624 - INFO -   ONGC.NS: 1874 rows stored in DB
2026-07-08 10:32:13,624 - INFO - Processing: ^NSEI
2026-07-08 10:32:14,487 - INFO -   ^NSEI: 1874 rows stored in DB
2026-07-08 10:32:14,487 - INFO - Processing: ^NSEBANK
2026-07-08 10:32:15,337 - INFO -   ^NSEBANK: 1874 rows stored in DB
2026-07-08 10:32:15,337 - INFO - Processing: ^BSESN
2026-07-08 10:32:16,332 - INFO -   ^BSESN: 1874 rows stored in DB
2026-07-08 10:32:16,332 - INFO - Processing: ^NSEMDCP50
2026-07-08 10:32:17,203 - INFO -   ^NSEMDCP50: 1874 rows stored in DB
2026-07-08 10:32:17,203 - INFO - Processing: NIFTY_FIN_SERVICE.NS
2026-07-08 10:32:18,077 - INFO -   NIFTY_FIN_SERVICE.NS: 1874 rows stored in DB
2026-07-08 10:32:18,138 - INFO - README updated.
2026-07-08 10:32:18,138 - INFO - All done.
2026-07-08 12:06:31,574 - INFO - Processing 25 symbols
2026-07-08 12:06:31,574 - INFO - Processing: RELIANCE.NS
2026-07-08 12:06:32,568 - INFO -   RELIANCE.NS: 1874 rows stored in DB
2026-07-08 12:06:32,568 - INFO - Processing: HDFCBANK.NS
2026-07-08 12:06:33,484 - INFO -   HDFCBANK.NS: 1874 rows stored in DB
2026-07-08 12:06:33,484 - INFO - Processing: ICICIBANK.NS
2026-07-08 12:06:34,446 - INFO -   ICICIBANK.NS: 1874 rows stored in DB
2026-07-08 12:06:34,447 - INFO - Processing: INFY.NS
2026-07-08 12:06:35,497 - INFO -   INFY.NS: 1874 rows stored in DB
2026-07-08 12:06:35,497 - INFO - Processing: TCS.NS
2026-07-08 12:06:36,411 - INFO -   TCS.NS: 1874 rows stored in DB
2026-07-08 12:06:36,411 - INFO - Processing: ITC.NS
2026-07-08 12:06:37,355 - INFO -   ITC.NS: 1874 rows stored in DB
2026-07-08 12:06:37,355 - INFO - Processing: HINDUNILVR.NS
2026-07-08 12:06:38,398 - INFO -   HINDUNILVR.NS: 1874 rows stored in DB
2026-07-08 12:06:38,398 - INFO - Processing: SBIN.NS
2026-07-08 12:06:39,311 - INFO -   SBIN.NS: 1874 rows stored in DB
2026-07-08 12:06:39,311 - INFO - Processing: BHARTIARTL.NS
2026-07-08 12:06:40,173 - INFO -   BHARTIARTL.NS: 1874 rows stored in DB
2026-07-08 12:06:40,173 - INFO - Processing: KOTAKBANK.NS
2026-07-08 12:06:41,147 - INFO -   KOTAKBANK.NS: 1874 rows stored in DB
2026-07-08 12:06:41,147 - INFO - Processing: LT.NS
2026-07-08 12:06:42,161 - INFO -   LT.NS: 1874 rows stored in DB
2026-07-08 12:06:42,161 - INFO - Processing: AXISBANK.NS
2026-07-08 12:06:43,046 - INFO -   AXISBANK.NS: 1874 rows stored in DB
2026-07-08 12:06:43,047 - INFO - Processing: BAJFINANCE.NS
2026-07-08 12:06:43,951 - INFO -   BAJFINANCE.NS: 1874 rows stored in DB
2026-07-08 12:06:43,951 - INFO - Processing: ASIANPAINT.NS
2026-07-08 12:06:44,854 - INFO -   ASIANPAINT.NS: 1874 rows stored in DB
2026-07-08 12:06:44,854 - INFO - Processing: MARUTI.NS
2026-07-08 12:06:45,784 - INFO -   MARUTI.NS: 1874 rows stored in DB
2026-07-08 12:06:45,785 - INFO - Processing: SUNPHARMA.NS
2026-07-08 12:06:46,694 - INFO -   SUNPHARMA.NS: 1874 rows stored in DB
2026-07-08 12:06:46,694 - INFO - Processing: WIPRO.NS
2026-07-08 12:06:47,634 - INFO -   WIPRO.NS: 1874 rows stored in DB
2026-07-08 12:06:47,634 - INFO - Processing: POWERGRID.NS
2026-07-08 12:06:48,548 - INFO -   POWERGRID.NS: 1874 rows stored in DB
2026-07-08 12:06:48,548 - INFO - Processing: NTPC.NS
2026-07-08 12:06:49,554 - INFO -   NTPC.NS: 1874 rows stored in DB
2026-07-08 12:06:49,554 - INFO - Processing: ONGC.NS
2026-07-08 12:06:50,496 - INFO -   ONGC.NS: 1874 rows stored in DB
2026-07-08 12:06:50,496 - INFO - Processing: ^NSEI
2026-07-08 12:06:51,297 - INFO -   ^NSEI: 1874 rows stored in DB
2026-07-08 12:06:51,297 - INFO - Processing: ^NSEBANK
2026-07-08 12:06:52,051 - INFO -   ^NSEBANK: 1874 rows stored in DB
2026-07-08 12:06:52,051 - INFO - Processing: ^BSESN
2026-07-08 12:06:52,948 - INFO -   ^BSESN: 1874 rows stored in DB
2026-07-08 12:06:52,948 - INFO - Processing: ^NSEMDCP50
2026-07-08 12:06:53,824 - INFO -   ^NSEMDCP50: 1874 rows stored in DB
2026-07-08 12:06:53,824 - INFO - Processing: NIFTY_FIN_SERVICE.NS
2026-07-08 12:06:54,694 - INFO -   NIFTY_FIN_SERVICE.NS: 1874 rows stored in DB
2026-07-08 12:06:54,751 - INFO - README updated.
2026-07-08 12:06:54,752 - INFO - All done.
2026-07-09 06:46:22,443 - INFO - Processing 25 symbols
2026-07-09 06:46:22,443 - INFO - Processing: RELIANCE.NS
2026-07-09 06:46:23,477 - INFO -   RELIANCE.NS: 1681 rows stored in DB
2026-07-09 06:46:23,477 - INFO - Processing: HDFCBANK.NS
2026-07-09 06:46:24,366 - INFO -   HDFCBANK.NS: 1681 rows stored in DB
2026-07-09 06:46:24,366 - INFO - Processing: ICICIBANK.NS
2026-07-09 06:46:25,246 - INFO -   ICICIBANK.NS: 1681 rows stored in DB
2026-07-09 06:46:25,247 - INFO - Processing: INFY.NS
2026-07-09 06:46:26,129 - INFO -   INFY.NS: 1681 rows stored in DB
2026-07-09 06:46:26,129 - INFO - Processing: TCS.NS
2026-07-09 06:46:27,023 - INFO -   TCS.NS: 1681 rows stored in DB
2026-07-09 06:46:27,024 - INFO - Processing: ITC.NS
2026-07-09 06:46:27,896 - INFO -   ITC.NS: 1681 rows stored in DB
2026-07-09 06:46:27,896 - INFO - Processing: HINDUNILVR.NS
2026-07-09 06:46:28,787 - INFO -   HINDUNILVR.NS: 1681 rows stored in DB
2026-07-09 06:46:28,787 - INFO - Processing: SBIN.NS
2026-07-09 06:46:29,661 - INFO -   SBIN.NS: 1681 rows stored in DB
2026-07-09 06:46:29,661 - INFO - Processing: BHARTIARTL.NS
2026-07-09 06:46:30,533 - INFO -   BHARTIARTL.NS: 1681 rows stored in DB
2026-07-09 06:46:30,533 - INFO - Processing: KOTAKBANK.NS
2026-07-09 06:46:31,425 - INFO -   KOTAKBANK.NS: 1681 rows stored in DB
2026-07-09 06:46:31,426 - INFO - Processing: LT.NS
2026-07-09 06:46:32,303 - INFO -   LT.NS: 1681 rows stored in DB
2026-07-09 06:46:32,303 - INFO - Processing: AXISBANK.NS
2026-07-09 06:46:33,250 - INFO -   AXISBANK.NS: 1681 rows stored in DB
2026-07-09 06:46:33,250 - INFO - Processing: BAJFINANCE.NS
2026-07-09 06:46:34,233 - INFO -   BAJFINANCE.NS: 1681 rows stored in DB
2026-07-09 06:46:34,233 - INFO - Processing: ASIANPAINT.NS
2026-07-09 06:46:35,119 - INFO -   ASIANPAINT.NS: 1681 rows stored in DB
2026-07-09 06:46:35,120 - INFO - Processing: MARUTI.NS
2026-07-09 06:46:35,994 - INFO -   MARUTI.NS: 1681 rows stored in DB
2026-07-09 06:46:35,994 - INFO - Processing: SUNPHARMA.NS
2026-07-09 06:46:36,870 - INFO -   SUNPHARMA.NS: 1681 rows stored in DB
2026-07-09 06:46:36,870 - INFO - Processing: WIPRO.NS
2026-07-09 06:46:37,771 - INFO -   WIPRO.NS: 1681 rows stored in DB
2026-07-09 06:46:37,771 - INFO - Processing: POWERGRID.NS
2026-07-09 06:46:38,644 - INFO -   POWERGRID.NS: 1681 rows stored in DB
2026-07-09 06:46:38,644 - INFO - Processing: NTPC.NS
2026-07-09 06:46:39,574 - INFO -   NTPC.NS: 1681 rows stored in DB
2026-07-09 06:46:39,574 - INFO - Processing: ONGC.NS
2026-07-09 06:46:40,463 - INFO -   ONGC.NS: 1681 rows stored in DB
2026-07-09 06:46:40,463 - INFO - Processing: ^NSEI
2026-07-09 06:46:41,227 - INFO -   ^NSEI: 1681 rows stored in DB
2026-07-09 06:46:41,227 - INFO - Processing: ^NSEBANK
2026-07-09 06:46:42,001 - INFO -   ^NSEBANK: 1681 rows stored in DB
2026-07-09 06:46:42,001 - INFO - Processing: ^BSESN
2026-07-09 06:46:42,808 - INFO -   ^BSESN: 1666 rows stored in DB
2026-07-09 06:46:42,808 - INFO - Processing: ^NSEMDCP50
2026-07-09 06:46:43,595 - INFO -   ^NSEMDCP50: 1681 rows stored in DB
2026-07-09 06:46:43,595 - INFO - Processing: NIFTY_FIN_SERVICE.NS
2026-07-09 06:46:44,367 - INFO -   NIFTY_FIN_SERVICE.NS: 1681 rows stored in DB
2026-07-09 06:46:44,429 - INFO - README updated.
2026-07-09 06:46:44,429 - INFO - All done.
2026-07-09 10:14:53,756 - INFO - Processing 25 symbols
2026-07-09 10:14:53,756 - INFO - Processing: RELIANCE.NS
2026-07-09 10:14:55,086 - INFO -   RELIANCE.NS: 1874 rows stored in DB
2026-07-09 10:14:55,086 - INFO - Processing: HDFCBANK.NS
2026-07-09 10:14:55,914 - INFO -   HDFCBANK.NS: 1873 rows stored in DB
2026-07-09 10:14:55,914 - INFO - Processing: ICICIBANK.NS
2026-07-09 10:14:56,834 - INFO -   ICICIBANK.NS: 1874 rows stored in DB
2026-07-09 10:14:56,834 - INFO - Processing: INFY.NS
2026-07-09 10:14:57,739 - INFO -   INFY.NS: 1873 rows stored in DB
2026-07-09 10:14:57,739 - INFO - Processing: TCS.NS
2026-07-09 10:14:58,700 - INFO -   TCS.NS: 1874 rows stored in DB
2026-07-09 10:14:58,700 - INFO - Processing: ITC.NS
2026-07-09 10:14:59,660 - INFO -   ITC.NS: 1874 rows stored in DB
2026-07-09 10:14:59,661 - INFO - Processing: HINDUNILVR.NS
2026-07-09 10:15:00,554 - INFO -   HINDUNILVR.NS: 1873 rows stored in DB
2026-07-09 10:15:00,554 - INFO - Processing: SBIN.NS
2026-07-09 10:15:01,360 - INFO -   SBIN.NS: 1874 rows stored in DB
2026-07-09 10:15:01,360 - INFO - Processing: BHARTIARTL.NS
2026-07-09 10:15:02,332 - INFO -   BHARTIARTL.NS: 1873 rows stored in DB
2026-07-09 10:15:02,332 - INFO - Processing: KOTAKBANK.NS
2026-07-09 10:15:03,249 - INFO -   KOTAKBANK.NS: 1874 rows stored in DB
2026-07-09 10:15:03,249 - INFO - Processing: LT.NS
2026-07-09 10:15:04,369 - INFO -   LT.NS: 1873 rows stored in DB
2026-07-09 10:15:04,369 - INFO - Processing: AXISBANK.NS
2026-07-09 10:15:05,320 - INFO -   AXISBANK.NS: 1872 rows stored in DB
2026-07-09 10:15:05,321 - INFO - Processing: BAJFINANCE.NS
2026-07-09 10:15:06,574 - INFO -   BAJFINANCE.NS: 1873 rows stored in DB
2026-07-09 10:15:06,574 - INFO - Processing: ASIANPAINT.NS
2026-07-09 10:15:07,670 - INFO -   ASIANPAINT.NS: 1872 rows stored in DB
2026-07-09 10:15:07,670 - INFO - Processing: MARUTI.NS
2026-07-09 10:15:08,590 - INFO -   MARUTI.NS: 1874 rows stored in DB
2026-07-09 10:15:08,590 - INFO - Processing: SUNPHARMA.NS
2026-07-09 10:15:09,464 - INFO -   SUNPHARMA.NS: 1874 rows stored in DB
2026-07-09 10:15:09,464 - INFO - Processing: WIPRO.NS
2026-07-09 10:15:10,326 - INFO -   WIPRO.NS: 1874 rows stored in DB
2026-07-09 10:15:10,326 - INFO - Processing: POWERGRID.NS
2026-07-09 10:15:11,221 - INFO -   POWERGRID.NS: 1874 rows stored in DB
2026-07-09 10:15:11,221 - INFO - Processing: NTPC.NS
2026-07-09 10:15:12,457 - INFO -   NTPC.NS: 1874 rows stored in DB
2026-07-09 10:15:12,458 - INFO - Processing: ONGC.NS
2026-07-09 10:15:13,355 - INFO -   ONGC.NS: 1873 rows stored in DB
2026-07-09 10:15:13,355 - INFO - Processing: ^NSEI
2026-07-09 10:15:14,374 - INFO -   ^NSEI: 1874 rows stored in DB
2026-07-09 10:15:14,374 - INFO - Processing: ^NSEBANK
2026-07-09 10:15:15,204 - INFO -   ^NSEBANK: 1874 rows stored in DB
2026-07-09 10:15:15,205 - INFO - Processing: ^BSESN
2026-07-09 10:15:16,027 - INFO -   ^BSESN: 1874 rows stored in DB
2026-07-09 10:15:16,027 - INFO - Processing: ^NSEMDCP50
2026-07-09 10:15:16,895 - INFO -   ^NSEMDCP50: 1874 rows stored in DB
2026-07-09 10:15:16,895 - INFO - Processing: NIFTY_FIN_SERVICE.NS
2026-07-09 10:15:18,180 - INFO -   NIFTY_FIN_SERVICE.NS: 1874 rows stored in DB
2026-07-09 10:15:18,226 - INFO - README updated.
2026-07-09 10:15:18,226 - INFO - All done.
2026-07-10 06:47:07,615 - INFO - Processing 25 symbols
2026-07-10 06:47:07,616 - INFO - Processing: RELIANCE.NS
2026-07-10 06:47:08,593 - INFO -   RELIANCE.NS: 1682 rows stored in DB
2026-07-10 06:47:08,593 - INFO - Processing: HDFCBANK.NS
2026-07-10 06:47:09,454 - INFO -   HDFCBANK.NS: 1682 rows stored in DB
2026-07-10 06:47:09,454 - INFO - Processing: ICICIBANK.NS
2026-07-10 06:47:10,322 - INFO -   ICICIBANK.NS: 1682 rows stored in DB
2026-07-10 06:47:10,322 - INFO - Processing: INFY.NS
2026-07-10 06:47:11,198 - INFO -   INFY.NS: 1682 rows stored in DB
2026-07-10 06:47:11,198 - INFO - Processing: TCS.NS
2026-07-10 06:47:12,066 - INFO -   TCS.NS: 1682 rows stored in DB
2026-07-10 06:47:12,067 - INFO - Processing: ITC.NS
2026-07-10 06:47:12,923 - INFO -   ITC.NS: 1682 rows stored in DB
2026-07-10 06:47:12,923 - INFO - Processing: HINDUNILVR.NS
2026-07-10 06:47:14,016 - INFO -   HINDUNILVR.NS: 1682 rows stored in DB
2026-07-10 06:47:14,017 - INFO - Processing: SBIN.NS
2026-07-10 06:47:14,881 - INFO -   SBIN.NS: 1682 rows stored in DB
2026-07-10 06:47:14,881 - INFO - Processing: BHARTIARTL.NS
2026-07-10 06:47:15,730 - INFO -   BHARTIARTL.NS: 1682 rows stored in DB
2026-07-10 06:47:15,730 - INFO - Processing: KOTAKBANK.NS
2026-07-10 06:47:16,594 - INFO -   KOTAKBANK.NS: 1682 rows stored in DB
2026-07-10 06:47:16,594 - INFO - Processing: LT.NS
2026-07-10 06:47:17,447 - INFO -   LT.NS: 1682 rows stored in DB
2026-07-10 06:47:17,447 - INFO - Processing: AXISBANK.NS
2026-07-10 06:47:18,305 - INFO -   AXISBANK.NS: 1682 rows stored in DB
2026-07-10 06:47:18,305 - INFO - Processing: BAJFINANCE.NS
2026-07-10 06:47:19,161 - INFO -   BAJFINANCE.NS: 1682 rows stored in DB
2026-07-10 06:47:19,161 - INFO - Processing: ASIANPAINT.NS
2026-07-10 06:47:20,048 - INFO -   ASIANPAINT.NS: 1682 rows stored in DB
2026-07-10 06:47:20,048 - INFO - Processing: MARUTI.NS
2026-07-10 06:47:20,902 - INFO -   MARUTI.NS: 1682 rows stored in DB
2026-07-10 06:47:20,902 - INFO - Processing: SUNPHARMA.NS
2026-07-10 06:47:21,852 - INFO -   SUNPHARMA.NS: 1682 rows stored in DB
2026-07-10 06:47:21,852 - INFO - Processing: WIPRO.NS
2026-07-10 06:47:22,716 - INFO -   WIPRO.NS: 1682 rows stored in DB
2026-07-10 06:47:22,716 - INFO - Processing: POWERGRID.NS
2026-07-10 06:47:23,578 - INFO -   POWERGRID.NS: 1682 rows stored in DB
2026-07-10 06:47:23,578 - INFO - Processing: NTPC.NS
2026-07-10 06:47:24,462 - INFO -   NTPC.NS: 1682 rows stored in DB
2026-07-10 06:47:24,462 - INFO - Processing: ONGC.NS
2026-07-10 06:47:25,331 - INFO -   ONGC.NS: 1682 rows stored in DB
2026-07-10 06:47:25,331 - INFO - Processing: ^NSEI
2026-07-10 06:47:26,095 - INFO -   ^NSEI: 1682 rows stored in DB
2026-07-10 06:47:26,095 - INFO - Processing: ^NSEBANK
2026-07-10 06:47:26,848 - INFO -   ^NSEBANK: 1682 rows stored in DB
2026-07-10 06:47:26,848 - INFO - Processing: ^BSESN
2026-07-10 06:47:27,604 - INFO -   ^BSESN: 1667 rows stored in DB
2026-07-10 06:47:27,604 - INFO - Processing: ^NSEMDCP50
2026-07-10 06:47:28,356 - INFO -   ^NSEMDCP50: 1682 rows stored in DB
2026-07-10 06:47:28,356 - INFO - Processing: NIFTY_FIN_SERVICE.NS
2026-07-10 06:47:29,118 - INFO -   NIFTY_FIN_SERVICE.NS: 1682 rows stored in DB
2026-07-10 06:47:29,179 - INFO - README updated.
2026-07-10 06:47:29,179 - INFO - All done.
2026-07-10 10:12:05,784 - INFO - Processing 25 symbols
2026-07-10 10:12:05,784 - INFO - Processing: RELIANCE.NS
2026-07-10 10:12:06,891 - INFO -   RELIANCE.NS: 1874 rows stored in DB
2026-07-10 10:12:06,891 - INFO - Processing: HDFCBANK.NS
2026-07-10 10:12:07,677 - INFO -   HDFCBANK.NS: 1873 rows stored in DB
2026-07-10 10:12:07,677 - INFO - Processing: ICICIBANK.NS
2026-07-10 10:12:08,557 - INFO -   ICICIBANK.NS: 1873 rows stored in DB
2026-07-10 10:12:08,557 - INFO - Processing: INFY.NS
2026-07-10 10:12:09,443 - INFO -   INFY.NS: 1873 rows stored in DB
2026-07-10 10:12:09,443 - INFO - Processing: TCS.NS
2026-07-10 10:12:10,380 - INFO -   TCS.NS: 1874 rows stored in DB
2026-07-10 10:12:10,380 - INFO - Processing: ITC.NS
2026-07-10 10:12:11,359 - INFO -   ITC.NS: 1874 rows stored in DB
2026-07-10 10:12:11,359 - INFO - Processing: HINDUNILVR.NS
2026-07-10 10:12:12,332 - INFO -   HINDUNILVR.NS: 1874 rows stored in DB
2026-07-10 10:12:12,332 - INFO - Processing: SBIN.NS
2026-07-10 10:12:13,325 - INFO -   SBIN.NS: 1873 rows stored in DB
2026-07-10 10:12:13,325 - INFO - Processing: BHARTIARTL.NS
2026-07-10 10:12:14,293 - INFO -   BHARTIARTL.NS: 1874 rows stored in DB
2026-07-10 10:12:14,294 - INFO - Processing: KOTAKBANK.NS
2026-07-10 10:12:15,124 - INFO -   KOTAKBANK.NS: 1874 rows stored in DB
2026-07-10 10:12:15,124 - INFO - Processing: LT.NS
2026-07-10 10:12:16,089 - INFO -   LT.NS: 1873 rows stored in DB
2026-07-10 10:12:16,089 - INFO - Processing: AXISBANK.NS
2026-07-10 10:12:16,949 - INFO -   AXISBANK.NS: 1874 rows stored in DB
2026-07-10 10:12:16,949 - INFO - Processing: BAJFINANCE.NS
2026-07-10 10:12:17,791 - INFO -   BAJFINANCE.NS: 1874 rows stored in DB
2026-07-10 10:12:17,791 - INFO - Processing: ASIANPAINT.NS
2026-07-10 10:12:18,741 - INFO -   ASIANPAINT.NS: 1873 rows stored in DB
2026-07-10 10:12:18,741 - INFO - Processing: MARUTI.NS
2026-07-10 10:12:19,541 - INFO -   MARUTI.NS: 1874 rows stored in DB
2026-07-10 10:12:19,541 - INFO - Processing: SUNPHARMA.NS
2026-07-10 10:12:20,327 - INFO -   SUNPHARMA.NS: 1873 rows stored in DB
2026-07-10 10:12:20,327 - INFO - Processing: WIPRO.NS
2026-07-10 10:12:21,123 - INFO -   WIPRO.NS: 1874 rows stored in DB
2026-07-10 10:12:21,123 - INFO - Processing: POWERGRID.NS
2026-07-10 10:12:21,897 - INFO -   POWERGRID.NS: 1874 rows stored in DB
2026-07-10 10:12:21,897 - INFO - Processing: NTPC.NS
2026-07-10 10:12:22,768 - INFO -   NTPC.NS: 1874 rows stored in DB
2026-07-10 10:12:22,769 - INFO - Processing: ONGC.NS
2026-07-10 10:12:23,571 - INFO -   ONGC.NS: 1874 rows stored in DB
2026-07-10 10:12:23,572 - INFO - Processing: ^NSEI
2026-07-10 10:12:24,319 - INFO -   ^NSEI: 1874 rows stored in DB
2026-07-10 10:12:24,319 - INFO - Processing: ^NSEBANK
2026-07-10 10:12:25,012 - INFO -   ^NSEBANK: 1874 rows stored in DB
2026-07-10 10:12:25,012 - INFO - Processing: ^BSESN
2026-07-10 10:12:25,752 - INFO -   ^BSESN: 1871 rows stored in DB
2026-07-10 10:12:25,752 - INFO - Processing: ^NSEMDCP50
2026-07-10 10:12:26,528 - INFO -   ^NSEMDCP50: 1874 rows stored in DB
2026-07-10 10:12:26,528 - INFO - Processing: NIFTY_FIN_SERVICE.NS
2026-07-10 10:12:27,351 - INFO -   NIFTY_FIN_SERVICE.NS: 1874 rows stored in DB
2026-07-10 10:12:27,409 - INFO - README updated.
2026-07-10 10:12:27,409 - INFO - All done.
2026-07-10 12:37:50,084 - INFO - Processing 25 symbols
2026-07-10 12:37:50,084 - INFO - Processing: RELIANCE.NS
2026-07-10 12:37:51,354 - INFO -   RELIANCE.NS: 1874 rows stored in DB
2026-07-10 12:37:51,354 - INFO - Processing: HDFCBANK.NS
2026-07-10 12:37:52,397 - INFO -   HDFCBANK.NS: 1874 rows stored in DB
2026-07-10 12:37:52,397 - INFO - Processing: ICICIBANK.NS
2026-07-10 12:37:53,389 - INFO -   ICICIBANK.NS: 1874 rows stored in DB
2026-07-10 12:37:53,390 - INFO - Processing: INFY.NS
2026-07-10 12:37:54,490 - INFO -   INFY.NS: 1874 rows stored in DB
2026-07-10 12:37:54,490 - INFO - Processing: TCS.NS
2026-07-10 12:37:55,524 - INFO -   TCS.NS: 1874 rows stored in DB
2026-07-10 12:37:55,524 - INFO - Processing: ITC.NS
2026-07-10 12:37:56,532 - INFO -   ITC.NS: 1874 rows stored in DB
2026-07-10 12:37:56,533 - INFO - Processing: HINDUNILVR.NS
2026-07-10 12:37:57,587 - INFO -   HINDUNILVR.NS: 1874 rows stored in DB
2026-07-10 12:37:57,587 - INFO - Processing: SBIN.NS
2026-07-10 12:37:58,560 - INFO -   SBIN.NS: 1874 rows stored in DB
2026-07-10 12:37:58,560 - INFO - Processing: BHARTIARTL.NS
2026-07-10 12:37:59,675 - INFO -   BHARTIARTL.NS: 1874 rows stored in DB
2026-07-10 12:37:59,675 - INFO - Processing: KOTAKBANK.NS
2026-07-10 12:38:00,657 - INFO -   KOTAKBANK.NS: 1874 rows stored in DB
2026-07-10 12:38:00,657 - INFO - Processing: LT.NS
2026-07-10 12:38:01,634 - INFO -   LT.NS: 1874 rows stored in DB
2026-07-10 12:38:01,634 - INFO - Processing: AXISBANK.NS
2026-07-10 12:38:02,631 - INFO -   AXISBANK.NS: 1874 rows stored in DB
2026-07-10 12:38:02,631 - INFO - Processing: BAJFINANCE.NS
2026-07-10 12:38:03,622 - INFO -   BAJFINANCE.NS: 1874 rows stored in DB
2026-07-10 12:38:03,622 - INFO - Processing: ASIANPAINT.NS
2026-07-10 12:38:04,581 - INFO -   ASIANPAINT.NS: 1874 rows stored in DB
2026-07-10 12:38:04,581 - INFO - Processing: MARUTI.NS
2026-07-10 12:38:05,560 - INFO -   MARUTI.NS: 1874 rows stored in DB
2026-07-10 12:38:05,560 - INFO - Processing: SUNPHARMA.NS
2026-07-10 12:38:06,564 - INFO -   SUNPHARMA.NS: 1874 rows stored in DB
2026-07-10 12:38:06,564 - INFO - Processing: WIPRO.NS
2026-07-10 12:38:07,565 - INFO -   WIPRO.NS: 1874 rows stored in DB
2026-07-10 12:38:07,565 - INFO - Processing: POWERGRID.NS
2026-07-10 12:38:08,506 - INFO -   POWERGRID.NS: 1874 rows stored in DB
2026-07-10 12:38:08,507 - INFO - Processing: NTPC.NS
2026-07-10 12:38:09,490 - INFO -   NTPC.NS: 1874 rows stored in DB
2026-07-10 12:38:09,490 - INFO - Processing: ONGC.NS
2026-07-10 12:38:10,465 - INFO -   ONGC.NS: 1874 rows stored in DB
2026-07-10 12:38:10,466 - INFO - Processing: ^NSEI
2026-07-10 12:38:11,316 - INFO -   ^NSEI: 1874 rows stored in DB
2026-07-10 12:38:11,316 - INFO - Processing: ^NSEBANK
2026-07-10 12:38:12,167 - INFO -   ^NSEBANK: 1874 rows stored in DB
2026-07-10 12:38:12,167 - INFO - Processing: ^BSESN
2026-07-10 12:38:13,029 - INFO -   ^BSESN: 1874 rows stored in DB
2026-07-10 12:38:13,029 - INFO - Processing: ^NSEMDCP50
2026-07-10 12:38:14,113 - INFO -   ^NSEMDCP50: 1874 rows stored in DB
2026-07-10 12:38:14,113 - INFO - Processing: NIFTY_FIN_SERVICE.NS
2026-07-10 12:38:14,995 - INFO -   NIFTY_FIN_SERVICE.NS: 1874 rows stored in DB
2026-07-10 12:38:15,057 - INFO - README updated.
2026-07-10 12:38:15,057 - INFO - All done.
2026-07-13 06:20:58,834 - INFO - Processing 25 symbols
2026-07-13 06:20:58,834 - INFO - Processing: RELIANCE.NS
2026-07-13 06:20:59,797 - INFO -   RELIANCE.NS: 1655 rows stored in DB
2026-07-13 06:20:59,797 - INFO - Processing: HDFCBANK.NS
2026-07-13 06:21:00,690 - INFO -   HDFCBANK.NS: 1654 rows stored in DB
2026-07-13 06:21:00,691 - INFO - Processing: ICICIBANK.NS
2026-07-13 06:21:01,614 - INFO -   ICICIBANK.NS: 1655 rows stored in DB
2026-07-13 06:21:01,614 - INFO - Processing: INFY.NS
2026-07-13 06:21:02,470 - INFO -   INFY.NS: 1655 rows stored in DB
2026-07-13 06:21:02,470 - INFO - Processing: TCS.NS
2026-07-13 06:21:03,291 - INFO -   TCS.NS: 1656 rows stored in DB
2026-07-13 06:21:03,291 - INFO - Processing: ITC.NS
2026-07-13 06:21:04,015 - INFO -   ITC.NS: 1655 rows stored in DB
2026-07-13 06:21:04,015 - INFO - Processing: HINDUNILVR.NS
2026-07-13 06:21:04,847 - INFO -   HINDUNILVR.NS: 1656 rows stored in DB
2026-07-13 06:21:04,847 - INFO - Processing: SBIN.NS
2026-07-13 06:21:05,626 - INFO -   SBIN.NS: 1656 rows stored in DB
2026-07-13 06:21:05,626 - INFO - Processing: BHARTIARTL.NS
2026-07-13 06:21:06,458 - INFO -   BHARTIARTL.NS: 1656 rows stored in DB
2026-07-13 06:21:06,459 - INFO - Processing: KOTAKBANK.NS
2026-07-13 06:21:07,261 - INFO -   KOTAKBANK.NS: 1656 rows stored in DB
2026-07-13 06:21:07,261 - INFO - Processing: LT.NS
2026-07-13 06:21:08,085 - INFO -   LT.NS: 1656 rows stored in DB
2026-07-13 06:21:08,085 - INFO - Processing: AXISBANK.NS
2026-07-13 06:21:08,789 - INFO -   AXISBANK.NS: 1656 rows stored in DB
2026-07-13 06:21:08,789 - INFO - Processing: BAJFINANCE.NS
2026-07-13 06:21:09,658 - INFO -   BAJFINANCE.NS: 1656 rows stored in DB
2026-07-13 06:21:09,658 - INFO - Processing: ASIANPAINT.NS
2026-07-13 06:21:10,496 - INFO -   ASIANPAINT.NS: 1656 rows stored in DB
2026-07-13 06:21:10,496 - INFO - Processing: MARUTI.NS
2026-07-13 06:21:11,215 - INFO -   MARUTI.NS: 1656 rows stored in DB
2026-07-13 06:21:11,216 - INFO - Processing: SUNPHARMA.NS
2026-07-13 06:21:11,960 - INFO -   SUNPHARMA.NS: 1656 rows stored in DB
2026-07-13 06:21:11,960 - INFO - Processing: WIPRO.NS
2026-07-13 06:21:12,706 - INFO -   WIPRO.NS: 1656 rows stored in DB
2026-07-13 06:21:12,706 - INFO - Processing: POWERGRID.NS
2026-07-13 06:21:13,405 - INFO -   POWERGRID.NS: 1656 rows stored in DB
2026-07-13 06:21:13,405 - INFO - Processing: NTPC.NS
2026-07-13 06:21:14,144 - INFO -   NTPC.NS: 1656 rows stored in DB
2026-07-13 06:21:14,144 - INFO - Processing: ONGC.NS
2026-07-13 06:21:14,987 - INFO -   ONGC.NS: 1656 rows stored in DB
2026-07-13 06:21:14,988 - INFO - Processing: ^NSEI
2026-07-13 06:21:15,769 - INFO -   ^NSEI: 1656 rows stored in DB
2026-07-13 06:21:15,769 - INFO - Processing: ^NSEBANK
2026-07-13 06:21:16,474 - INFO -   ^NSEBANK: 1656 rows stored in DB
2026-07-13 06:21:16,474 - INFO - Processing: ^BSESN
2026-07-13 06:21:17,122 - INFO -   ^BSESN: 1641 rows stored in DB
2026-07-13 06:21:17,122 - INFO - Processing: ^NSEMDCP50
2026-07-13 06:21:17,767 - INFO -   ^NSEMDCP50: 1656 rows stored in DB
2026-07-13 06:21:17,768 - INFO - Processing: NIFTY_FIN_SERVICE.NS
2026-07-13 06:21:18,541 - INFO -   NIFTY_FIN_SERVICE.NS: 1656 rows stored in DB
2026-07-13 06:21:18,601 - INFO - README updated.
2026-07-13 06:21:18,602 - INFO - All done.
2026-07-13 09:51:42,566 - INFO - Processing 25 symbols
2026-07-13 09:51:42,566 - INFO - Processing: RELIANCE.NS
2026-07-13 09:51:43,834 - INFO -   RELIANCE.NS: 1864 rows stored in DB
2026-07-13 09:51:43,834 - INFO - Processing: HDFCBANK.NS
2026-07-13 09:51:44,810 - INFO -   HDFCBANK.NS: 1864 rows stored in DB
2026-07-13 09:51:44,811 - INFO - Processing: ICICIBANK.NS
2026-07-13 09:51:45,773 - INFO -   ICICIBANK.NS: 1864 rows stored in DB
2026-07-13 09:51:45,773 - INFO - Processing: INFY.NS
2026-07-13 09:51:46,786 - INFO -   INFY.NS: 1864 rows stored in DB
2026-07-13 09:51:46,786 - INFO - Processing: TCS.NS
2026-07-13 09:51:47,784 - INFO -   TCS.NS: 1864 rows stored in DB
2026-07-13 09:51:47,785 - INFO - Processing: ITC.NS
2026-07-13 09:51:48,784 - INFO -   ITC.NS: 1864 rows stored in DB
2026-07-13 09:51:48,784 - INFO - Processing: HINDUNILVR.NS
2026-07-13 09:51:49,790 - INFO -   HINDUNILVR.NS: 1864 rows stored in DB
2026-07-13 09:51:49,790 - INFO - Processing: SBIN.NS
2026-07-13 09:51:50,788 - INFO -   SBIN.NS: 1864 rows stored in DB
2026-07-13 09:51:50,788 - INFO - Processing: BHARTIARTL.NS
2026-07-13 09:51:51,764 - INFO -   BHARTIARTL.NS: 1864 rows stored in DB
2026-07-13 09:51:51,764 - INFO - Processing: KOTAKBANK.NS
2026-07-13 09:51:52,747 - INFO -   KOTAKBANK.NS: 1864 rows stored in DB
2026-07-13 09:51:52,747 - INFO - Processing: LT.NS
2026-07-13 09:51:53,759 - INFO -   LT.NS: 1864 rows stored in DB
2026-07-13 09:51:53,759 - INFO - Processing: AXISBANK.NS
2026-07-13 09:51:54,785 - INFO -   AXISBANK.NS: 1864 rows stored in DB
2026-07-13 09:51:54,785 - INFO - Processing: BAJFINANCE.NS
2026-07-13 09:51:55,782 - INFO -   BAJFINANCE.NS: 1864 rows stored in DB
2026-07-13 09:51:55,782 - INFO - Processing: ASIANPAINT.NS
2026-07-13 09:51:56,767 - INFO -   ASIANPAINT.NS: 1864 rows stored in DB
2026-07-13 09:51:56,767 - INFO - Processing: MARUTI.NS
2026-07-13 09:51:57,789 - INFO -   MARUTI.NS: 1864 rows stored in DB
2026-07-13 09:51:57,789 - INFO - Processing: SUNPHARMA.NS
2026-07-13 09:51:58,814 - INFO -   SUNPHARMA.NS: 1864 rows stored in DB
2026-07-13 09:51:58,814 - INFO - Processing: WIPRO.NS
2026-07-13 09:51:59,813 - INFO -   WIPRO.NS: 1864 rows stored in DB
2026-07-13 09:51:59,813 - INFO - Processing: POWERGRID.NS
2026-07-13 09:52:00,798 - INFO -   POWERGRID.NS: 1864 rows stored in DB
2026-07-13 09:52:00,798 - INFO - Processing: NTPC.NS
2026-07-13 09:52:01,782 - INFO -   NTPC.NS: 1864 rows stored in DB
2026-07-13 09:52:01,782 - INFO - Processing: ONGC.NS
2026-07-13 09:52:02,792 - INFO -   ONGC.NS: 1864 rows stored in DB
2026-07-13 09:52:02,792 - INFO - Processing: ^NSEI
2026-07-13 09:52:03,673 - INFO -   ^NSEI: 1865 rows stored in DB
2026-07-13 09:52:03,673 - INFO - Processing: ^NSEBANK
2026-07-13 09:52:04,546 - INFO -   ^NSEBANK: 1865 rows stored in DB
2026-07-13 09:52:04,546 - INFO - Processing: ^BSESN
2026-07-13 09:52:05,417 - INFO -   ^BSESN: 1850 rows stored in DB
2026-07-13 09:52:05,417 - INFO - Processing: ^NSEMDCP50
2026-07-13 09:52:06,318 - INFO -   ^NSEMDCP50: 1865 rows stored in DB
2026-07-13 09:52:06,318 - INFO - Processing: NIFTY_FIN_SERVICE.NS
2026-07-13 09:52:07,171 - INFO -   NIFTY_FIN_SERVICE.NS: 1865 rows stored in DB
2026-07-13 09:52:07,234 - INFO - README updated.
2026-07-13 09:52:07,235 - INFO - All done.
2026-07-13 12:26:20,876 - INFO - Processing 25 symbols
2026-07-13 12:26:20,876 - INFO - Processing: RELIANCE.NS
2026-07-13 12:26:22,016 - INFO -   RELIANCE.NS: 1874 rows stored in DB
2026-07-13 12:26:22,016 - INFO - Processing: HDFCBANK.NS
2026-07-13 12:26:23,285 - INFO -   HDFCBANK.NS: 1874 rows stored in DB
2026-07-13 12:26:23,285 - INFO - Processing: ICICIBANK.NS
2026-07-13 12:26:24,271 - INFO -   ICICIBANK.NS: 1874 rows stored in DB
2026-07-13 12:26:24,271 - INFO - Processing: INFY.NS
2026-07-13 12:26:25,273 - INFO -   INFY.NS: 1874 rows stored in DB
2026-07-13 12:26:25,274 - INFO - Processing: TCS.NS
2026-07-13 12:26:26,283 - INFO -   TCS.NS: 1874 rows stored in DB
2026-07-13 12:26:26,283 - INFO - Processing: ITC.NS
2026-07-13 12:26:27,265 - INFO -   ITC.NS: 1874 rows stored in DB
2026-07-13 12:26:27,265 - INFO - Processing: HINDUNILVR.NS
2026-07-13 12:26:28,252 - INFO -   HINDUNILVR.NS: 1874 rows stored in DB
2026-07-13 12:26:28,252 - INFO - Processing: SBIN.NS
2026-07-13 12:26:29,269 - INFO -   SBIN.NS: 1874 rows stored in DB
2026-07-13 12:26:29,269 - INFO - Processing: BHARTIARTL.NS
2026-07-13 12:26:30,205 - INFO -   BHARTIARTL.NS: 1874 rows stored in DB
2026-07-13 12:26:30,205 - INFO - Processing: KOTAKBANK.NS
2026-07-13 12:26:31,164 - INFO -   KOTAKBANK.NS: 1874 rows stored in DB
2026-07-13 12:26:31,164 - INFO - Processing: LT.NS
2026-07-13 12:26:32,169 - INFO -   LT.NS: 1874 rows stored in DB
2026-07-13 12:26:32,169 - INFO - Processing: AXISBANK.NS
2026-07-13 12:26:33,163 - INFO -   AXISBANK.NS: 1874 rows stored in DB
2026-07-13 12:26:33,163 - INFO - Processing: BAJFINANCE.NS
2026-07-13 12:26:34,186 - INFO -   BAJFINANCE.NS: 1874 rows stored in DB
2026-07-13 12:26:34,186 - INFO - Processing: ASIANPAINT.NS
2026-07-13 12:26:35,160 - INFO -   ASIANPAINT.NS: 1874 rows stored in DB
2026-07-13 12:26:35,160 - INFO - Processing: MARUTI.NS
2026-07-13 12:26:36,161 - INFO -   MARUTI.NS: 1874 rows stored in DB
2026-07-13 12:26:36,161 - INFO - Processing: SUNPHARMA.NS
2026-07-13 12:26:37,127 - INFO -   SUNPHARMA.NS: 1874 rows stored in DB
2026-07-13 12:26:37,127 - INFO - Processing: WIPRO.NS
2026-07-13 12:26:38,109 - INFO -   WIPRO.NS: 1874 rows stored in DB
2026-07-13 12:26:38,109 - INFO - Processing: POWERGRID.NS
2026-07-13 12:26:39,132 - INFO -   POWERGRID.NS: 1874 rows stored in DB
2026-07-13 12:26:39,132 - INFO - Processing: NTPC.NS
2026-07-13 12:26:40,131 - INFO -   NTPC.NS: 1874 rows stored in DB
2026-07-13 12:26:40,131 - INFO - Processing: ONGC.NS
2026-07-13 12:26:41,098 - INFO -   ONGC.NS: 1874 rows stored in DB
2026-07-13 12:26:41,098 - INFO - Processing: ^NSEI
2026-07-13 12:26:41,933 - INFO -   ^NSEI: 1874 rows stored in DB
2026-07-13 12:26:41,933 - INFO - Processing: ^NSEBANK
2026-07-13 12:26:42,823 - INFO -   ^NSEBANK: 1874 rows stored in DB
2026-07-13 12:26:42,823 - INFO - Processing: ^BSESN
2026-07-13 12:26:43,696 - INFO -   ^BSESN: 1874 rows stored in DB
2026-07-13 12:26:43,696 - INFO - Processing: ^NSEMDCP50
2026-07-13 12:26:44,555 - INFO -   ^NSEMDCP50: 1874 rows stored in DB
2026-07-13 12:26:44,555 - INFO - Processing: NIFTY_FIN_SERVICE.NS
2026-07-13 12:26:45,397 - INFO -   NIFTY_FIN_SERVICE.NS: 1874 rows stored in DB
2026-07-13 12:26:45,458 - INFO - README updated.
2026-07-13 12:26:45,458 - INFO - All done.
2026-07-14 05:31:37,874 - INFO - Processing 25 symbols
2026-07-14 05:31:37,874 - INFO - Processing: RELIANCE.NS
2026-07-14 05:31:38,776 - INFO -   RELIANCE.NS: 1606 rows stored in DB
2026-07-14 05:31:38,776 - INFO - Processing: HDFCBANK.NS
2026-07-14 05:31:39,491 - INFO -   HDFCBANK.NS: 1606 rows stored in DB
2026-07-14 05:31:39,491 - INFO - Processing: ICICIBANK.NS
2026-07-14 05:31:40,216 - INFO -   ICICIBANK.NS: 1606 rows stored in DB
2026-07-14 05:31:40,216 - INFO - Processing: INFY.NS
2026-07-14 05:31:40,950 - INFO -   INFY.NS: 1606 rows stored in DB
2026-07-14 05:31:40,951 - INFO - Processing: TCS.NS
2026-07-14 05:31:41,682 - INFO -   TCS.NS: 1606 rows stored in DB
2026-07-14 05:31:41,682 - INFO - Processing: ITC.NS
2026-07-14 05:31:42,381 - INFO -   ITC.NS: 1606 rows stored in DB
2026-07-14 05:31:42,381 - INFO - Processing: HINDUNILVR.NS
2026-07-14 05:31:43,098 - INFO -   HINDUNILVR.NS: 1606 rows stored in DB
2026-07-14 05:31:43,098 - INFO - Processing: SBIN.NS
2026-07-14 05:31:43,807 - INFO -   SBIN.NS: 1606 rows stored in DB
2026-07-14 05:31:43,807 - INFO - Processing: BHARTIARTL.NS
2026-07-14 05:31:44,502 - INFO -   BHARTIARTL.NS: 1606 rows stored in DB
2026-07-14 05:31:44,503 - INFO - Processing: KOTAKBANK.NS
2026-07-14 05:31:45,212 - INFO -   KOTAKBANK.NS: 1606 rows stored in DB
2026-07-14 05:31:45,212 - INFO - Processing: LT.NS
2026-07-14 05:31:45,909 - INFO -   LT.NS: 1606 rows stored in DB
2026-07-14 05:31:45,909 - INFO - Processing: AXISBANK.NS
2026-07-14 05:31:46,643 - INFO -   AXISBANK.NS: 1606 rows stored in DB
2026-07-14 05:31:46,643 - INFO - Processing: BAJFINANCE.NS
2026-07-14 05:31:47,341 - INFO -   BAJFINANCE.NS: 1606 rows stored in DB
2026-07-14 05:31:47,341 - INFO - Processing: ASIANPAINT.NS
2026-07-14 05:31:48,068 - INFO -   ASIANPAINT.NS: 1606 rows stored in DB
2026-07-14 05:31:48,068 - INFO - Processing: MARUTI.NS
2026-07-14 05:31:48,773 - INFO -   MARUTI.NS: 1606 rows stored in DB
2026-07-14 05:31:48,773 - INFO - Processing: SUNPHARMA.NS
2026-07-14 05:31:49,487 - INFO -   SUNPHARMA.NS: 1606 rows stored in DB
2026-07-14 05:31:49,488 - INFO - Processing: WIPRO.NS
2026-07-14 05:31:50,219 - INFO -   WIPRO.NS: 1606 rows stored in DB
2026-07-14 05:31:50,219 - INFO - Processing: POWERGRID.NS
2026-07-14 05:31:50,950 - INFO -   POWERGRID.NS: 1606 rows stored in DB
2026-07-14 05:31:50,950 - INFO - Processing: NTPC.NS
2026-07-14 05:31:51,672 - INFO -   NTPC.NS: 1606 rows stored in DB
2026-07-14 05:31:51,672 - INFO - Processing: ONGC.NS
2026-07-14 05:31:52,394 - INFO -   ONGC.NS: 1606 rows stored in DB
2026-07-14 05:31:52,394 - INFO - Processing: ^NSEI
2026-07-14 05:31:53,022 - INFO -   ^NSEI: 1606 rows stored in DB
2026-07-14 05:31:53,022 - INFO - Processing: ^NSEBANK
2026-07-14 05:31:53,654 - INFO -   ^NSEBANK: 1606 rows stored in DB
2026-07-14 05:31:53,654 - INFO - Processing: ^BSESN
2026-07-14 05:31:54,300 - INFO -   ^BSESN: 1591 rows stored in DB
2026-07-14 05:31:54,301 - INFO - Processing: ^NSEMDCP50
2026-07-14 05:31:54,935 - INFO -   ^NSEMDCP50: 1606 rows stored in DB
2026-07-14 05:31:54,936 - INFO - Processing: NIFTY_FIN_SERVICE.NS
2026-07-14 05:31:55,555 - INFO -   NIFTY_FIN_SERVICE.NS: 1606 rows stored in DB
2026-07-14 05:31:55,614 - INFO - README updated.
2026-07-14 05:31:55,615 - INFO - All done.
2026-07-14 07:26:55,723 - INFO - Processing 25 symbols
2026-07-14 07:26:55,723 - INFO - Processing: RELIANCE.NS
2026-07-14 07:26:56,919 - INFO -   RELIANCE.NS: 1719 rows stored in DB
2026-07-14 07:26:56,920 - INFO - Processing: HDFCBANK.NS
2026-07-14 07:26:57,689 - INFO -   HDFCBANK.NS: 1719 rows stored in DB
2026-07-14 07:26:57,690 - INFO - Processing: ICICIBANK.NS
2026-07-14 07:26:58,505 - INFO -   ICICIBANK.NS: 1719 rows stored in DB
2026-07-14 07:26:58,505 - INFO - Processing: INFY.NS
2026-07-14 07:26:59,364 - INFO -   INFY.NS: 1719 rows stored in DB
2026-07-14 07:26:59,364 - INFO - Processing: TCS.NS
2026-07-14 07:27:00,195 - INFO -   TCS.NS: 1719 rows stored in DB
2026-07-14 07:27:00,195 - INFO - Processing: ITC.NS
2026-07-14 07:27:01,267 - INFO -   ITC.NS: 1719 rows stored in DB
2026-07-14 07:27:01,267 - INFO - Processing: HINDUNILVR.NS
2026-07-14 07:27:02,162 - INFO -   HINDUNILVR.NS: 1719 rows stored in DB
2026-07-14 07:27:02,162 - INFO - Processing: SBIN.NS
2026-07-14 07:27:02,978 - INFO -   SBIN.NS: 1719 rows stored in DB
2026-07-14 07:27:02,978 - INFO - Processing: BHARTIARTL.NS
2026-07-14 07:27:03,986 - INFO -   BHARTIARTL.NS: 1719 rows stored in DB
2026-07-14 07:27:03,987 - INFO - Processing: KOTAKBANK.NS
2026-07-14 07:27:05,162 - INFO -   KOTAKBANK.NS: 1719 rows stored in DB
2026-07-14 07:27:05,163 - INFO - Processing: LT.NS
2026-07-14 07:27:06,695 - INFO -   LT.NS: 1720 rows stored in DB
2026-07-14 07:27:06,695 - INFO - Processing: AXISBANK.NS
2026-07-14 07:27:07,606 - INFO -   AXISBANK.NS: 1720 rows stored in DB
2026-07-14 07:27:07,607 - INFO - Processing: BAJFINANCE.NS
2026-07-14 07:27:08,496 - INFO -   BAJFINANCE.NS: 1719 rows stored in DB
2026-07-14 07:27:08,496 - INFO - Processing: ASIANPAINT.NS
2026-07-14 07:27:09,570 - INFO -   ASIANPAINT.NS: 1719 rows stored in DB
2026-07-14 07:27:09,570 - INFO - Processing: MARUTI.NS
2026-07-14 07:27:10,385 - INFO -   MARUTI.NS: 1720 rows stored in DB
2026-07-14 07:27:10,385 - INFO - Processing: SUNPHARMA.NS
2026-07-14 07:27:11,424 - INFO -   SUNPHARMA.NS: 1720 rows stored in DB
2026-07-14 07:27:11,424 - INFO - Processing: WIPRO.NS
2026-07-14 07:27:12,238 - INFO -   WIPRO.NS: 1720 rows stored in DB
2026-07-14 07:27:12,238 - INFO - Processing: POWERGRID.NS
2026-07-14 07:27:13,188 - INFO -   POWERGRID.NS: 1720 rows stored in DB
2026-07-14 07:27:13,188 - INFO - Processing: NTPC.NS
2026-07-14 07:27:14,057 - INFO -   NTPC.NS: 1720 rows stored in DB
2026-07-14 07:27:14,057 - INFO - Processing: ONGC.NS
2026-07-14 07:27:14,860 - INFO -   ONGC.NS: 1720 rows stored in DB
2026-07-14 07:27:14,860 - INFO - Processing: ^NSEI
2026-07-14 07:27:15,737 - INFO -   ^NSEI: 1720 rows stored in DB
2026-07-14 07:27:15,737 - INFO - Processing: ^NSEBANK
2026-07-14 07:27:16,487 - INFO -   ^NSEBANK: 1720 rows stored in DB
2026-07-14 07:27:16,488 - INFO - Processing: ^BSESN
2026-07-14 07:27:17,340 - INFO -   ^BSESN: 1705 rows stored in DB
2026-07-14 07:27:17,340 - INFO - Processing: ^NSEMDCP50
2026-07-14 07:27:18,180 - INFO -   ^NSEMDCP50: 1720 rows stored in DB
2026-07-14 07:27:18,180 - INFO - Processing: NIFTY_FIN_SERVICE.NS
2026-07-14 07:27:19,076 - INFO -   NIFTY_FIN_SERVICE.NS: 1720 rows stored in DB
2026-07-14 07:27:19,121 - INFO - README updated.
2026-07-14 07:27:19,121 - INFO - All done.
2026-07-14 09:26:56,092 - INFO - Processing 25 symbols
2026-07-14 09:26:56,093 - INFO - Processing: RELIANCE.NS
2026-07-14 09:26:57,199 - INFO -   RELIANCE.NS: 1841 rows stored in DB
2026-07-14 09:26:57,199 - INFO - Processing: HDFCBANK.NS
2026-07-14 09:26:58,522 - INFO -   HDFCBANK.NS: 1841 rows stored in DB
2026-07-14 09:26:58,522 - INFO - Processing: ICICIBANK.NS
2026-07-14 09:26:59,508 - INFO -   ICICIBANK.NS: 1841 rows stored in DB
2026-07-14 09:26:59,508 - INFO - Processing: INFY.NS
2026-07-14 09:27:00,490 - INFO -   INFY.NS: 1841 rows stored in DB
2026-07-14 09:27:00,490 - INFO - Processing: TCS.NS
2026-07-14 09:27:01,441 - INFO -   TCS.NS: 1841 rows stored in DB
2026-07-14 09:27:01,441 - INFO - Processing: ITC.NS
2026-07-14 09:27:02,391 - INFO -   ITC.NS: 1841 rows stored in DB
2026-07-14 09:27:02,391 - INFO - Processing: HINDUNILVR.NS
2026-07-14 09:27:03,351 - INFO -   HINDUNILVR.NS: 1841 rows stored in DB
2026-07-14 09:27:03,351 - INFO - Processing: SBIN.NS
2026-07-14 09:27:04,319 - INFO -   SBIN.NS: 1842 rows stored in DB
2026-07-14 09:27:04,319 - INFO - Processing: BHARTIARTL.NS
2026-07-14 09:27:05,298 - INFO -   BHARTIARTL.NS: 1842 rows stored in DB
2026-07-14 09:27:05,299 - INFO - Processing: KOTAKBANK.NS
2026-07-14 09:27:06,240 - INFO -   KOTAKBANK.NS: 1842 rows stored in DB
2026-07-14 09:27:06,240 - INFO - Processing: LT.NS
2026-07-14 09:27:07,185 - INFO -   LT.NS: 1842 rows stored in DB
2026-07-14 09:27:07,185 - INFO - Processing: AXISBANK.NS
2026-07-14 09:27:08,152 - INFO -   AXISBANK.NS: 1842 rows stored in DB
2026-07-14 09:27:08,152 - INFO - Processing: BAJFINANCE.NS
2026-07-14 09:27:09,089 - INFO -   BAJFINANCE.NS: 1842 rows stored in DB
2026-07-14 09:27:09,089 - INFO - Processing: ASIANPAINT.NS
2026-07-14 09:27:10,049 - INFO -   ASIANPAINT.NS: 1842 rows stored in DB
2026-07-14 09:27:10,049 - INFO - Processing: MARUTI.NS
2026-07-14 09:27:11,026 - INFO -   MARUTI.NS: 1842 rows stored in DB
2026-07-14 09:27:11,026 - INFO - Processing: SUNPHARMA.NS
2026-07-14 09:27:11,980 - INFO -   SUNPHARMA.NS: 1842 rows stored in DB
2026-07-14 09:27:11,980 - INFO - Processing: WIPRO.NS
2026-07-14 09:27:12,951 - INFO -   WIPRO.NS: 1842 rows stored in DB
2026-07-14 09:27:12,951 - INFO - Processing: POWERGRID.NS
2026-07-14 09:27:13,924 - INFO -   POWERGRID.NS: 1842 rows stored in DB
2026-07-14 09:27:13,924 - INFO - Processing: NTPC.NS
2026-07-14 09:27:14,871 - INFO -   NTPC.NS: 1842 rows stored in DB
2026-07-14 09:27:14,872 - INFO - Processing: ONGC.NS
2026-07-14 09:27:15,877 - INFO -   ONGC.NS: 1842 rows stored in DB
2026-07-14 09:27:15,877 - INFO - Processing: ^NSEI
2026-07-14 09:27:16,763 - INFO -   ^NSEI: 1842 rows stored in DB
2026-07-14 09:27:16,764 - INFO - Processing: ^NSEBANK
2026-07-14 09:27:17,606 - INFO -   ^NSEBANK: 1842 rows stored in DB
2026-07-14 09:27:17,606 - INFO - Processing: ^BSESN
2026-07-14 09:27:18,423 - INFO -   ^BSESN: 1827 rows stored in DB
2026-07-14 09:27:18,423 - INFO - Processing: ^NSEMDCP50
2026-07-14 09:27:19,292 - INFO -   ^NSEMDCP50: 1842 rows stored in DB
2026-07-14 09:27:19,292 - INFO - Processing: NIFTY_FIN_SERVICE.NS
2026-07-14 09:27:20,151 - INFO -   NIFTY_FIN_SERVICE.NS: 1842 rows stored in DB
2026-07-14 09:27:20,213 - INFO - README updated.
2026-07-14 09:27:20,213 - INFO - All done.
2026-07-14 11:08:21,785 - INFO - Processing 25 symbols
2026-07-14 11:08:21,785 - INFO - Processing: RELIANCE.NS
2026-07-14 11:08:23,283 - INFO -   RELIANCE.NS: 1874 rows stored in DB
2026-07-14 11:08:23,283 - INFO - Processing: HDFCBANK.NS
2026-07-14 11:08:24,478 - INFO -   HDFCBANK.NS: 1874 rows stored in DB
2026-07-14 11:08:24,478 - INFO - Processing: ICICIBANK.NS
2026-07-14 11:08:25,617 - INFO -   ICICIBANK.NS: 1874 rows stored in DB
2026-07-14 11:08:25,617 - INFO - Processing: INFY.NS
2026-07-14 11:08:26,840 - INFO -   INFY.NS: 1874 rows stored in DB
2026-07-14 11:08:26,840 - INFO - Processing: TCS.NS
2026-07-14 11:08:28,168 - INFO -   TCS.NS: 1874 rows stored in DB
2026-07-14 11:08:28,168 - INFO - Processing: ITC.NS
2026-07-14 11:08:29,330 - INFO -   ITC.NS: 1874 rows stored in DB
2026-07-14 11:08:29,330 - INFO - Processing: HINDUNILVR.NS
2026-07-14 11:08:30,446 - INFO -   HINDUNILVR.NS: 1874 rows stored in DB
2026-07-14 11:08:30,446 - INFO - Processing: SBIN.NS
2026-07-14 11:08:31,666 - INFO -   SBIN.NS: 1874 rows stored in DB
2026-07-14 11:08:31,666 - INFO - Processing: BHARTIARTL.NS
2026-07-14 11:08:32,932 - INFO -   BHARTIARTL.NS: 1874 rows stored in DB
2026-07-14 11:08:32,933 - INFO - Processing: KOTAKBANK.NS
2026-07-14 11:08:34,204 - INFO -   KOTAKBANK.NS: 1874 rows stored in DB
2026-07-14 11:08:34,204 - INFO - Processing: LT.NS
2026-07-14 11:08:35,407 - INFO -   LT.NS: 1874 rows stored in DB
2026-07-14 11:08:35,407 - INFO - Processing: AXISBANK.NS
2026-07-14 11:08:36,757 - INFO -   AXISBANK.NS: 1874 rows stored in DB
2026-07-14 11:08:36,757 - INFO - Processing: BAJFINANCE.NS
2026-07-14 11:08:37,899 - INFO -   BAJFINANCE.NS: 1874 rows stored in DB
2026-07-14 11:08:37,899 - INFO - Processing: ASIANPAINT.NS
2026-07-14 11:08:39,145 - INFO -   ASIANPAINT.NS: 1874 rows stored in DB
2026-07-14 11:08:39,145 - INFO - Processing: MARUTI.NS
2026-07-14 11:08:40,350 - INFO -   MARUTI.NS: 1874 rows stored in DB
2026-07-14 11:08:40,350 - INFO - Processing: SUNPHARMA.NS
2026-07-14 11:08:41,725 - INFO -   SUNPHARMA.NS: 1874 rows stored in DB
2026-07-14 11:08:41,725 - INFO - Processing: WIPRO.NS
2026-07-14 11:08:42,869 - INFO -   WIPRO.NS: 1874 rows stored in DB
2026-07-14 11:08:42,869 - INFO - Processing: POWERGRID.NS
2026-07-14 11:08:44,053 - INFO -   POWERGRID.NS: 1874 rows stored in DB
2026-07-14 11:08:44,053 - INFO - Processing: NTPC.NS
2026-07-14 11:08:45,224 - INFO -   NTPC.NS: 1874 rows stored in DB
2026-07-14 11:08:45,224 - INFO - Processing: ONGC.NS
2026-07-14 11:08:46,429 - INFO -   ONGC.NS: 1874 rows stored in DB
2026-07-14 11:08:46,429 - INFO - Processing: ^NSEI
2026-07-14 11:08:47,607 - INFO -   ^NSEI: 1874 rows stored in DB
2026-07-14 11:08:47,607 - INFO - Processing: ^NSEBANK
2026-07-14 11:08:48,801 - INFO -   ^NSEBANK: 1874 rows stored in DB
2026-07-14 11:08:48,801 - INFO - Processing: ^BSESN
2026-07-14 11:08:49,901 - INFO -   ^BSESN: 1874 rows stored in DB
2026-07-14 11:08:49,901 - INFO - Processing: ^NSEMDCP50
2026-07-14 11:08:50,785 - INFO -   ^NSEMDCP50: 1872 rows stored in DB
2026-07-14 11:08:50,786 - INFO - Processing: NIFTY_FIN_SERVICE.NS
2026-07-14 11:08:51,814 - INFO -   NIFTY_FIN_SERVICE.NS: 1874 rows stored in DB
2026-07-14 11:08:51,876 - INFO - README updated.
2026-07-14 11:08:51,877 - INFO - All done.
2026-07-15 05:32:53,339 - INFO - Processing 25 symbols
2026-07-15 05:32:53,339 - INFO - Processing: RELIANCE.NS
2026-07-15 05:32:54,169 - INFO -   RELIANCE.NS: 1607 rows stored in DB
2026-07-15 05:32:54,169 - INFO - Processing: HDFCBANK.NS
2026-07-15 05:32:54,908 - INFO -   HDFCBANK.NS: 1607 rows stored in DB
2026-07-15 05:32:54,908 - INFO - Processing: ICICIBANK.NS
2026-07-15 05:32:55,686 - INFO -   ICICIBANK.NS: 1607 rows stored in DB
2026-07-15 05:32:55,686 - INFO - Processing: INFY.NS
2026-07-15 05:32:56,432 - INFO -   INFY.NS: 1607 rows stored in DB
2026-07-15 05:32:56,432 - INFO - Processing: TCS.NS
2026-07-15 05:32:57,283 - INFO -   TCS.NS: 1607 rows stored in DB
2026-07-15 05:32:57,283 - INFO - Processing: ITC.NS
2026-07-15 05:32:57,963 - INFO -   ITC.NS: 1607 rows stored in DB
2026-07-15 05:32:57,963 - INFO - Processing: HINDUNILVR.NS
2026-07-15 05:32:58,729 - INFO -   HINDUNILVR.NS: 1607 rows stored in DB
2026-07-15 05:32:58,729 - INFO - Processing: SBIN.NS
2026-07-15 05:32:59,607 - INFO -   SBIN.NS: 1607 rows stored in DB
2026-07-15 05:32:59,607 - INFO - Processing: BHARTIARTL.NS
2026-07-15 05:33:00,283 - INFO -   BHARTIARTL.NS: 1607 rows stored in DB
2026-07-15 05:33:00,283 - INFO - Processing: KOTAKBANK.NS
2026-07-15 05:33:01,088 - INFO -   KOTAKBANK.NS: 1607 rows stored in DB
2026-07-15 05:33:01,088 - INFO - Processing: LT.NS
2026-07-15 05:33:01,869 - INFO -   LT.NS: 1607 rows stored in DB
2026-07-15 05:33:01,869 - INFO - Processing: AXISBANK.NS
2026-07-15 05:33:02,985 - INFO -   AXISBANK.NS: 1608 rows stored in DB
2026-07-15 05:33:02,985 - INFO - Processing: BAJFINANCE.NS
2026-07-15 05:33:03,672 - INFO -   BAJFINANCE.NS: 1607 rows stored in DB
2026-07-15 05:33:03,672 - INFO - Processing: ASIANPAINT.NS
2026-07-15 05:33:04,402 - INFO -   ASIANPAINT.NS: 1607 rows stored in DB
2026-07-15 05:33:04,402 - INFO - Processing: MARUTI.NS
2026-07-15 05:33:05,194 - INFO -   MARUTI.NS: 1608 rows stored in DB
2026-07-15 05:33:05,194 - INFO - Processing: SUNPHARMA.NS
2026-07-15 05:33:06,031 - INFO -   SUNPHARMA.NS: 1608 rows stored in DB
2026-07-15 05:33:06,031 - INFO - Processing: WIPRO.NS
2026-07-15 05:33:06,731 - INFO -   WIPRO.NS: 1608 rows stored in DB
2026-07-15 05:33:06,732 - INFO - Processing: POWERGRID.NS
2026-07-15 05:33:07,429 - INFO -   POWERGRID.NS: 1608 rows stored in DB
2026-07-15 05:33:07,429 - INFO - Processing: NTPC.NS
2026-07-15 05:33:08,122 - INFO -   NTPC.NS: 1608 rows stored in DB
2026-07-15 05:33:08,122 - INFO - Processing: ONGC.NS
2026-07-15 05:33:08,807 - INFO -   ONGC.NS: 1608 rows stored in DB
2026-07-15 05:33:08,807 - INFO - Processing: ^NSEI
2026-07-15 05:33:09,596 - INFO -   ^NSEI: 1608 rows stored in DB
2026-07-15 05:33:09,597 - INFO - Processing: ^NSEBANK
2026-07-15 05:33:10,344 - INFO -   ^NSEBANK: 1608 rows stored in DB
2026-07-15 05:33:10,344 - INFO - Processing: ^BSESN
2026-07-15 05:33:10,945 - INFO -   ^BSESN: 1593 rows stored in DB
2026-07-15 05:33:10,945 - INFO - Processing: ^NSEMDCP50
2026-07-15 05:33:11,608 - INFO -   ^NSEMDCP50: 1608 rows stored in DB
2026-07-15 05:33:11,608 - INFO - Processing: NIFTY_FIN_SERVICE.NS
2026-07-15 05:33:12,302 - INFO -   NIFTY_FIN_SERVICE.NS: 1608 rows stored in DB
2026-07-15 05:33:12,360 - INFO - README updated.
2026-07-15 05:33:12,360 - INFO - All done.
2026-07-15 07:31:01,255 - INFO - Processing 25 symbols
2026-07-15 07:31:01,256 - INFO - Processing: RELIANCE.NS
2026-07-15 07:31:02,274 - INFO -   RELIANCE.NS: 1725 rows stored in DB
2026-07-15 07:31:02,274 - INFO - Processing: HDFCBANK.NS
2026-07-15 07:31:03,206 - INFO -   HDFCBANK.NS: 1726 rows stored in DB
2026-07-15 07:31:03,207 - INFO - Processing: ICICIBANK.NS
2026-07-15 07:31:04,125 - INFO -   ICICIBANK.NS: 1726 rows stored in DB
2026-07-15 07:31:04,125 - INFO - Processing: INFY.NS
2026-07-15 07:31:04,923 - INFO -   INFY.NS: 1726 rows stored in DB
2026-07-15 07:31:04,923 - INFO - Processing: TCS.NS
2026-07-15 07:31:05,830 - INFO -   TCS.NS: 1726 rows stored in DB
2026-07-15 07:31:05,830 - INFO - Processing: ITC.NS
2026-07-15 07:31:06,830 - INFO -   ITC.NS: 1726 rows stored in DB
2026-07-15 07:31:06,830 - INFO - Processing: HINDUNILVR.NS
2026-07-15 07:31:07,633 - INFO -   HINDUNILVR.NS: 1726 rows stored in DB
2026-07-15 07:31:07,633 - INFO - Processing: SBIN.NS
2026-07-15 07:31:08,593 - INFO -   SBIN.NS: 1726 rows stored in DB
2026-07-15 07:31:08,593 - INFO - Processing: BHARTIARTL.NS
2026-07-15 07:31:09,398 - INFO -   BHARTIARTL.NS: 1726 rows stored in DB
2026-07-15 07:31:09,399 - INFO - Processing: KOTAKBANK.NS
2026-07-15 07:31:10,340 - INFO -   KOTAKBANK.NS: 1726 rows stored in DB
2026-07-15 07:31:10,340 - INFO - Processing: LT.NS
2026-07-15 07:31:11,298 - INFO -   LT.NS: 1726 rows stored in DB
2026-07-15 07:31:11,298 - INFO - Processing: AXISBANK.NS
2026-07-15 07:31:12,142 - INFO -   AXISBANK.NS: 1726 rows stored in DB
2026-07-15 07:31:12,142 - INFO - Processing: BAJFINANCE.NS
2026-07-15 07:31:13,062 - INFO -   BAJFINANCE.NS: 1726 rows stored in DB
2026-07-15 07:31:13,062 - INFO - Processing: ASIANPAINT.NS
2026-07-15 07:31:13,946 - INFO -   ASIANPAINT.NS: 1726 rows stored in DB
2026-07-15 07:31:13,946 - INFO - Processing: MARUTI.NS
2026-07-15 07:31:14,841 - INFO -   MARUTI.NS: 1726 rows stored in DB
2026-07-15 07:31:14,841 - INFO - Processing: SUNPHARMA.NS
2026-07-15 07:31:15,707 - INFO -   SUNPHARMA.NS: 1726 rows stored in DB
2026-07-15 07:31:15,707 - INFO - Processing: WIPRO.NS
2026-07-15 07:31:16,560 - INFO -   WIPRO.NS: 1726 rows stored in DB
2026-07-15 07:31:16,560 - INFO - Processing: POWERGRID.NS
2026-07-15 07:31:17,434 - INFO -   POWERGRID.NS: 1726 rows stored in DB
2026-07-15 07:31:17,434 - INFO - Processing: NTPC.NS
2026-07-15 07:31:18,370 - INFO -   NTPC.NS: 1726 rows stored in DB
2026-07-15 07:31:18,370 - INFO - Processing: ONGC.NS
2026-07-15 07:31:19,143 - INFO -   ONGC.NS: 1726 rows stored in DB
2026-07-15 07:31:19,143 - INFO - Processing: ^NSEI
2026-07-15 07:31:19,983 - INFO -   ^NSEI: 1726 rows stored in DB
2026-07-15 07:31:19,983 - INFO - Processing: ^NSEBANK
2026-07-15 07:31:20,731 - INFO -   ^NSEBANK: 1726 rows stored in DB
2026-07-15 07:31:20,731 - INFO - Processing: ^BSESN
2026-07-15 07:31:21,553 - INFO -   ^BSESN: 1711 rows stored in DB
2026-07-15 07:31:21,553 - INFO - Processing: ^NSEMDCP50
2026-07-15 07:31:22,226 - INFO -   ^NSEMDCP50: 1726 rows stored in DB
2026-07-15 07:31:22,226 - INFO - Processing: NIFTY_FIN_SERVICE.NS
2026-07-15 07:31:22,982 - INFO -   NIFTY_FIN_SERVICE.NS: 1726 rows stored in DB
2026-07-15 07:31:23,041 - INFO - README updated.
2026-07-15 07:31:23,042 - INFO - All done.
2026-07-15 09:31:59,786 - INFO - Processing 25 symbols
2026-07-15 09:31:59,786 - INFO - Processing: RELIANCE.NS
2026-07-15 09:32:00,848 - INFO -   RELIANCE.NS: 1846 rows stored in DB
2026-07-15 09:32:00,849 - INFO - Processing: HDFCBANK.NS
2026-07-15 09:32:01,774 - INFO -   HDFCBANK.NS: 1846 rows stored in DB
2026-07-15 09:32:01,774 - INFO - Processing: ICICIBANK.NS
2026-07-15 09:32:02,698 - INFO -   ICICIBANK.NS: 1846 rows stored in DB
2026-07-15 09:32:02,698 - INFO - Processing: INFY.NS
2026-07-15 09:32:03,687 - INFO -   INFY.NS: 1847 rows stored in DB
2026-07-15 09:32:03,687 - INFO - Processing: TCS.NS
2026-07-15 09:32:04,636 - INFO -   TCS.NS: 1847 rows stored in DB
2026-07-15 09:32:04,636 - INFO - Processing: ITC.NS
2026-07-15 09:32:05,568 - INFO -   ITC.NS: 1847 rows stored in DB
2026-07-15 09:32:05,568 - INFO - Processing: HINDUNILVR.NS
2026-07-15 09:32:06,521 - INFO -   HINDUNILVR.NS: 1846 rows stored in DB
2026-07-15 09:32:06,521 - INFO - Processing: SBIN.NS
2026-07-15 09:32:07,501 - INFO -   SBIN.NS: 1847 rows stored in DB
2026-07-15 09:32:07,501 - INFO - Processing: BHARTIARTL.NS
2026-07-15 09:32:08,437 - INFO -   BHARTIARTL.NS: 1847 rows stored in DB
2026-07-15 09:32:08,437 - INFO - Processing: KOTAKBANK.NS
2026-07-15 09:32:09,403 - INFO -   KOTAKBANK.NS: 1847 rows stored in DB
2026-07-15 09:32:09,404 - INFO - Processing: LT.NS
2026-07-15 09:32:10,331 - INFO -   LT.NS: 1847 rows stored in DB
2026-07-15 09:32:10,331 - INFO - Processing: AXISBANK.NS
2026-07-15 09:32:11,267 - INFO -   AXISBANK.NS: 1847 rows stored in DB
2026-07-15 09:32:11,267 - INFO - Processing: BAJFINANCE.NS
2026-07-15 09:32:12,259 - INFO -   BAJFINANCE.NS: 1847 rows stored in DB
2026-07-15 09:32:12,259 - INFO - Processing: ASIANPAINT.NS
2026-07-15 09:32:13,216 - INFO -   ASIANPAINT.NS: 1847 rows stored in DB
2026-07-15 09:32:13,216 - INFO - Processing: MARUTI.NS
2026-07-15 09:32:14,214 - INFO -   MARUTI.NS: 1847 rows stored in DB
2026-07-15 09:32:14,214 - INFO - Processing: SUNPHARMA.NS
2026-07-15 09:32:15,197 - INFO -   SUNPHARMA.NS: 1847 rows stored in DB
2026-07-15 09:32:15,197 - INFO - Processing: WIPRO.NS
2026-07-15 09:32:16,150 - INFO -   WIPRO.NS: 1847 rows stored in DB
2026-07-15 09:32:16,150 - INFO - Processing: POWERGRID.NS
2026-07-15 09:32:17,118 - INFO -   POWERGRID.NS: 1847 rows stored in DB
2026-07-15 09:32:17,118 - INFO - Processing: NTPC.NS
2026-07-15 09:32:18,059 - INFO -   NTPC.NS: 1847 rows stored in DB
2026-07-15 09:32:18,059 - INFO - Processing: ONGC.NS
2026-07-15 09:32:18,995 - INFO -   ONGC.NS: 1847 rows stored in DB
2026-07-15 09:32:18,995 - INFO - Processing: ^NSEI
2026-07-15 09:32:19,825 - INFO -   ^NSEI: 1847 rows stored in DB
2026-07-15 09:32:19,825 - INFO - Processing: ^NSEBANK
2026-07-15 09:32:20,638 - INFO -   ^NSEBANK: 1847 rows stored in DB
2026-07-15 09:32:20,638 - INFO - Processing: ^BSESN
2026-07-15 09:32:21,490 - INFO -   ^BSESN: 1832 rows stored in DB
2026-07-15 09:32:21,490 - INFO - Processing: ^NSEMDCP50
2026-07-15 09:32:22,350 - INFO -   ^NSEMDCP50: 1847 rows stored in DB
2026-07-15 09:32:22,350 - INFO - Processing: NIFTY_FIN_SERVICE.NS
2026-07-15 09:32:23,170 - INFO -   NIFTY_FIN_SERVICE.NS: 1847 rows stored in DB
2026-07-15 09:32:23,231 - INFO - README updated.
2026-07-15 09:32:23,231 - INFO - All done.
2026-07-15 11:13:09,127 - INFO - Processing 25 symbols
2026-07-15 11:13:09,128 - INFO - Processing: RELIANCE.NS
2026-07-15 11:13:10,552 - INFO -   RELIANCE.NS: 1874 rows stored in DB
2026-07-15 11:13:10,553 - INFO - Processing: HDFCBANK.NS
2026-07-15 11:13:11,713 - INFO -   HDFCBANK.NS: 1874 rows stored in DB
2026-07-15 11:13:11,714 - INFO - Processing: ICICIBANK.NS
2026-07-15 11:13:12,913 - INFO -   ICICIBANK.NS: 1874 rows stored in DB
2026-07-15 11:13:12,913 - INFO - Processing: INFY.NS
2026-07-15 11:13:14,150 - INFO -   INFY.NS: 1874 rows stored in DB
2026-07-15 11:13:14,151 - INFO - Processing: TCS.NS
2026-07-15 11:13:15,285 - INFO -   TCS.NS: 1874 rows stored in DB
2026-07-15 11:13:15,285 - INFO - Processing: ITC.NS
2026-07-15 11:13:16,554 - INFO -   ITC.NS: 1874 rows stored in DB
2026-07-15 11:13:16,555 - INFO - Processing: HINDUNILVR.NS
2026-07-15 11:13:17,724 - INFO -   HINDUNILVR.NS: 1874 rows stored in DB
2026-07-15 11:13:17,724 - INFO - Processing: SBIN.NS
2026-07-15 11:13:18,949 - INFO -   SBIN.NS: 1874 rows stored in DB
2026-07-15 11:13:18,949 - INFO - Processing: BHARTIARTL.NS
2026-07-15 11:13:20,303 - INFO -   BHARTIARTL.NS: 1874 rows stored in DB
2026-07-15 11:13:20,303 - INFO - Processing: KOTAKBANK.NS
2026-07-15 11:13:21,517 - INFO -   KOTAKBANK.NS: 1874 rows stored in DB
2026-07-15 11:13:21,517 - INFO - Processing: LT.NS
2026-07-15 11:13:22,692 - INFO -   LT.NS: 1874 rows stored in DB
2026-07-15 11:13:22,692 - INFO - Processing: AXISBANK.NS
2026-07-15 11:13:23,980 - INFO -   AXISBANK.NS: 1874 rows stored in DB
2026-07-15 11:13:23,981 - INFO - Processing: BAJFINANCE.NS
2026-07-15 11:13:25,150 - INFO -   BAJFINANCE.NS: 1874 rows stored in DB
2026-07-15 11:13:25,151 - INFO - Processing: ASIANPAINT.NS
2026-07-15 11:13:26,400 - INFO -   ASIANPAINT.NS: 1874 rows stored in DB
2026-07-15 11:13:26,400 - INFO - Processing: MARUTI.NS
2026-07-15 11:13:27,560 - INFO -   MARUTI.NS: 1874 rows stored in DB
2026-07-15 11:13:27,560 - INFO - Processing: SUNPHARMA.NS
2026-07-15 11:13:28,811 - INFO -   SUNPHARMA.NS: 1874 rows stored in DB
2026-07-15 11:13:28,811 - INFO - Processing: WIPRO.NS
2026-07-15 11:13:30,028 - INFO -   WIPRO.NS: 1874 rows stored in DB
2026-07-15 11:13:30,029 - INFO - Processing: POWERGRID.NS
2026-07-15 11:13:31,327 - INFO -   POWERGRID.NS: 1874 rows stored in DB
2026-07-15 11:13:31,327 - INFO - Processing: NTPC.NS
2026-07-15 11:13:32,619 - INFO -   NTPC.NS: 1874 rows stored in DB
2026-07-15 11:13:32,619 - INFO - Processing: ONGC.NS
2026-07-15 11:13:34,092 - INFO -   ONGC.NS: 1874 rows stored in DB
2026-07-15 11:13:34,092 - INFO - Processing: ^NSEI
2026-07-15 11:13:35,171 - INFO -   ^NSEI: 1874 rows stored in DB
2026-07-15 11:13:35,171 - INFO - Processing: ^NSEBANK
2026-07-15 11:13:36,367 - INFO -   ^NSEBANK: 1874 rows stored in DB
2026-07-15 11:13:36,367 - INFO - Processing: ^BSESN
2026-07-15 11:13:37,431 - INFO -   ^BSESN: 1874 rows stored in DB
2026-07-15 11:13:37,431 - INFO - Processing: ^NSEMDCP50
2026-07-15 11:13:38,548 - INFO -   ^NSEMDCP50: 1874 rows stored in DB
2026-07-15 11:13:38,548 - INFO - Processing: NIFTY_FIN_SERVICE.NS
2026-07-15 11:13:39,729 - INFO -   NIFTY_FIN_SERVICE.NS: 1874 rows stored in DB
2026-07-15 11:13:39,791 - INFO - README updated.
2026-07-15 11:13:39,791 - INFO - All done.
2026-07-16 05:41:49,716 - INFO - Processing 25 symbols
2026-07-16 05:41:49,716 - INFO - Processing: RELIANCE.NS
2026-07-16 05:41:50,712 - INFO -   RELIANCE.NS: 1616 rows stored in DB
2026-07-16 05:41:50,712 - INFO - Processing: HDFCBANK.NS
2026-07-16 05:41:51,612 - INFO -   HDFCBANK.NS: 1616 rows stored in DB
2026-07-16 05:41:51,612 - INFO - Processing: ICICIBANK.NS
2026-07-16 05:41:52,472 - INFO -   ICICIBANK.NS: 1616 rows stored in DB
2026-07-16 05:41:52,472 - INFO - Processing: INFY.NS
2026-07-16 05:41:53,340 - INFO -   INFY.NS: 1616 rows stored in DB
2026-07-16 05:41:53,340 - INFO - Processing: TCS.NS
2026-07-16 05:41:54,201 - INFO -   TCS.NS: 1616 rows stored in DB
2026-07-16 05:41:54,201 - INFO - Processing: ITC.NS
2026-07-16 05:41:55,056 - INFO -   ITC.NS: 1616 rows stored in DB
2026-07-16 05:41:55,056 - INFO - Processing: HINDUNILVR.NS
2026-07-16 05:41:55,909 - INFO -   HINDUNILVR.NS: 1616 rows stored in DB
2026-07-16 05:41:55,909 - INFO - Processing: SBIN.NS
2026-07-16 05:41:56,766 - INFO -   SBIN.NS: 1616 rows stored in DB
2026-07-16 05:41:56,766 - INFO - Processing: BHARTIARTL.NS
2026-07-16 05:41:57,609 - INFO -   BHARTIARTL.NS: 1616 rows stored in DB
2026-07-16 05:41:57,609 - INFO - Processing: KOTAKBANK.NS
2026-07-16 05:41:58,463 - INFO -   KOTAKBANK.NS: 1616 rows stored in DB
2026-07-16 05:41:58,463 - INFO - Processing: LT.NS
2026-07-16 05:41:59,313 - INFO -   LT.NS: 1616 rows stored in DB
2026-07-16 05:41:59,313 - INFO - Processing: AXISBANK.NS
2026-07-16 05:42:00,209 - INFO -   AXISBANK.NS: 1616 rows stored in DB
2026-07-16 05:42:00,209 - INFO - Processing: BAJFINANCE.NS
2026-07-16 05:42:01,056 - INFO -   BAJFINANCE.NS: 1616 rows stored in DB
2026-07-16 05:42:01,056 - INFO - Processing: ASIANPAINT.NS
2026-07-16 05:42:01,932 - INFO -   ASIANPAINT.NS: 1616 rows stored in DB
2026-07-16 05:42:01,932 - INFO - Processing: MARUTI.NS
2026-07-16 05:42:02,797 - INFO -   MARUTI.NS: 1616 rows stored in DB
2026-07-16 05:42:02,797 - INFO - Processing: SUNPHARMA.NS
2026-07-16 05:42:03,683 - INFO -   SUNPHARMA.NS: 1616 rows stored in DB
2026-07-16 05:42:03,683 - INFO - Processing: WIPRO.NS
2026-07-16 05:42:04,528 - INFO -   WIPRO.NS: 1616 rows stored in DB
2026-07-16 05:42:04,528 - INFO - Processing: POWERGRID.NS
2026-07-16 05:42:05,425 - INFO -   POWERGRID.NS: 1617 rows stored in DB
2026-07-16 05:42:05,425 - INFO - Processing: NTPC.NS
2026-07-16 05:42:06,271 - INFO -   NTPC.NS: 1617 rows stored in DB
2026-07-16 05:42:06,271 - INFO - Processing: ONGC.NS
2026-07-16 05:42:07,124 - INFO -   ONGC.NS: 1617 rows stored in DB
2026-07-16 05:42:07,124 - INFO - Processing: ^NSEI
2026-07-16 05:42:07,882 - INFO -   ^NSEI: 1617 rows stored in DB
2026-07-16 05:42:07,882 - INFO - Processing: ^NSEBANK
2026-07-16 05:42:08,657 - INFO -   ^NSEBANK: 1617 rows stored in DB
2026-07-16 05:42:08,657 - INFO - Processing: ^BSESN
2026-07-16 05:42:09,403 - INFO -   ^BSESN: 1602 rows stored in DB
2026-07-16 05:42:09,404 - INFO - Processing: ^NSEMDCP50
2026-07-16 05:42:10,160 - INFO -   ^NSEMDCP50: 1617 rows stored in DB
2026-07-16 05:42:10,160 - INFO - Processing: NIFTY_FIN_SERVICE.NS
2026-07-16 05:42:10,905 - INFO -   NIFTY_FIN_SERVICE.NS: 1617 rows stored in DB
2026-07-16 05:42:10,967 - INFO - README updated.
2026-07-16 05:42:10,967 - INFO - All done.
2026-07-16 07:48:36,628 - INFO - Processing 25 symbols
2026-07-16 07:48:36,628 - INFO - Processing: RELIANCE.NS
2026-07-16 07:48:37,700 - INFO -   RELIANCE.NS: 1743 rows stored in DB
2026-07-16 07:48:37,700 - INFO - Processing: HDFCBANK.NS
2026-07-16 07:48:38,638 - INFO -   HDFCBANK.NS: 1743 rows stored in DB
2026-07-16 07:48:38,638 - INFO - Processing: ICICIBANK.NS
2026-07-16 07:48:39,595 - INFO -   ICICIBANK.NS: 1743 rows stored in DB
2026-07-16 07:48:39,595 - INFO - Processing: INFY.NS
2026-07-16 07:48:40,592 - INFO -   INFY.NS: 1743 rows stored in DB
2026-07-16 07:48:40,593 - INFO - Processing: TCS.NS
2026-07-16 07:48:41,524 - INFO -   TCS.NS: 1743 rows stored in DB
2026-07-16 07:48:41,525 - INFO - Processing: ITC.NS
2026-07-16 07:48:42,455 - INFO -   ITC.NS: 1743 rows stored in DB
2026-07-16 07:48:42,456 - INFO - Processing: HINDUNILVR.NS
2026-07-16 07:48:43,362 - INFO -   HINDUNILVR.NS: 1743 rows stored in DB
2026-07-16 07:48:43,362 - INFO - Processing: SBIN.NS
2026-07-16 07:48:44,328 - INFO -   SBIN.NS: 1743 rows stored in DB
2026-07-16 07:48:44,328 - INFO - Processing: BHARTIARTL.NS
2026-07-16 07:48:45,250 - INFO -   BHARTIARTL.NS: 1743 rows stored in DB
2026-07-16 07:48:45,250 - INFO - Processing: KOTAKBANK.NS
2026-07-16 07:48:46,157 - INFO -   KOTAKBANK.NS: 1743 rows stored in DB
2026-07-16 07:48:46,158 - INFO - Processing: LT.NS
2026-07-16 07:48:47,092 - INFO -   LT.NS: 1743 rows stored in DB
2026-07-16 07:48:47,092 - INFO - Processing: AXISBANK.NS
2026-07-16 07:48:48,031 - INFO -   AXISBANK.NS: 1743 rows stored in DB
2026-07-16 07:48:48,031 - INFO - Processing: BAJFINANCE.NS
2026-07-16 07:48:48,944 - INFO -   BAJFINANCE.NS: 1743 rows stored in DB
2026-07-16 07:48:48,944 - INFO - Processing: ASIANPAINT.NS
2026-07-16 07:48:49,868 - INFO -   ASIANPAINT.NS: 1743 rows stored in DB
2026-07-16 07:48:49,868 - INFO - Processing: MARUTI.NS
2026-07-16 07:48:50,773 - INFO -   MARUTI.NS: 1743 rows stored in DB
2026-07-16 07:48:50,774 - INFO - Processing: SUNPHARMA.NS
2026-07-16 07:48:51,724 - INFO -   SUNPHARMA.NS: 1743 rows stored in DB
2026-07-16 07:48:51,724 - INFO - Processing: WIPRO.NS
2026-07-16 07:48:52,678 - INFO -   WIPRO.NS: 1743 rows stored in DB
2026-07-16 07:48:52,678 - INFO - Processing: POWERGRID.NS
2026-07-16 07:48:53,582 - INFO -   POWERGRID.NS: 1743 rows stored in DB
2026-07-16 07:48:53,582 - INFO - Processing: NTPC.NS
2026-07-16 07:48:54,508 - INFO -   NTPC.NS: 1743 rows stored in DB
2026-07-16 07:48:54,508 - INFO - Processing: ONGC.NS
2026-07-16 07:48:55,460 - INFO -   ONGC.NS: 1743 rows stored in DB
2026-07-16 07:48:55,460 - INFO - Processing: ^NSEI
2026-07-16 07:48:56,272 - INFO -   ^NSEI: 1738 rows stored in DB
2026-07-16 07:48:56,273 - INFO - Processing: ^NSEBANK
2026-07-16 07:48:57,096 - INFO -   ^NSEBANK: 1738 rows stored in DB
2026-07-16 07:48:57,096 - INFO - Processing: ^BSESN
2026-07-16 07:48:57,902 - INFO -   ^BSESN: 1728 rows stored in DB
2026-07-16 07:48:57,903 - INFO - Processing: ^NSEMDCP50
2026-07-16 07:48:58,742 - INFO -   ^NSEMDCP50: 1738 rows stored in DB
2026-07-16 07:48:58,742 - INFO - Processing: NIFTY_FIN_SERVICE.NS
2026-07-16 07:48:59,549 - INFO -   NIFTY_FIN_SERVICE.NS: 1738 rows stored in DB
2026-07-16 07:48:59,611 - INFO - README updated.
2026-07-16 07:48:59,612 - INFO - All done.
2026-07-16 09:50:24,843 - INFO - Processing 25 symbols
2026-07-16 09:50:24,843 - INFO - Processing: RELIANCE.NS
2026-07-16 09:50:25,873 - INFO -   RELIANCE.NS: 1865 rows stored in DB
2026-07-16 09:50:25,873 - INFO - Processing: HDFCBANK.NS
2026-07-16 09:50:26,710 - INFO -   HDFCBANK.NS: 1865 rows stored in DB
2026-07-16 09:50:26,710 - INFO - Processing: ICICIBANK.NS
2026-07-16 09:50:27,515 - INFO -   ICICIBANK.NS: 1865 rows stored in DB
2026-07-16 09:50:27,515 - INFO - Processing: INFY.NS
2026-07-16 09:50:28,353 - INFO -   INFY.NS: 1865 rows stored in DB
2026-07-16 09:50:28,353 - INFO - Processing: TCS.NS
2026-07-16 09:50:29,163 - INFO -   TCS.NS: 1865 rows stored in DB
2026-07-16 09:50:29,163 - INFO - Processing: ITC.NS
2026-07-16 09:50:29,958 - INFO -   ITC.NS: 1865 rows stored in DB
2026-07-16 09:50:29,958 - INFO - Processing: HINDUNILVR.NS
2026-07-16 09:50:30,768 - INFO -   HINDUNILVR.NS: 1865 rows stored in DB
2026-07-16 09:50:30,768 - INFO - Processing: SBIN.NS
2026-07-16 09:50:31,594 - INFO -   SBIN.NS: 1865 rows stored in DB
2026-07-16 09:50:31,594 - INFO - Processing: BHARTIARTL.NS
2026-07-16 09:50:32,368 - INFO -   BHARTIARTL.NS: 1865 rows stored in DB
2026-07-16 09:50:32,368 - INFO - Processing: KOTAKBANK.NS
2026-07-16 09:50:33,163 - INFO -   KOTAKBANK.NS: 1865 rows stored in DB
2026-07-16 09:50:33,163 - INFO - Processing: LT.NS
2026-07-16 09:50:33,947 - INFO -   LT.NS: 1865 rows stored in DB
2026-07-16 09:50:33,947 - INFO - Processing: AXISBANK.NS
2026-07-16 09:50:34,791 - INFO -   AXISBANK.NS: 1865 rows stored in DB
2026-07-16 09:50:34,792 - INFO - Processing: BAJFINANCE.NS
2026-07-16 09:50:35,600 - INFO -   BAJFINANCE.NS: 1865 rows stored in DB
2026-07-16 09:50:35,600 - INFO - Processing: ASIANPAINT.NS
2026-07-16 09:50:36,492 - INFO -   ASIANPAINT.NS: 1865 rows stored in DB
2026-07-16 09:50:36,492 - INFO - Processing: MARUTI.NS
2026-07-16 09:50:37,323 - INFO -   MARUTI.NS: 1865 rows stored in DB
2026-07-16 09:50:37,323 - INFO - Processing: SUNPHARMA.NS
2026-07-16 09:50:38,239 - INFO -   SUNPHARMA.NS: 1865 rows stored in DB
2026-07-16 09:50:38,239 - INFO - Processing: WIPRO.NS
2026-07-16 09:50:39,065 - INFO -   WIPRO.NS: 1865 rows stored in DB
2026-07-16 09:50:39,065 - INFO - Processing: POWERGRID.NS
2026-07-16 09:50:39,848 - INFO -   POWERGRID.NS: 1865 rows stored in DB
2026-07-16 09:50:39,848 - INFO - Processing: NTPC.NS
2026-07-16 09:50:40,641 - INFO -   NTPC.NS: 1865 rows stored in DB
2026-07-16 09:50:40,641 - INFO - Processing: ONGC.NS
2026-07-16 09:50:41,443 - INFO -   ONGC.NS: 1865 rows stored in DB
2026-07-16 09:50:41,443 - INFO - Processing: ^NSEI
2026-07-16 09:50:42,147 - INFO -   ^NSEI: 1860 rows stored in DB
2026-07-16 09:50:42,148 - INFO - Processing: ^NSEBANK
2026-07-16 09:50:42,836 - INFO -   ^NSEBANK: 1860 rows stored in DB
2026-07-16 09:50:42,836 - INFO - Processing: ^BSESN
2026-07-16 09:50:43,527 - INFO -   ^BSESN: 1850 rows stored in DB
2026-07-16 09:50:43,528 - INFO - Processing: ^NSEMDCP50
2026-07-16 09:50:44,240 - INFO -   ^NSEMDCP50: 1860 rows stored in DB
2026-07-16 09:50:44,240 - INFO - Processing: NIFTY_FIN_SERVICE.NS
2026-07-16 09:50:44,932 - INFO -   NIFTY_FIN_SERVICE.NS: 1860 rows stored in DB
2026-07-16 09:50:44,990 - INFO - README updated.
2026-07-16 09:50:44,991 - INFO - All done.
2026-07-16 11:24:24,704 - INFO - Processing 25 symbols
2026-07-16 11:24:24,704 - INFO - Processing: RELIANCE.NS
2026-07-16 11:24:26,021 - INFO -   RELIANCE.NS: 1874 rows stored in DB
2026-07-16 11:24:26,021 - INFO - Processing: HDFCBANK.NS
2026-07-16 11:24:27,366 - INFO -   HDFCBANK.NS: 1874 rows stored in DB
2026-07-16 11:24:27,366 - INFO - Processing: ICICIBANK.NS
2026-07-16 11:24:28,638 - INFO -   ICICIBANK.NS: 1874 rows stored in DB
2026-07-16 11:24:28,638 - INFO - Processing: INFY.NS
2026-07-16 11:24:29,794 - INFO -   INFY.NS: 1874 rows stored in DB
2026-07-16 11:24:29,794 - INFO - Processing: TCS.NS
2026-07-16 11:24:31,128 - INFO -   TCS.NS: 1874 rows stored in DB
2026-07-16 11:24:31,128 - INFO - Processing: ITC.NS
2026-07-16 11:24:32,401 - INFO -   ITC.NS: 1874 rows stored in DB
2026-07-16 11:24:32,401 - INFO - Processing: HINDUNILVR.NS
2026-07-16 11:24:33,496 - INFO -   HINDUNILVR.NS: 1874 rows stored in DB
2026-07-16 11:24:33,496 - INFO - Processing: SBIN.NS
2026-07-16 11:24:34,932 - INFO -   SBIN.NS: 1874 rows stored in DB
2026-07-16 11:24:34,932 - INFO - Processing: BHARTIARTL.NS
2026-07-16 11:24:36,305 - INFO -   BHARTIARTL.NS: 1874 rows stored in DB
2026-07-16 11:24:36,305 - INFO - Processing: KOTAKBANK.NS
2026-07-16 11:24:37,582 - INFO -   KOTAKBANK.NS: 1874 rows stored in DB
2026-07-16 11:24:37,582 - INFO - Processing: LT.NS
2026-07-16 11:24:38,887 - INFO -   LT.NS: 1874 rows stored in DB
2026-07-16 11:24:38,887 - INFO - Processing: AXISBANK.NS
2026-07-16 11:24:40,073 - INFO -   AXISBANK.NS: 1874 rows stored in DB
2026-07-16 11:24:40,073 - INFO - Processing: BAJFINANCE.NS
2026-07-16 11:24:41,256 - INFO -   BAJFINANCE.NS: 1874 rows stored in DB
2026-07-16 11:24:41,256 - INFO - Processing: ASIANPAINT.NS
2026-07-16 11:24:42,565 - INFO -   ASIANPAINT.NS: 1874 rows stored in DB
2026-07-16 11:24:42,565 - INFO - Processing: MARUTI.NS
2026-07-16 11:24:43,750 - INFO -   MARUTI.NS: 1874 rows stored in DB
2026-07-16 11:24:43,750 - INFO - Processing: SUNPHARMA.NS
2026-07-16 11:24:44,986 - INFO -   SUNPHARMA.NS: 1874 rows stored in DB
2026-07-16 11:24:44,986 - INFO - Processing: WIPRO.NS
2026-07-16 11:24:46,347 - INFO -   WIPRO.NS: 1874 rows stored in DB
2026-07-16 11:24:46,347 - INFO - Processing: POWERGRID.NS
2026-07-16 11:24:47,707 - INFO -   POWERGRID.NS: 1874 rows stored in DB
2026-07-16 11:24:47,708 - INFO - Processing: NTPC.NS
2026-07-16 11:24:48,977 - INFO -   NTPC.NS: 1874 rows stored in DB
2026-07-16 11:24:48,977 - INFO - Processing: ONGC.NS
2026-07-16 11:24:50,221 - INFO -   ONGC.NS: 1874 rows stored in DB
2026-07-16 11:24:50,221 - INFO - Processing: ^NSEI
2026-07-16 11:24:51,302 - INFO -   ^NSEI: 1869 rows stored in DB
2026-07-16 11:24:51,302 - INFO - Processing: ^NSEBANK
2026-07-16 11:24:52,331 - INFO -   ^NSEBANK: 1869 rows stored in DB
2026-07-16 11:24:52,331 - INFO - Processing: ^BSESN
2026-07-16 11:24:53,379 - INFO -   ^BSESN: 1874 rows stored in DB
2026-07-16 11:24:53,380 - INFO - Processing: ^NSEMDCP50
2026-07-16 11:24:54,539 - INFO -   ^NSEMDCP50: 1869 rows stored in DB
2026-07-16 11:24:54,539 - INFO - Processing: NIFTY_FIN_SERVICE.NS
2026-07-16 11:24:55,591 - INFO -   NIFTY_FIN_SERVICE.NS: 1869 rows stored in DB
2026-07-16 11:24:55,653 - INFO - README updated.
2026-07-16 11:24:55,653 - INFO - All done.
2026-07-17 05:43:22,374 - INFO - Processing 25 symbols
2026-07-17 05:43:22,374 - INFO - Processing: RELIANCE.NS
2026-07-17 05:43:23,323 - INFO -   RELIANCE.NS: 1618 rows stored in DB
2026-07-17 05:43:23,323 - INFO - Processing: HDFCBANK.NS
2026-07-17 05:43:24,069 - INFO -   HDFCBANK.NS: 1618 rows stored in DB
2026-07-17 05:43:24,069 - INFO - Processing: ICICIBANK.NS
2026-07-17 05:43:24,796 - INFO -   ICICIBANK.NS: 1618 rows stored in DB
2026-07-17 05:43:24,797 - INFO - Processing: INFY.NS
2026-07-17 05:43:25,557 - INFO -   INFY.NS: 1618 rows stored in DB
2026-07-17 05:43:25,557 - INFO - Processing: TCS.NS
2026-07-17 05:43:26,369 - INFO -   TCS.NS: 1618 rows stored in DB
2026-07-17 05:43:26,369 - INFO - Processing: ITC.NS
2026-07-17 05:43:27,095 - INFO -   ITC.NS: 1618 rows stored in DB
2026-07-17 05:43:27,096 - INFO - Processing: HINDUNILVR.NS
2026-07-17 05:43:27,833 - INFO -   HINDUNILVR.NS: 1618 rows stored in DB
2026-07-17 05:43:27,833 - INFO - Processing: SBIN.NS
2026-07-17 05:43:28,568 - INFO -   SBIN.NS: 1618 rows stored in DB
2026-07-17 05:43:28,568 - INFO - Processing: BHARTIARTL.NS
2026-07-17 05:43:29,303 - INFO -   BHARTIARTL.NS: 1618 rows stored in DB
2026-07-17 05:43:29,304 - INFO - Processing: KOTAKBANK.NS
2026-07-17 05:43:30,051 - INFO -   KOTAKBANK.NS: 1618 rows stored in DB
2026-07-17 05:43:30,051 - INFO - Processing: LT.NS
2026-07-17 05:43:30,805 - INFO -   LT.NS: 1618 rows stored in DB
2026-07-17 05:43:30,805 - INFO - Processing: AXISBANK.NS
2026-07-17 05:43:31,571 - INFO -   AXISBANK.NS: 1618 rows stored in DB
2026-07-17 05:43:31,572 - INFO - Processing: BAJFINANCE.NS
2026-07-17 05:43:32,320 - INFO -   BAJFINANCE.NS: 1618 rows stored in DB
2026-07-17 05:43:32,320 - INFO - Processing: ASIANPAINT.NS
2026-07-17 05:43:33,035 - INFO -   ASIANPAINT.NS: 1618 rows stored in DB
2026-07-17 05:43:33,035 - INFO - Processing: MARUTI.NS
2026-07-17 05:43:33,760 - INFO -   MARUTI.NS: 1618 rows stored in DB
2026-07-17 05:43:33,761 - INFO - Processing: SUNPHARMA.NS
2026-07-17 05:43:34,508 - INFO -   SUNPHARMA.NS: 1618 rows stored in DB
2026-07-17 05:43:34,508 - INFO - Processing: WIPRO.NS
2026-07-17 05:43:35,249 - INFO -   WIPRO.NS: 1618 rows stored in DB
2026-07-17 05:43:35,249 - INFO - Processing: POWERGRID.NS
2026-07-17 05:43:36,009 - INFO -   POWERGRID.NS: 1618 rows stored in DB
2026-07-17 05:43:36,009 - INFO - Processing: NTPC.NS
2026-07-17 05:43:36,746 - INFO -   NTPC.NS: 1618 rows stored in DB
2026-07-17 05:43:36,746 - INFO - Processing: ONGC.NS
2026-07-17 05:43:37,478 - INFO -   ONGC.NS: 1618 rows stored in DB
2026-07-17 05:43:37,478 - INFO - Processing: ^NSEI
2026-07-17 05:43:38,103 - INFO -   ^NSEI: 1613 rows stored in DB
2026-07-17 05:43:38,103 - INFO - Processing: ^NSEBANK
2026-07-17 05:43:38,748 - INFO -   ^NSEBANK: 1613 rows stored in DB
2026-07-17 05:43:38,749 - INFO - Processing: ^BSESN
2026-07-17 05:43:39,415 - INFO -   ^BSESN: 1603 rows stored in DB
2026-07-17 05:43:39,415 - INFO - Processing: ^NSEMDCP50
2026-07-17 05:43:40,058 - INFO -   ^NSEMDCP50: 1613 rows stored in DB
2026-07-17 05:43:40,058 - INFO - Processing: NIFTY_FIN_SERVICE.NS
2026-07-17 05:43:40,693 - INFO -   NIFTY_FIN_SERVICE.NS: 1613 rows stored in DB
2026-07-17 05:43:40,754 - INFO - README updated.
2026-07-17 05:43:40,754 - INFO - All done.
2026-07-17 07:46:21,705 - INFO - Processing 25 symbols
2026-07-17 07:46:21,705 - INFO - Processing: RELIANCE.NS
2026-07-17 07:46:22,718 - INFO -   RELIANCE.NS: 1741 rows stored in DB
2026-07-17 07:46:22,718 - INFO - Processing: HDFCBANK.NS
2026-07-17 07:46:23,610 - INFO -   HDFCBANK.NS: 1741 rows stored in DB
2026-07-17 07:46:23,610 - INFO - Processing: ICICIBANK.NS
2026-07-17 07:46:24,498 - INFO -   ICICIBANK.NS: 1741 rows stored in DB
2026-07-17 07:46:24,498 - INFO - Processing: INFY.NS
2026-07-17 07:46:25,422 - INFO -   INFY.NS: 1741 rows stored in DB
2026-07-17 07:46:25,422 - INFO - Processing: TCS.NS
2026-07-17 07:46:26,344 - INFO -   TCS.NS: 1741 rows stored in DB
2026-07-17 07:46:26,345 - INFO - Processing: ITC.NS
2026-07-17 07:46:27,285 - INFO -   ITC.NS: 1741 rows stored in DB
2026-07-17 07:46:27,285 - INFO - Processing: HINDUNILVR.NS
2026-07-17 07:46:28,189 - INFO -   HINDUNILVR.NS: 1741 rows stored in DB
2026-07-17 07:46:28,189 - INFO - Processing: SBIN.NS
2026-07-17 07:46:29,087 - INFO -   SBIN.NS: 1741 rows stored in DB
2026-07-17 07:46:29,087 - INFO - Processing: BHARTIARTL.NS
2026-07-17 07:46:30,093 - INFO -   BHARTIARTL.NS: 1741 rows stored in DB
2026-07-17 07:46:30,094 - INFO - Processing: KOTAKBANK.NS
2026-07-17 07:46:31,029 - INFO -   KOTAKBANK.NS: 1741 rows stored in DB
2026-07-17 07:46:31,030 - INFO - Processing: LT.NS
2026-07-17 07:46:31,951 - INFO -   LT.NS: 1741 rows stored in DB
2026-07-17 07:46:31,952 - INFO - Processing: AXISBANK.NS
2026-07-17 07:46:32,871 - INFO -   AXISBANK.NS: 1741 rows stored in DB
2026-07-17 07:46:32,871 - INFO - Processing: BAJFINANCE.NS
2026-07-17 07:46:33,815 - INFO -   BAJFINANCE.NS: 1741 rows stored in DB
2026-07-17 07:46:33,815 - INFO - Processing: ASIANPAINT.NS
2026-07-17 07:46:34,729 - INFO -   ASIANPAINT.NS: 1741 rows stored in DB
2026-07-17 07:46:34,729 - INFO - Processing: MARUTI.NS
2026-07-17 07:46:35,630 - INFO -   MARUTI.NS: 1741 rows stored in DB
2026-07-17 07:46:35,630 - INFO - Processing: SUNPHARMA.NS
2026-07-17 07:46:36,591 - INFO -   SUNPHARMA.NS: 1741 rows stored in DB
2026-07-17 07:46:36,591 - INFO - Processing: WIPRO.NS
2026-07-17 07:46:37,504 - INFO -   WIPRO.NS: 1741 rows stored in DB
2026-07-17 07:46:37,504 - INFO - Processing: POWERGRID.NS
2026-07-17 07:46:38,396 - INFO -   POWERGRID.NS: 1741 rows stored in DB
2026-07-17 07:46:38,396 - INFO - Processing: NTPC.NS
2026-07-17 07:46:39,313 - INFO -   NTPC.NS: 1741 rows stored in DB
2026-07-17 07:46:39,314 - INFO - Processing: ONGC.NS
2026-07-17 07:46:40,288 - INFO -   ONGC.NS: 1741 rows stored in DB
2026-07-17 07:46:40,288 - INFO - Processing: ^NSEI
2026-07-17 07:46:41,087 - INFO -   ^NSEI: 1736 rows stored in DB
2026-07-17 07:46:41,088 - INFO - Processing: ^NSEBANK
2026-07-17 07:46:41,898 - INFO -   ^NSEBANK: 1736 rows stored in DB
2026-07-17 07:46:41,898 - INFO - Processing: ^BSESN
2026-07-17 07:46:42,714 - INFO -   ^BSESN: 1726 rows stored in DB
2026-07-17 07:46:42,714 - INFO - Processing: ^NSEMDCP50
2026-07-17 07:46:43,540 - INFO -   ^NSEMDCP50: 1736 rows stored in DB
2026-07-17 07:46:43,540 - INFO - Processing: NIFTY_FIN_SERVICE.NS
2026-07-17 07:46:44,326 - INFO -   NIFTY_FIN_SERVICE.NS: 1736 rows stored in DB
2026-07-17 07:46:44,389 - INFO - README updated.
2026-07-17 07:46:44,389 - INFO - All done.
2026-07-17 09:31:23,884 - INFO - Processing 25 symbols
2026-07-17 09:31:23,884 - INFO - Processing: RELIANCE.NS
2026-07-17 09:31:25,625 - INFO -   RELIANCE.NS: 1846 rows stored in DB
2026-07-17 09:31:25,625 - INFO - Processing: HDFCBANK.NS
2026-07-17 09:31:26,628 - INFO -   HDFCBANK.NS: 1846 rows stored in DB
2026-07-17 09:31:26,628 - INFO - Processing: ICICIBANK.NS
2026-07-17 09:31:27,763 - INFO -   ICICIBANK.NS: 1846 rows stored in DB
2026-07-17 09:31:27,763 - INFO - Processing: INFY.NS
2026-07-17 09:31:28,704 - INFO -   INFY.NS: 1846 rows stored in DB
2026-07-17 09:31:28,704 - INFO - Processing: TCS.NS
2026-07-17 09:31:29,647 - INFO -   TCS.NS: 1846 rows stored in DB
2026-07-17 09:31:29,647 - INFO - Processing: ITC.NS
2026-07-17 09:31:30,561 - INFO -   ITC.NS: 1846 rows stored in DB
2026-07-17 09:31:30,561 - INFO - Processing: HINDUNILVR.NS
2026-07-17 09:31:31,478 - INFO -   HINDUNILVR.NS: 1846 rows stored in DB
2026-07-17 09:31:31,478 - INFO - Processing: SBIN.NS
2026-07-17 09:31:32,593 - INFO -   SBIN.NS: 1846 rows stored in DB
2026-07-17 09:31:32,593 - INFO - Processing: BHARTIARTL.NS
2026-07-17 09:31:33,523 - INFO -   BHARTIARTL.NS: 1846 rows stored in DB
2026-07-17 09:31:33,523 - INFO - Processing: KOTAKBANK.NS
2026-07-17 09:31:34,677 - INFO -   KOTAKBANK.NS: 1846 rows stored in DB
2026-07-17 09:31:34,677 - INFO - Processing: LT.NS
2026-07-17 09:31:35,661 - INFO -   LT.NS: 1846 rows stored in DB
2026-07-17 09:31:35,661 - INFO - Processing: AXISBANK.NS
2026-07-17 09:31:36,784 - INFO -   AXISBANK.NS: 1846 rows stored in DB
2026-07-17 09:31:36,784 - INFO - Processing: BAJFINANCE.NS
2026-07-17 09:31:37,703 - INFO -   BAJFINANCE.NS: 1846 rows stored in DB
2026-07-17 09:31:37,703 - INFO - Processing: ASIANPAINT.NS
2026-07-17 09:31:38,734 - INFO -   ASIANPAINT.NS: 1846 rows stored in DB
2026-07-17 09:31:38,734 - INFO - Processing: MARUTI.NS
2026-07-17 09:31:39,890 - INFO -   MARUTI.NS: 1846 rows stored in DB
2026-07-17 09:31:39,890 - INFO - Processing: SUNPHARMA.NS
2026-07-17 09:31:40,767 - INFO -   SUNPHARMA.NS: 1846 rows stored in DB
2026-07-17 09:31:40,767 - INFO - Processing: WIPRO.NS
2026-07-17 09:31:41,856 - INFO -   WIPRO.NS: 1846 rows stored in DB
2026-07-17 09:31:41,856 - INFO - Processing: POWERGRID.NS
2026-07-17 09:31:42,621 - INFO -   POWERGRID.NS: 1846 rows stored in DB
2026-07-17 09:31:42,621 - INFO - Processing: NTPC.NS
2026-07-17 09:31:43,541 - INFO -   NTPC.NS: 1846 rows stored in DB
2026-07-17 09:31:43,541 - INFO - Processing: ONGC.NS
2026-07-17 09:31:44,392 - INFO -   ONGC.NS: 1846 rows stored in DB
2026-07-17 09:31:44,392 - INFO - Processing: ^NSEI
2026-07-17 09:31:45,172 - INFO -   ^NSEI: 1841 rows stored in DB
2026-07-17 09:31:45,172 - INFO - Processing: ^NSEBANK
2026-07-17 09:31:45,992 - INFO -   ^NSEBANK: 1841 rows stored in DB
2026-07-17 09:31:45,992 - INFO - Processing: ^BSESN
2026-07-17 09:31:46,851 - INFO -   ^BSESN: 1831 rows stored in DB
2026-07-17 09:31:46,851 - INFO - Processing: ^NSEMDCP50
2026-07-17 09:31:47,845 - INFO -   ^NSEMDCP50: 1841 rows stored in DB
2026-07-17 09:31:47,845 - INFO - Processing: NIFTY_FIN_SERVICE.NS
2026-07-17 09:31:48,681 - INFO -   NIFTY_FIN_SERVICE.NS: 1841 rows stored in DB
2026-07-17 09:31:48,717 - INFO - README updated.
2026-07-17 09:31:48,718 - INFO - All done.
2026-07-17 11:08:09,160 - INFO - Processing 25 symbols
2026-07-17 11:08:09,160 - INFO - Processing: RELIANCE.NS
2026-07-17 11:08:10,503 - INFO -   RELIANCE.NS: 1874 rows stored in DB
2026-07-17 11:08:10,503 - INFO - Processing: HDFCBANK.NS
2026-07-17 11:08:11,755 - INFO -   HDFCBANK.NS: 1874 rows stored in DB
2026-07-17 11:08:11,756 - INFO - Processing: ICICIBANK.NS
2026-07-17 11:08:12,971 - INFO -   ICICIBANK.NS: 1874 rows stored in DB
2026-07-17 11:08:12,971 - INFO - Processing: INFY.NS
2026-07-17 11:08:14,168 - INFO -   INFY.NS: 1874 rows stored in DB
2026-07-17 11:08:14,168 - INFO - Processing: TCS.NS
2026-07-17 11:08:15,341 - INFO -   TCS.NS: 1874 rows stored in DB
2026-07-17 11:08:15,341 - INFO - Processing: ITC.NS
2026-07-17 11:08:16,520 - INFO -   ITC.NS: 1874 rows stored in DB
2026-07-17 11:08:16,520 - INFO - Processing: HINDUNILVR.NS
2026-07-17 11:08:17,718 - INFO -   HINDUNILVR.NS: 1874 rows stored in DB
2026-07-17 11:08:17,718 - INFO - Processing: SBIN.NS
2026-07-17 11:08:18,974 - INFO -   SBIN.NS: 1874 rows stored in DB
2026-07-17 11:08:18,974 - INFO - Processing: BHARTIARTL.NS
2026-07-17 11:08:20,280 - INFO -   BHARTIARTL.NS: 1874 rows stored in DB
2026-07-17 11:08:20,280 - INFO - Processing: KOTAKBANK.NS
2026-07-17 11:08:21,589 - INFO -   KOTAKBANK.NS: 1874 rows stored in DB
2026-07-17 11:08:21,589 - INFO - Processing: LT.NS
2026-07-17 11:08:22,710 - INFO -   LT.NS: 1874 rows stored in DB
2026-07-17 11:08:22,710 - INFO - Processing: AXISBANK.NS
2026-07-17 11:08:23,903 - INFO -   AXISBANK.NS: 1874 rows stored in DB
2026-07-17 11:08:23,903 - INFO - Processing: BAJFINANCE.NS
2026-07-17 11:08:25,195 - INFO -   BAJFINANCE.NS: 1874 rows stored in DB
2026-07-17 11:08:25,195 - INFO - Processing: ASIANPAINT.NS
2026-07-17 11:08:26,349 - INFO -   ASIANPAINT.NS: 1874 rows stored in DB
2026-07-17 11:08:26,350 - INFO - Processing: MARUTI.NS
2026-07-17 11:08:27,600 - INFO -   MARUTI.NS: 1874 rows stored in DB
2026-07-17 11:08:27,601 - INFO - Processing: SUNPHARMA.NS
2026-07-17 11:08:28,903 - INFO -   SUNPHARMA.NS: 1874 rows stored in DB
2026-07-17 11:08:28,903 - INFO - Processing: WIPRO.NS
2026-07-17 11:08:30,159 - INFO -   WIPRO.NS: 1874 rows stored in DB
2026-07-17 11:08:30,159 - INFO - Processing: POWERGRID.NS
2026-07-17 11:08:31,411 - INFO -   POWERGRID.NS: 1874 rows stored in DB
2026-07-17 11:08:31,411 - INFO - Processing: NTPC.NS
2026-07-17 11:08:32,666 - INFO -   NTPC.NS: 1874 rows stored in DB
2026-07-17 11:08:32,666 - INFO - Processing: ONGC.NS
2026-07-17 11:08:33,845 - INFO -   ONGC.NS: 1874 rows stored in DB
2026-07-17 11:08:33,845 - INFO - Processing: ^NSEI
2026-07-17 11:08:35,028 - INFO -   ^NSEI: 1869 rows stored in DB
2026-07-17 11:08:35,028 - INFO - Processing: ^NSEBANK
2026-07-17 11:08:36,094 - INFO -   ^NSEBANK: 1869 rows stored in DB
2026-07-17 11:08:36,095 - INFO - Processing: ^BSESN
2026-07-17 11:08:37,183 - INFO -   ^BSESN: 1874 rows stored in DB
2026-07-17 11:08:37,184 - INFO - Processing: ^NSEMDCP50
2026-07-17 11:08:38,411 - INFO -   ^NSEMDCP50: 1869 rows stored in DB
2026-07-17 11:08:38,412 - INFO - Processing: NIFTY_FIN_SERVICE.NS
2026-07-17 11:08:39,536 - INFO -   NIFTY_FIN_SERVICE.NS: 1869 rows stored in DB
2026-07-17 11:08:39,598 - INFO - README updated.
2026-07-17 11:08:39,599 - INFO - All done.
2026-07-20 06:19:13,211 - INFO - Processing 25 symbols
2026-07-20 06:19:13,211 - INFO - Processing: RELIANCE.NS
2026-07-20 06:19:14,659 - INFO -   RELIANCE.NS: 1654 rows stored in DB
2026-07-20 06:19:14,659 - INFO - Processing: HDFCBANK.NS
2026-07-20 06:19:15,813 - INFO -   HDFCBANK.NS: 1654 rows stored in DB
2026-07-20 06:19:15,814 - INFO - Processing: ICICIBANK.NS
2026-07-20 06:19:16,862 - INFO -   ICICIBANK.NS: 1654 rows stored in DB
2026-07-20 06:19:16,862 - INFO - Processing: INFY.NS
2026-07-20 06:19:17,991 - INFO -   INFY.NS: 1654 rows stored in DB
2026-07-20 06:19:17,991 - INFO - Processing: TCS.NS
2026-07-20 06:19:19,172 - INFO -   TCS.NS: 1654 rows stored in DB
2026-07-20 06:19:19,172 - INFO - Processing: ITC.NS
2026-07-20 06:19:20,264 - INFO -   ITC.NS: 1654 rows stored in DB
2026-07-20 06:19:20,264 - INFO - Processing: HINDUNILVR.NS
2026-07-20 06:19:21,377 - INFO -   HINDUNILVR.NS: 1654 rows stored in DB
2026-07-20 06:19:21,377 - INFO - Processing: SBIN.NS
2026-07-20 06:19:22,458 - INFO -   SBIN.NS: 1654 rows stored in DB
2026-07-20 06:19:22,458 - INFO - Processing: BHARTIARTL.NS
2026-07-20 06:19:23,559 - INFO -   BHARTIARTL.NS: 1654 rows stored in DB
2026-07-20 06:19:23,559 - INFO - Processing: KOTAKBANK.NS
2026-07-20 06:19:24,642 - INFO -   KOTAKBANK.NS: 1654 rows stored in DB
2026-07-20 06:19:24,642 - INFO - Processing: LT.NS
2026-07-20 06:19:25,692 - INFO -   LT.NS: 1654 rows stored in DB
2026-07-20 06:19:25,692 - INFO - Processing: AXISBANK.NS
2026-07-20 06:19:26,811 - INFO -   AXISBANK.NS: 1654 rows stored in DB
2026-07-20 06:19:26,811 - INFO - Processing: BAJFINANCE.NS
2026-07-20 06:19:27,934 - INFO -   BAJFINANCE.NS: 1654 rows stored in DB
2026-07-20 06:19:27,934 - INFO - Processing: ASIANPAINT.NS
2026-07-20 06:19:29,096 - INFO -   ASIANPAINT.NS: 1654 rows stored in DB
2026-07-20 06:19:29,096 - INFO - Processing: MARUTI.NS
2026-07-20 06:19:30,166 - INFO -   MARUTI.NS: 1654 rows stored in DB
2026-07-20 06:19:30,166 - INFO - Processing: SUNPHARMA.NS
2026-07-20 06:19:31,257 - INFO -   SUNPHARMA.NS: 1654 rows stored in DB
2026-07-20 06:19:31,257 - INFO - Processing: WIPRO.NS
2026-07-20 06:19:32,333 - INFO -   WIPRO.NS: 1654 rows stored in DB
2026-07-20 06:19:32,333 - INFO - Processing: POWERGRID.NS
2026-07-20 06:19:33,387 - INFO -   POWERGRID.NS: 1654 rows stored in DB
2026-07-20 06:19:33,387 - INFO - Processing: NTPC.NS
2026-07-20 06:19:34,467 - INFO -   NTPC.NS: 1654 rows stored in DB
2026-07-20 06:19:34,467 - INFO - Processing: ONGC.NS
2026-07-20 06:19:35,603 - INFO -   ONGC.NS: 1654 rows stored in DB
2026-07-20 06:19:35,603 - INFO - Processing: ^NSEI
2026-07-20 06:19:36,675 - INFO -   ^NSEI: 1649 rows stored in DB
2026-07-20 06:19:36,675 - INFO - Processing: ^NSEBANK
2026-07-20 06:19:37,699 - INFO -   ^NSEBANK: 1649 rows stored in DB
2026-07-20 06:19:37,699 - INFO - Processing: ^BSESN
2026-07-20 06:19:38,647 - INFO -   ^BSESN: 1639 rows stored in DB
2026-07-20 06:19:38,647 - INFO - Processing: ^NSEMDCP50
2026-07-20 06:19:39,683 - INFO -   ^NSEMDCP50: 1649 rows stored in DB
2026-07-20 06:19:39,683 - INFO - Processing: NIFTY_FIN_SERVICE.NS
2026-07-20 06:19:40,621 - INFO -   NIFTY_FIN_SERVICE.NS: 1649 rows stored in DB
2026-07-20 06:19:40,683 - INFO - README updated.
2026-07-20 06:19:40,683 - INFO - All done.
2026-07-20 09:39:06,831 - INFO - Processing 25 symbols
2026-07-20 09:39:06,831 - INFO - Processing: RELIANCE.NS
2026-07-20 09:39:07,791 - INFO -   RELIANCE.NS: 1854 rows stored in DB
2026-07-20 09:39:07,792 - INFO - Processing: HDFCBANK.NS
2026-07-20 09:39:08,635 - INFO -   HDFCBANK.NS: 1854 rows stored in DB
2026-07-20 09:39:08,636 - INFO - Processing: ICICIBANK.NS
2026-07-20 09:39:09,427 - INFO -   ICICIBANK.NS: 1854 rows stored in DB
2026-07-20 09:39:09,427 - INFO - Processing: INFY.NS
2026-07-20 09:39:10,243 - INFO -   INFY.NS: 1854 rows stored in DB
2026-07-20 09:39:10,243 - INFO - Processing: TCS.NS
2026-07-20 09:39:11,041 - INFO -   TCS.NS: 1854 rows stored in DB
2026-07-20 09:39:11,041 - INFO - Processing: ITC.NS
2026-07-20 09:39:11,853 - INFO -   ITC.NS: 1854 rows stored in DB
2026-07-20 09:39:11,853 - INFO - Processing: HINDUNILVR.NS
2026-07-20 09:39:12,645 - INFO -   HINDUNILVR.NS: 1854 rows stored in DB
2026-07-20 09:39:12,645 - INFO - Processing: SBIN.NS
2026-07-20 09:39:13,426 - INFO -   SBIN.NS: 1854 rows stored in DB
2026-07-20 09:39:13,426 - INFO - Processing: BHARTIARTL.NS
2026-07-20 09:39:14,227 - INFO -   BHARTIARTL.NS: 1854 rows stored in DB
2026-07-20 09:39:14,228 - INFO - Processing: KOTAKBANK.NS
2026-07-20 09:39:15,061 - INFO -   KOTAKBANK.NS: 1854 rows stored in DB
2026-07-20 09:39:15,061 - INFO - Processing: LT.NS
2026-07-20 09:39:15,857 - INFO -   LT.NS: 1854 rows stored in DB
2026-07-20 09:39:15,857 - INFO - Processing: AXISBANK.NS
2026-07-20 09:39:16,668 - INFO -   AXISBANK.NS: 1854 rows stored in DB
2026-07-20 09:39:16,669 - INFO - Processing: BAJFINANCE.NS
2026-07-20 09:39:17,486 - INFO -   BAJFINANCE.NS: 1854 rows stored in DB
2026-07-20 09:39:17,486 - INFO - Processing: ASIANPAINT.NS
2026-07-20 09:39:18,312 - INFO -   ASIANPAINT.NS: 1854 rows stored in DB
2026-07-20 09:39:18,312 - INFO - Processing: MARUTI.NS
2026-07-20 09:39:19,083 - INFO -   MARUTI.NS: 1854 rows stored in DB
2026-07-20 09:39:19,083 - INFO - Processing: SUNPHARMA.NS
2026-07-20 09:39:19,884 - INFO -   SUNPHARMA.NS: 1854 rows stored in DB
2026-07-20 09:39:19,884 - INFO - Processing: WIPRO.NS
2026-07-20 09:39:20,665 - INFO -   WIPRO.NS: 1854 rows stored in DB
2026-07-20 09:39:20,665 - INFO - Processing: POWERGRID.NS
2026-07-20 09:39:21,450 - INFO -   POWERGRID.NS: 1854 rows stored in DB
2026-07-20 09:39:21,450 - INFO - Processing: NTPC.NS
2026-07-20 09:39:22,261 - INFO -   NTPC.NS: 1854 rows stored in DB
2026-07-20 09:39:22,262 - INFO - Processing: ONGC.NS
2026-07-20 09:39:23,062 - INFO -   ONGC.NS: 1854 rows stored in DB
2026-07-20 09:39:23,062 - INFO - Processing: ^NSEI
2026-07-20 09:39:23,821 - INFO -   ^NSEI: 1849 rows stored in DB
2026-07-20 09:39:23,821 - INFO - Processing: ^NSEBANK
2026-07-20 09:39:24,512 - INFO -   ^NSEBANK: 1849 rows stored in DB
2026-07-20 09:39:24,512 - INFO - Processing: ^BSESN
2026-07-20 09:39:25,229 - INFO -   ^BSESN: 1839 rows stored in DB
2026-07-20 09:39:25,229 - INFO - Processing: ^NSEMDCP50
2026-07-20 09:39:25,952 - INFO -   ^NSEMDCP50: 1849 rows stored in DB
2026-07-20 09:39:25,952 - INFO - Processing: NIFTY_FIN_SERVICE.NS
2026-07-20 09:39:26,659 - INFO -   NIFTY_FIN_SERVICE.NS: 1849 rows stored in DB
2026-07-20 09:39:26,719 - INFO - README updated.
2026-07-20 09:39:26,719 - INFO - All done.
2026-07-20 12:03:24,091 - INFO - Processing 25 symbols
2026-07-20 12:03:24,091 - INFO - Processing: RELIANCE.NS
2026-07-20 12:03:25,182 - INFO -   RELIANCE.NS: 1874 rows stored in DB
2026-07-20 12:03:25,182 - INFO - Processing: HDFCBANK.NS
2026-07-20 12:03:26,127 - INFO -   HDFCBANK.NS: 1874 rows stored in DB
2026-07-20 12:03:26,127 - INFO - Processing: ICICIBANK.NS
2026-07-20 12:03:27,002 - INFO -   ICICIBANK.NS: 1874 rows stored in DB
2026-07-20 12:03:27,002 - INFO - Processing: INFY.NS
2026-07-20 12:03:27,965 - INFO -   INFY.NS: 1874 rows stored in DB
2026-07-20 12:03:27,965 - INFO - Processing: TCS.NS
2026-07-20 12:03:28,799 - INFO -   TCS.NS: 1874 rows stored in DB
2026-07-20 12:03:28,799 - INFO - Processing: ITC.NS
2026-07-20 12:03:29,697 - INFO -   ITC.NS: 1874 rows stored in DB
2026-07-20 12:03:29,697 - INFO - Processing: HINDUNILVR.NS
2026-07-20 12:03:30,649 - INFO -   HINDUNILVR.NS: 1874 rows stored in DB
2026-07-20 12:03:30,649 - INFO - Processing: SBIN.NS
2026-07-20 12:03:31,528 - INFO -   SBIN.NS: 1874 rows stored in DB
2026-07-20 12:03:31,529 - INFO - Processing: BHARTIARTL.NS
2026-07-20 12:03:32,369 - INFO -   BHARTIARTL.NS: 1874 rows stored in DB
2026-07-20 12:03:32,369 - INFO - Processing: KOTAKBANK.NS
2026-07-20 12:03:33,381 - INFO -   KOTAKBANK.NS: 1874 rows stored in DB
2026-07-20 12:03:33,381 - INFO - Processing: LT.NS
2026-07-20 12:03:34,183 - INFO -   LT.NS: 1874 rows stored in DB
2026-07-20 12:03:34,183 - INFO - Processing: AXISBANK.NS
2026-07-20 12:03:35,053 - INFO -   AXISBANK.NS: 1874 rows stored in DB
2026-07-20 12:03:35,053 - INFO - Processing: BAJFINANCE.NS
2026-07-20 12:03:35,885 - INFO -   BAJFINANCE.NS: 1874 rows stored in DB
2026-07-20 12:03:35,886 - INFO - Processing: ASIANPAINT.NS
2026-07-20 12:03:36,835 - INFO -   ASIANPAINT.NS: 1874 rows stored in DB
2026-07-20 12:03:36,835 - INFO - Processing: MARUTI.NS
2026-07-20 12:03:38,195 - INFO -   MARUTI.NS: 1874 rows stored in DB
2026-07-20 12:03:38,195 - INFO - Processing: SUNPHARMA.NS
2026-07-20 12:03:39,090 - INFO -   SUNPHARMA.NS: 1874 rows stored in DB
2026-07-20 12:03:39,090 - INFO - Processing: WIPRO.NS
2026-07-20 12:03:40,125 - INFO -   WIPRO.NS: 1874 rows stored in DB
2026-07-20 12:03:40,125 - INFO - Processing: POWERGRID.NS
2026-07-20 12:03:41,140 - INFO -   POWERGRID.NS: 1874 rows stored in DB
2026-07-20 12:03:41,140 - INFO - Processing: NTPC.NS
2026-07-20 12:03:42,049 - INFO -   NTPC.NS: 1874 rows stored in DB
2026-07-20 12:03:42,049 - INFO - Processing: ONGC.NS
2026-07-20 12:03:42,886 - INFO -   ONGC.NS: 1874 rows stored in DB
2026-07-20 12:03:42,886 - INFO - Processing: ^NSEI
2026-07-20 12:03:44,063 - INFO -   ^NSEI: 1869 rows stored in DB
2026-07-20 12:03:44,063 - INFO - Processing: ^NSEBANK
2026-07-20 12:03:44,860 - INFO -   ^NSEBANK: 1869 rows stored in DB
2026-07-20 12:03:44,860 - INFO - Processing: ^BSESN
2026-07-20 12:03:45,741 - INFO -   ^BSESN: 1874 rows stored in DB
2026-07-20 12:03:45,741 - INFO - Processing: ^NSEMDCP50
2026-07-20 12:03:46,492 - INFO -   ^NSEMDCP50: 1869 rows stored in DB
2026-07-20 12:03:46,492 - INFO - Processing: NIFTY_FIN_SERVICE.NS
2026-07-20 12:03:47,232 - INFO -   NIFTY_FIN_SERVICE.NS: 1869 rows stored in DB
2026-07-20 12:03:47,290 - INFO - README updated.
2026-07-20 12:03:47,291 - INFO - All done.
2026-07-21 05:52:19,699 - INFO - Processing 25 symbols
2026-07-21 05:52:19,699 - INFO - Processing: RELIANCE.NS
2026-07-21 05:52:20,967 - INFO -   RELIANCE.NS: 1627 rows stored in DB
2026-07-21 05:52:20,967 - INFO - Processing: HDFCBANK.NS
2026-07-21 05:52:22,081 - INFO -   HDFCBANK.NS: 1627 rows stored in DB
2026-07-21 05:52:22,082 - INFO - Processing: ICICIBANK.NS
2026-07-21 05:52:23,204 - INFO -   ICICIBANK.NS: 1627 rows stored in DB
2026-07-21 05:52:23,204 - INFO - Processing: INFY.NS
2026-07-21 05:52:24,229 - INFO -   INFY.NS: 1627 rows stored in DB
2026-07-21 05:52:24,229 - INFO - Processing: TCS.NS
2026-07-21 05:52:25,461 - INFO -   TCS.NS: 1627 rows stored in DB
2026-07-21 05:52:25,461 - INFO - Processing: ITC.NS
2026-07-21 05:52:26,713 - INFO -   ITC.NS: 1627 rows stored in DB
2026-07-21 05:52:26,713 - INFO - Processing: HINDUNILVR.NS
2026-07-21 05:52:27,866 - INFO -   HINDUNILVR.NS: 1627 rows stored in DB
2026-07-21 05:52:27,866 - INFO - Processing: SBIN.NS
2026-07-21 05:52:29,023 - INFO -   SBIN.NS: 1627 rows stored in DB
2026-07-21 05:52:29,023 - INFO - Processing: BHARTIARTL.NS
2026-07-21 05:52:30,104 - INFO -   BHARTIARTL.NS: 1627 rows stored in DB
2026-07-21 05:52:30,104 - INFO - Processing: KOTAKBANK.NS
2026-07-21 05:52:31,117 - INFO -   KOTAKBANK.NS: 1627 rows stored in DB
2026-07-21 05:52:31,117 - INFO - Processing: LT.NS
2026-07-21 05:52:32,154 - INFO -   LT.NS: 1627 rows stored in DB
2026-07-21 05:52:32,155 - INFO - Processing: AXISBANK.NS
2026-07-21 05:52:33,235 - INFO -   AXISBANK.NS: 1627 rows stored in DB
2026-07-21 05:52:33,235 - INFO - Processing: BAJFINANCE.NS
2026-07-21 05:52:34,354 - INFO -   BAJFINANCE.NS: 1627 rows stored in DB
2026-07-21 05:52:34,354 - INFO - Processing: ASIANPAINT.NS
2026-07-21 05:52:35,527 - INFO -   ASIANPAINT.NS: 1627 rows stored in DB
2026-07-21 05:52:35,527 - INFO - Processing: MARUTI.NS
2026-07-21 05:52:36,612 - INFO -   MARUTI.NS: 1627 rows stored in DB
2026-07-21 05:52:36,612 - INFO - Processing: SUNPHARMA.NS
2026-07-21 05:52:37,728 - INFO -   SUNPHARMA.NS: 1627 rows stored in DB
2026-07-21 05:52:37,728 - INFO - Processing: WIPRO.NS
2026-07-21 05:52:38,830 - INFO -   WIPRO.NS: 1627 rows stored in DB
2026-07-21 05:52:38,830 - INFO - Processing: POWERGRID.NS
2026-07-21 05:52:39,957 - INFO -   POWERGRID.NS: 1627 rows stored in DB
2026-07-21 05:52:39,957 - INFO - Processing: NTPC.NS
2026-07-21 05:52:41,035 - INFO -   NTPC.NS: 1627 rows stored in DB
2026-07-21 05:52:41,035 - INFO - Processing: ONGC.NS
2026-07-21 05:52:42,324 - INFO -   ONGC.NS: 1627 rows stored in DB
2026-07-21 05:52:42,324 - INFO - Processing: ^NSEI
2026-07-21 05:52:43,250 - INFO -   ^NSEI: 1622 rows stored in DB
2026-07-21 05:52:43,250 - INFO - Processing: ^NSEBANK
2026-07-21 05:52:44,190 - INFO -   ^NSEBANK: 1622 rows stored in DB
2026-07-21 05:52:44,190 - INFO - Processing: ^BSESN
2026-07-21 05:52:45,186 - INFO -   ^BSESN: 1612 rows stored in DB
2026-07-21 05:52:45,186 - INFO - Processing: ^NSEMDCP50
2026-07-21 05:52:46,087 - INFO -   ^NSEMDCP50: 1622 rows stored in DB
2026-07-21 05:52:46,087 - INFO - Processing: NIFTY_FIN_SERVICE.NS
2026-07-21 05:52:47,161 - INFO -   NIFTY_FIN_SERVICE.NS: 1622 rows stored in DB
2026-07-21 05:52:47,224 - INFO - README updated.
2026-07-21 05:52:47,224 - INFO - All done.
2026-07-21 08:12:08,703 - INFO - Processing 25 symbols
2026-07-21 08:12:08,703 - INFO - Processing: RELIANCE.NS
2026-07-21 08:12:09,763 - INFO -   RELIANCE.NS: 1767 rows stored in DB
2026-07-21 08:12:09,763 - INFO - Processing: HDFCBANK.NS
2026-07-21 08:12:10,703 - INFO -   HDFCBANK.NS: 1767 rows stored in DB
2026-07-21 08:12:10,703 - INFO - Processing: ICICIBANK.NS
2026-07-21 08:12:11,617 - INFO -   ICICIBANK.NS: 1767 rows stored in DB
2026-07-21 08:12:11,617 - INFO - Processing: INFY.NS
2026-07-21 08:12:13,231 - INFO -   INFY.NS: 1767 rows stored in DB
2026-07-21 08:12:13,231 - INFO - Processing: TCS.NS
2026-07-21 08:12:14,161 - INFO -   TCS.NS: 1767 rows stored in DB
2026-07-21 08:12:14,161 - INFO - Processing: ITC.NS
2026-07-21 08:12:15,077 - INFO -   ITC.NS: 1767 rows stored in DB
2026-07-21 08:12:15,077 - INFO - Processing: HINDUNILVR.NS
2026-07-21 08:12:16,053 - INFO -   HINDUNILVR.NS: 1767 rows stored in DB
2026-07-21 08:12:16,053 - INFO - Processing: SBIN.NS
2026-07-21 08:12:16,977 - INFO -   SBIN.NS: 1767 rows stored in DB
2026-07-21 08:12:16,977 - INFO - Processing: BHARTIARTL.NS
2026-07-21 08:12:17,891 - INFO -   BHARTIARTL.NS: 1767 rows stored in DB
2026-07-21 08:12:17,891 - INFO - Processing: KOTAKBANK.NS
2026-07-21 08:12:18,792 - INFO -   KOTAKBANK.NS: 1767 rows stored in DB
2026-07-21 08:12:18,793 - INFO - Processing: LT.NS
2026-07-21 08:12:19,720 - INFO -   LT.NS: 1767 rows stored in DB
2026-07-21 08:12:19,720 - INFO - Processing: AXISBANK.NS
2026-07-21 08:12:20,623 - INFO -   AXISBANK.NS: 1767 rows stored in DB
2026-07-21 08:12:20,623 - INFO - Processing: BAJFINANCE.NS
2026-07-21 08:12:21,529 - INFO -   BAJFINANCE.NS: 1767 rows stored in DB
2026-07-21 08:12:21,529 - INFO - Processing: ASIANPAINT.NS
2026-07-21 08:12:22,437 - INFO -   ASIANPAINT.NS: 1767 rows stored in DB
2026-07-21 08:12:22,438 - INFO - Processing: MARUTI.NS
2026-07-21 08:12:23,378 - INFO -   MARUTI.NS: 1767 rows stored in DB
2026-07-21 08:12:23,378 - INFO - Processing: SUNPHARMA.NS
2026-07-21 08:12:24,319 - INFO -   SUNPHARMA.NS: 1767 rows stored in DB
2026-07-21 08:12:24,320 - INFO - Processing: WIPRO.NS
2026-07-21 08:12:25,233 - INFO -   WIPRO.NS: 1767 rows stored in DB
2026-07-21 08:12:25,233 - INFO - Processing: POWERGRID.NS
2026-07-21 08:12:26,125 - INFO -   POWERGRID.NS: 1767 rows stored in DB
2026-07-21 08:12:26,125 - INFO - Processing: NTPC.NS
2026-07-21 08:12:27,036 - INFO -   NTPC.NS: 1767 rows stored in DB
2026-07-21 08:12:27,036 - INFO - Processing: ONGC.NS
2026-07-21 08:12:27,963 - INFO -   ONGC.NS: 1767 rows stored in DB
2026-07-21 08:12:27,963 - INFO - Processing: ^NSEI
2026-07-21 08:12:28,764 - INFO -   ^NSEI: 1762 rows stored in DB
2026-07-21 08:12:28,764 - INFO - Processing: ^NSEBANK
2026-07-21 08:12:29,553 - INFO -   ^NSEBANK: 1762 rows stored in DB
2026-07-21 08:12:29,554 - INFO - Processing: ^BSESN
2026-07-21 08:12:30,342 - INFO -   ^BSESN: 1752 rows stored in DB
2026-07-21 08:12:30,342 - INFO - Processing: ^NSEMDCP50
2026-07-21 08:12:31,137 - INFO -   ^NSEMDCP50: 1762 rows stored in DB
2026-07-21 08:12:31,137 - INFO - Processing: NIFTY_FIN_SERVICE.NS
2026-07-21 08:12:31,929 - INFO -   NIFTY_FIN_SERVICE.NS: 1762 rows stored in DB
2026-07-21 08:12:31,991 - INFO - README updated.
2026-07-21 08:12:31,991 - INFO - All done.
2026-07-21 10:34:21,925 - INFO - Processing 25 symbols
2026-07-21 10:34:21,925 - INFO - Processing: RELIANCE.NS
2026-07-21 10:34:23,492 - INFO -   RELIANCE.NS: 1874 rows stored in DB
2026-07-21 10:34:23,492 - INFO - Processing: HDFCBANK.NS
2026-07-21 10:34:24,524 - INFO -   HDFCBANK.NS: 1874 rows stored in DB
2026-07-21 10:34:24,525 - INFO - Processing: ICICIBANK.NS
2026-07-21 10:34:25,530 - INFO -   ICICIBANK.NS: 1874 rows stored in DB
2026-07-21 10:34:25,531 - INFO - Processing: INFY.NS
2026-07-21 10:34:26,503 - INFO -   INFY.NS: 1874 rows stored in DB
2026-07-21 10:34:26,503 - INFO - Processing: TCS.NS
2026-07-21 10:34:27,414 - INFO -   TCS.NS: 1874 rows stored in DB
2026-07-21 10:34:27,414 - INFO - Processing: ITC.NS
2026-07-21 10:34:28,503 - INFO -   ITC.NS: 1874 rows stored in DB
2026-07-21 10:34:28,503 - INFO - Processing: HINDUNILVR.NS
2026-07-21 10:34:29,696 - INFO -   HINDUNILVR.NS: 1874 rows stored in DB
2026-07-21 10:34:29,696 - INFO - Processing: SBIN.NS
2026-07-21 10:34:30,630 - INFO -   SBIN.NS: 1874 rows stored in DB
2026-07-21 10:34:30,630 - INFO - Processing: BHARTIARTL.NS
2026-07-21 10:34:31,570 - INFO -   BHARTIARTL.NS: 1874 rows stored in DB
2026-07-21 10:34:31,570 - INFO - Processing: KOTAKBANK.NS
2026-07-21 10:34:32,777 - INFO -   KOTAKBANK.NS: 1874 rows stored in DB
2026-07-21 10:34:32,777 - INFO - Processing: LT.NS
2026-07-21 10:34:33,823 - INFO -   LT.NS: 1874 rows stored in DB
2026-07-21 10:34:33,823 - INFO - Processing: AXISBANK.NS
2026-07-21 10:34:34,735 - INFO -   AXISBANK.NS: 1874 rows stored in DB
2026-07-21 10:34:34,735 - INFO - Processing: BAJFINANCE.NS
2026-07-21 10:34:35,691 - INFO -   BAJFINANCE.NS: 1874 rows stored in DB
2026-07-21 10:34:35,691 - INFO - Processing: ASIANPAINT.NS
2026-07-21 10:34:36,760 - INFO -   ASIANPAINT.NS: 1874 rows stored in DB
2026-07-21 10:34:36,761 - INFO - Processing: MARUTI.NS
2026-07-21 10:34:37,701 - INFO -   MARUTI.NS: 1874 rows stored in DB
2026-07-21 10:34:37,701 - INFO - Processing: SUNPHARMA.NS
2026-07-21 10:34:38,765 - INFO -   SUNPHARMA.NS: 1874 rows stored in DB
2026-07-21 10:34:38,765 - INFO - Processing: WIPRO.NS
2026-07-21 10:34:39,874 - INFO -   WIPRO.NS: 1874 rows stored in DB
2026-07-21 10:34:39,874 - INFO - Processing: POWERGRID.NS
2026-07-21 10:34:40,821 - INFO -   POWERGRID.NS: 1874 rows stored in DB
2026-07-21 10:34:40,821 - INFO - Processing: NTPC.NS
2026-07-21 10:34:41,879 - INFO -   NTPC.NS: 1874 rows stored in DB
2026-07-21 10:34:41,880 - INFO - Processing: ONGC.NS
2026-07-21 10:34:42,837 - INFO -   ONGC.NS: 1874 rows stored in DB
2026-07-21 10:34:42,837 - INFO - Processing: ^NSEI
2026-07-21 10:34:43,782 - INFO -   ^NSEI: 1869 rows stored in DB
2026-07-21 10:34:43,783 - INFO - Processing: ^NSEBANK
2026-07-21 10:34:44,779 - INFO -   ^NSEBANK: 1869 rows stored in DB
2026-07-21 10:34:44,780 - INFO - Processing: ^BSESN
2026-07-21 10:34:46,014 - INFO -   ^BSESN: 1874 rows stored in DB
2026-07-21 10:34:46,014 - INFO - Processing: ^NSEMDCP50
2026-07-21 10:34:47,015 - INFO -   ^NSEMDCP50: 1869 rows stored in DB
2026-07-21 10:34:47,015 - INFO - Processing: NIFTY_FIN_SERVICE.NS
2026-07-21 10:34:47,966 - INFO -   NIFTY_FIN_SERVICE.NS: 1869 rows stored in DB
2026-07-21 10:34:48,011 - INFO - README updated.
2026-07-21 10:34:48,011 - INFO - All done.
2026-07-21 12:10:50,036 - INFO - Processing 25 symbols
2026-07-21 12:10:50,036 - INFO - Processing: RELIANCE.NS
2026-07-21 12:10:51,279 - INFO -   RELIANCE.NS: 1874 rows stored in DB
2026-07-21 12:10:51,279 - INFO - Processing: HDFCBANK.NS
2026-07-21 12:10:52,384 - INFO -   HDFCBANK.NS: 1874 rows stored in DB
2026-07-21 12:10:52,384 - INFO - Processing: ICICIBANK.NS
2026-07-21 12:10:53,362 - INFO -   ICICIBANK.NS: 1874 rows stored in DB
2026-07-21 12:10:53,362 - INFO - Processing: INFY.NS
2026-07-21 12:10:54,443 - INFO -   INFY.NS: 1874 rows stored in DB
2026-07-21 12:10:54,444 - INFO - Processing: TCS.NS
2026-07-21 12:10:55,429 - INFO -   TCS.NS: 1874 rows stored in DB
2026-07-21 12:10:55,429 - INFO - Processing: ITC.NS
2026-07-21 12:10:56,495 - INFO -   ITC.NS: 1874 rows stored in DB
2026-07-21 12:10:56,496 - INFO - Processing: HINDUNILVR.NS
2026-07-21 12:10:57,546 - INFO -   HINDUNILVR.NS: 1874 rows stored in DB
2026-07-21 12:10:57,546 - INFO - Processing: SBIN.NS
2026-07-21 12:10:58,640 - INFO -   SBIN.NS: 1874 rows stored in DB
2026-07-21 12:10:58,640 - INFO - Processing: BHARTIARTL.NS
2026-07-21 12:10:59,665 - INFO -   BHARTIARTL.NS: 1874 rows stored in DB
2026-07-21 12:10:59,665 - INFO - Processing: KOTAKBANK.NS
2026-07-21 12:11:00,762 - INFO -   KOTAKBANK.NS: 1874 rows stored in DB
2026-07-21 12:11:00,762 - INFO - Processing: LT.NS
2026-07-21 12:11:01,755 - INFO -   LT.NS: 1874 rows stored in DB
2026-07-21 12:11:01,755 - INFO - Processing: AXISBANK.NS
2026-07-21 12:11:02,895 - INFO -   AXISBANK.NS: 1874 rows stored in DB
2026-07-21 12:11:02,895 - INFO - Processing: BAJFINANCE.NS
2026-07-21 12:11:03,880 - INFO -   BAJFINANCE.NS: 1874 rows stored in DB
2026-07-21 12:11:03,880 - INFO - Processing: ASIANPAINT.NS
2026-07-21 12:11:05,185 - INFO -   ASIANPAINT.NS: 1874 rows stored in DB
2026-07-21 12:11:05,186 - INFO - Processing: MARUTI.NS
2026-07-21 12:11:06,275 - INFO -   MARUTI.NS: 1874 rows stored in DB
2026-07-21 12:11:06,276 - INFO - Processing: SUNPHARMA.NS
2026-07-21 12:11:07,272 - INFO -   SUNPHARMA.NS: 1874 rows stored in DB
2026-07-21 12:11:07,272 - INFO - Processing: WIPRO.NS
2026-07-21 12:11:08,253 - INFO -   WIPRO.NS: 1874 rows stored in DB
2026-07-21 12:11:08,253 - INFO - Processing: POWERGRID.NS
2026-07-21 12:11:09,459 - INFO -   POWERGRID.NS: 1874 rows stored in DB
2026-07-21 12:11:09,459 - INFO - Processing: NTPC.NS
2026-07-21 12:11:10,555 - INFO -   NTPC.NS: 1874 rows stored in DB
2026-07-21 12:11:10,555 - INFO - Processing: ONGC.NS
2026-07-21 12:11:11,642 - INFO -   ONGC.NS: 1874 rows stored in DB
2026-07-21 12:11:11,642 - INFO - Processing: ^NSEI
2026-07-21 12:11:12,627 - INFO -   ^NSEI: 1869 rows stored in DB
2026-07-21 12:11:12,627 - INFO - Processing: ^NSEBANK
2026-07-21 12:11:13,553 - INFO -   ^NSEBANK: 1869 rows stored in DB
2026-07-21 12:11:13,553 - INFO - Processing: ^BSESN
2026-07-21 12:11:14,438 - INFO -   ^BSESN: 1874 rows stored in DB
2026-07-21 12:11:14,438 - INFO - Processing: ^NSEMDCP50
2026-07-21 12:11:15,450 - INFO -   ^NSEMDCP50: 1869 rows stored in DB
2026-07-21 12:11:15,450 - INFO - Processing: NIFTY_FIN_SERVICE.NS
2026-07-21 12:11:16,415 - INFO -   NIFTY_FIN_SERVICE.NS: 1869 rows stored in DB
2026-07-21 12:11:16,477 - INFO - README updated.
2026-07-21 12:11:16,477 - INFO - All done.
2026-07-22 05:51:18,570 - INFO - Processing 25 symbols
2026-07-22 05:51:18,570 - INFO - Processing: RELIANCE.NS
2026-07-22 05:51:19,580 - INFO -   RELIANCE.NS: 1626 rows stored in DB
2026-07-22 05:51:19,580 - INFO - Processing: HDFCBANK.NS
2026-07-22 05:51:20,467 - INFO -   HDFCBANK.NS: 1626 rows stored in DB
2026-07-22 05:51:20,467 - INFO - Processing: ICICIBANK.NS
2026-07-22 05:51:21,317 - INFO -   ICICIBANK.NS: 1626 rows stored in DB
2026-07-22 05:51:21,317 - INFO - Processing: INFY.NS
2026-07-22 05:51:22,199 - INFO -   INFY.NS: 1626 rows stored in DB
2026-07-22 05:51:22,199 - INFO - Processing: TCS.NS
2026-07-22 05:51:23,097 - INFO -   TCS.NS: 1626 rows stored in DB
2026-07-22 05:51:23,097 - INFO - Processing: ITC.NS
2026-07-22 05:51:23,976 - INFO -   ITC.NS: 1626 rows stored in DB
2026-07-22 05:51:23,976 - INFO - Processing: HINDUNILVR.NS
2026-07-22 05:51:24,834 - INFO -   HINDUNILVR.NS: 1626 rows stored in DB
2026-07-22 05:51:24,835 - INFO - Processing: SBIN.NS
2026-07-22 05:51:25,702 - INFO -   SBIN.NS: 1626 rows stored in DB
2026-07-22 05:51:25,702 - INFO - Processing: BHARTIARTL.NS
2026-07-22 05:51:26,565 - INFO -   BHARTIARTL.NS: 1626 rows stored in DB
2026-07-22 05:51:26,565 - INFO - Processing: KOTAKBANK.NS
2026-07-22 05:51:27,444 - INFO -   KOTAKBANK.NS: 1626 rows stored in DB
2026-07-22 05:51:27,444 - INFO - Processing: LT.NS
2026-07-22 05:51:28,317 - INFO -   LT.NS: 1626 rows stored in DB
2026-07-22 05:51:28,317 - INFO - Processing: AXISBANK.NS
2026-07-22 05:51:29,186 - INFO -   AXISBANK.NS: 1626 rows stored in DB
2026-07-22 05:51:29,187 - INFO - Processing: BAJFINANCE.NS
2026-07-22 05:51:30,035 - INFO -   BAJFINANCE.NS: 1626 rows stored in DB
2026-07-22 05:51:30,035 - INFO - Processing: ASIANPAINT.NS
2026-07-22 05:51:30,960 - INFO -   ASIANPAINT.NS: 1626 rows stored in DB
2026-07-22 05:51:30,960 - INFO - Processing: MARUTI.NS
2026-07-22 05:51:31,813 - INFO -   MARUTI.NS: 1626 rows stored in DB
2026-07-22 05:51:31,814 - INFO - Processing: SUNPHARMA.NS
2026-07-22 05:51:32,724 - INFO -   SUNPHARMA.NS: 1626 rows stored in DB
2026-07-22 05:51:32,724 - INFO - Processing: WIPRO.NS
2026-07-22 05:51:33,611 - INFO -   WIPRO.NS: 1626 rows stored in DB
2026-07-22 05:51:33,612 - INFO - Processing: POWERGRID.NS
2026-07-22 05:51:34,471 - INFO -   POWERGRID.NS: 1626 rows stored in DB
2026-07-22 05:51:34,471 - INFO - Processing: NTPC.NS
2026-07-22 05:51:35,357 - INFO -   NTPC.NS: 1626 rows stored in DB
2026-07-22 05:51:35,357 - INFO - Processing: ONGC.NS
2026-07-22 05:51:36,233 - INFO -   ONGC.NS: 1626 rows stored in DB
2026-07-22 05:51:36,233 - INFO - Processing: ^NSEI
2026-07-22 05:51:36,974 - INFO -   ^NSEI: 1621 rows stored in DB
2026-07-22 05:51:36,974 - INFO - Processing: ^NSEBANK
2026-07-22 05:51:37,718 - INFO -   ^NSEBANK: 1621 rows stored in DB
2026-07-22 05:51:37,718 - INFO - Processing: ^BSESN
2026-07-22 05:51:38,461 - INFO -   ^BSESN: 1611 rows stored in DB
2026-07-22 05:51:38,461 - INFO - Processing: ^NSEMDCP50
2026-07-22 05:51:39,220 - INFO -   ^NSEMDCP50: 1621 rows stored in DB
2026-07-22 05:51:39,220 - INFO - Processing: NIFTY_FIN_SERVICE.NS
2026-07-22 05:51:39,978 - INFO -   NIFTY_FIN_SERVICE.NS: 1621 rows stored in DB
2026-07-22 05:51:40,039 - INFO - README updated.
2026-07-22 05:51:40,040 - INFO - All done.
2026-07-22 08:08:10,472 - INFO - Processing 25 symbols
2026-07-22 08:08:10,473 - INFO - Processing: RELIANCE.NS
2026-07-22 08:08:11,851 - INFO -   RELIANCE.NS: 1763 rows stored in DB
2026-07-22 08:08:11,851 - INFO - Processing: HDFCBANK.NS
2026-07-22 08:08:12,896 - INFO -   HDFCBANK.NS: 1763 rows stored in DB
2026-07-22 08:08:12,897 - INFO - Processing: ICICIBANK.NS
2026-07-22 08:08:13,993 - INFO -   ICICIBANK.NS: 1763 rows stored in DB
2026-07-22 08:08:13,993 - INFO - Processing: INFY.NS
2026-07-22 08:08:15,026 - INFO -   INFY.NS: 1763 rows stored in DB
2026-07-22 08:08:15,027 - INFO - Processing: TCS.NS
2026-07-22 08:08:16,059 - INFO -   TCS.NS: 1763 rows stored in DB
2026-07-22 08:08:16,059 - INFO - Processing: ITC.NS
2026-07-22 08:08:17,062 - INFO -   ITC.NS: 1763 rows stored in DB
2026-07-22 08:08:17,063 - INFO - Processing: HINDUNILVR.NS
2026-07-22 08:08:18,046 - INFO -   HINDUNILVR.NS: 1763 rows stored in DB
2026-07-22 08:08:18,046 - INFO - Processing: SBIN.NS
2026-07-22 08:08:19,033 - INFO -   SBIN.NS: 1763 rows stored in DB
2026-07-22 08:08:19,033 - INFO - Processing: BHARTIARTL.NS
2026-07-22 08:08:19,942 - INFO -   BHARTIARTL.NS: 1763 rows stored in DB
2026-07-22 08:08:19,942 - INFO - Processing: KOTAKBANK.NS
2026-07-22 08:08:20,932 - INFO -   KOTAKBANK.NS: 1763 rows stored in DB
2026-07-22 08:08:20,932 - INFO - Processing: LT.NS
2026-07-22 08:08:21,885 - INFO -   LT.NS: 1763 rows stored in DB
2026-07-22 08:08:21,885 - INFO - Processing: AXISBANK.NS
2026-07-22 08:08:22,916 - INFO -   AXISBANK.NS: 1763 rows stored in DB
2026-07-22 08:08:22,916 - INFO - Processing: BAJFINANCE.NS
2026-07-22 08:08:24,049 - INFO -   BAJFINANCE.NS: 1763 rows stored in DB
2026-07-22 08:08:24,050 - INFO - Processing: ASIANPAINT.NS
2026-07-22 08:08:24,990 - INFO -   ASIANPAINT.NS: 1762 rows stored in DB
2026-07-22 08:08:24,990 - INFO - Processing: MARUTI.NS
2026-07-22 08:08:25,937 - INFO -   MARUTI.NS: 1763 rows stored in DB
2026-07-22 08:08:25,937 - INFO - Processing: SUNPHARMA.NS
2026-07-22 08:08:27,081 - INFO -   SUNPHARMA.NS: 1763 rows stored in DB
2026-07-22 08:08:27,081 - INFO - Processing: WIPRO.NS
2026-07-22 08:08:28,024 - INFO -   WIPRO.NS: 1763 rows stored in DB
2026-07-22 08:08:28,024 - INFO - Processing: POWERGRID.NS
2026-07-22 08:08:29,066 - INFO -   POWERGRID.NS: 1763 rows stored in DB
2026-07-22 08:08:29,066 - INFO - Processing: NTPC.NS
2026-07-22 08:08:30,178 - INFO -   NTPC.NS: 1763 rows stored in DB
2026-07-22 08:08:30,179 - INFO - Processing: ONGC.NS
2026-07-22 08:08:31,152 - INFO -   ONGC.NS: 1763 rows stored in DB
2026-07-22 08:08:31,153 - INFO - Processing: ^NSEI
2026-07-22 08:08:32,060 - INFO -   ^NSEI: 1758 rows stored in DB
2026-07-22 08:08:32,060 - INFO - Processing: ^NSEBANK
2026-07-22 08:08:32,985 - INFO -   ^NSEBANK: 1758 rows stored in DB
2026-07-22 08:08:32,985 - INFO - Processing: ^BSESN
2026-07-22 08:08:33,925 - INFO -   ^BSESN: 1748 rows stored in DB
2026-07-22 08:08:33,925 - INFO - Processing: ^NSEMDCP50
2026-07-22 08:08:34,899 - INFO -   ^NSEMDCP50: 1758 rows stored in DB
2026-07-22 08:08:34,899 - INFO - Processing: NIFTY_FIN_SERVICE.NS
2026-07-22 08:08:35,830 - INFO -   NIFTY_FIN_SERVICE.NS: 1758 rows stored in DB
2026-07-22 08:08:35,892 - INFO - README updated.
2026-07-22 08:08:35,892 - INFO - All done.
2026-07-22 10:33:44,061 - INFO - Processing 25 symbols
2026-07-22 10:33:44,061 - INFO - Processing: RELIANCE.NS
2026-07-22 10:33:45,707 - INFO -   RELIANCE.NS: 1874 rows stored in DB
2026-07-22 10:33:45,707 - INFO - Processing: HDFCBANK.NS
2026-07-22 10:33:46,997 - INFO -   HDFCBANK.NS: 1874 rows stored in DB
2026-07-22 10:33:46,997 - INFO - Processing: ICICIBANK.NS
2026-07-22 10:33:48,356 - INFO -   ICICIBANK.NS: 1874 rows stored in DB
2026-07-22 10:33:48,356 - INFO - Processing: INFY.NS
2026-07-22 10:33:49,827 - INFO -   INFY.NS: 1874 rows stored in DB
2026-07-22 10:33:49,827 - INFO - Processing: TCS.NS
2026-07-22 10:33:51,107 - INFO -   TCS.NS: 1874 rows stored in DB
2026-07-22 10:33:51,107 - INFO - Processing: ITC.NS
2026-07-22 10:33:52,474 - INFO -   ITC.NS: 1874 rows stored in DB
2026-07-22 10:33:52,474 - INFO - Processing: HINDUNILVR.NS
2026-07-22 10:33:53,784 - INFO -   HINDUNILVR.NS: 1874 rows stored in DB
2026-07-22 10:33:53,785 - INFO - Processing: SBIN.NS
2026-07-22 10:33:55,044 - INFO -   SBIN.NS: 1874 rows stored in DB
2026-07-22 10:33:55,044 - INFO - Processing: BHARTIARTL.NS
2026-07-22 10:33:56,446 - INFO -   BHARTIARTL.NS: 1874 rows stored in DB
2026-07-22 10:33:56,446 - INFO - Processing: KOTAKBANK.NS
2026-07-22 10:33:57,670 - INFO -   KOTAKBANK.NS: 1874 rows stored in DB
2026-07-22 10:33:57,670 - INFO - Processing: LT.NS
2026-07-22 10:33:58,930 - INFO -   LT.NS: 1874 rows stored in DB
2026-07-22 10:33:58,931 - INFO - Processing: AXISBANK.NS
2026-07-22 10:34:00,215 - INFO -   AXISBANK.NS: 1874 rows stored in DB
2026-07-22 10:34:00,215 - INFO - Processing: BAJFINANCE.NS
2026-07-22 10:34:01,571 - INFO -   BAJFINANCE.NS: 1874 rows stored in DB
2026-07-22 10:34:01,571 - INFO - Processing: ASIANPAINT.NS
2026-07-22 10:34:02,811 - INFO -   ASIANPAINT.NS: 1873 rows stored in DB
2026-07-22 10:34:02,811 - INFO - Processing: MARUTI.NS
2026-07-22 10:34:04,142 - INFO -   MARUTI.NS: 1874 rows stored in DB
2026-07-22 10:34:04,143 - INFO - Processing: SUNPHARMA.NS
2026-07-22 10:34:05,399 - INFO -   SUNPHARMA.NS: 1874 rows stored in DB
2026-07-22 10:34:05,399 - INFO - Processing: WIPRO.NS
2026-07-22 10:34:06,677 - INFO -   WIPRO.NS: 1874 rows stored in DB
2026-07-22 10:34:06,677 - INFO - Processing: POWERGRID.NS
2026-07-22 10:34:07,899 - INFO -   POWERGRID.NS: 1874 rows stored in DB
2026-07-22 10:34:07,899 - INFO - Processing: NTPC.NS
2026-07-22 10:34:09,340 - INFO -   NTPC.NS: 1874 rows stored in DB
2026-07-22 10:34:09,340 - INFO - Processing: ONGC.NS
2026-07-22 10:34:10,570 - INFO -   ONGC.NS: 1874 rows stored in DB
2026-07-22 10:34:10,570 - INFO - Processing: ^NSEI
2026-07-22 10:34:11,707 - INFO -   ^NSEI: 1869 rows stored in DB
2026-07-22 10:34:11,707 - INFO - Processing: ^NSEBANK
2026-07-22 10:34:12,811 - INFO -   ^NSEBANK: 1869 rows stored in DB
2026-07-22 10:34:12,811 - INFO - Processing: ^BSESN
2026-07-22 10:34:13,959 - INFO -   ^BSESN: 1874 rows stored in DB
2026-07-22 10:34:13,959 - INFO - Processing: ^NSEMDCP50
2026-07-22 10:34:15,296 - INFO -   ^NSEMDCP50: 1869 rows stored in DB
2026-07-22 10:34:15,296 - INFO - Processing: NIFTY_FIN_SERVICE.NS
2026-07-22 10:34:16,389 - INFO -   NIFTY_FIN_SERVICE.NS: 1869 rows stored in DB
2026-07-22 10:34:16,450 - INFO - README updated.
2026-07-22 10:34:16,450 - INFO - All done.
2026-07-22 12:13:54,456 - INFO - Processing 25 symbols
2026-07-22 12:13:54,456 - INFO - Processing: RELIANCE.NS
2026-07-22 12:13:55,433 - INFO -   RELIANCE.NS: 1874 rows stored in DB
2026-07-22 12:13:55,433 - INFO - Processing: HDFCBANK.NS
2026-07-22 12:13:56,379 - INFO -   HDFCBANK.NS: 1874 rows stored in DB
2026-07-22 12:13:56,379 - INFO - Processing: ICICIBANK.NS
2026-07-22 12:13:57,169 - INFO -   ICICIBANK.NS: 1874 rows stored in DB
2026-07-22 12:13:57,169 - INFO - Processing: INFY.NS
2026-07-22 12:13:57,971 - INFO -   INFY.NS: 1874 rows stored in DB
2026-07-22 12:13:57,971 - INFO - Processing: TCS.NS
2026-07-22 12:13:58,771 - INFO -   TCS.NS: 1874 rows stored in DB
2026-07-22 12:13:58,772 - INFO - Processing: ITC.NS
2026-07-22 12:13:59,594 - INFO -   ITC.NS: 1874 rows stored in DB
2026-07-22 12:13:59,595 - INFO - Processing: HINDUNILVR.NS
2026-07-22 12:14:00,411 - INFO -   HINDUNILVR.NS: 1874 rows stored in DB
2026-07-22 12:14:00,411 - INFO - Processing: SBIN.NS
2026-07-22 12:14:01,219 - INFO -   SBIN.NS: 1874 rows stored in DB
2026-07-22 12:14:01,219 - INFO - Processing: BHARTIARTL.NS
2026-07-22 12:14:02,025 - INFO -   BHARTIARTL.NS: 1874 rows stored in DB
2026-07-22 12:14:02,026 - INFO - Processing: KOTAKBANK.NS
2026-07-22 12:14:02,965 - INFO -   KOTAKBANK.NS: 1874 rows stored in DB
2026-07-22 12:14:02,965 - INFO - Processing: LT.NS
2026-07-22 12:14:03,776 - INFO -   LT.NS: 1874 rows stored in DB
2026-07-22 12:14:03,777 - INFO - Processing: AXISBANK.NS
2026-07-22 12:14:04,608 - INFO -   AXISBANK.NS: 1874 rows stored in DB
2026-07-22 12:14:04,609 - INFO - Processing: BAJFINANCE.NS
2026-07-22 12:14:05,477 - INFO -   BAJFINANCE.NS: 1874 rows stored in DB
2026-07-22 12:14:05,477 - INFO - Processing: ASIANPAINT.NS
2026-07-22 12:14:06,280 - INFO -   ASIANPAINT.NS: 1873 rows stored in DB
2026-07-22 12:14:06,280 - INFO - Processing: MARUTI.NS
2026-07-22 12:14:07,117 - INFO -   MARUTI.NS: 1874 rows stored in DB
2026-07-22 12:14:07,118 - INFO - Processing: SUNPHARMA.NS
2026-07-22 12:14:07,958 - INFO -   SUNPHARMA.NS: 1874 rows stored in DB
2026-07-22 12:14:07,958 - INFO - Processing: WIPRO.NS
2026-07-22 12:14:08,764 - INFO -   WIPRO.NS: 1874 rows stored in DB
2026-07-22 12:14:08,764 - INFO - Processing: POWERGRID.NS
2026-07-22 12:14:09,580 - INFO -   POWERGRID.NS: 1874 rows stored in DB
2026-07-22 12:14:09,580 - INFO - Processing: NTPC.NS
2026-07-22 12:14:10,381 - INFO -   NTPC.NS: 1874 rows stored in DB
2026-07-22 12:14:10,381 - INFO - Processing: ONGC.NS
2026-07-22 12:14:11,213 - INFO -   ONGC.NS: 1874 rows stored in DB
2026-07-22 12:14:11,213 - INFO - Processing: ^NSEI
2026-07-22 12:14:11,907 - INFO -   ^NSEI: 1869 rows stored in DB
2026-07-22 12:14:11,907 - INFO - Processing: ^NSEBANK
2026-07-22 12:14:12,593 - INFO -   ^NSEBANK: 1869 rows stored in DB
2026-07-22 12:14:12,594 - INFO - Processing: ^BSESN
2026-07-22 12:14:13,308 - INFO -   ^BSESN: 1874 rows stored in DB
2026-07-22 12:14:13,308 - INFO - Processing: ^NSEMDCP50
2026-07-22 12:14:13,985 - INFO -   ^NSEMDCP50: 1869 rows stored in DB
2026-07-22 12:14:13,985 - INFO - Processing: NIFTY_FIN_SERVICE.NS
2026-07-22 12:14:14,718 - INFO -   NIFTY_FIN_SERVICE.NS: 1869 rows stored in DB
2026-07-22 12:14:14,776 - INFO - README updated.
2026-07-22 12:14:14,776 - INFO - All done.
2026-07-23 05:55:19,806 - INFO - Processing 25 symbols
2026-07-23 05:55:19,806 - INFO - Processing: RELIANCE.NS
2026-07-23 05:55:20,834 - INFO -   RELIANCE.NS: 1630 rows stored in DB
2026-07-23 05:55:20,834 - INFO - Processing: HDFCBANK.NS
2026-07-23 05:55:21,724 - INFO -   HDFCBANK.NS: 1630 rows stored in DB
2026-07-23 05:55:21,724 - INFO - Processing: ICICIBANK.NS
2026-07-23 05:55:22,600 - INFO -   ICICIBANK.NS: 1630 rows stored in DB
2026-07-23 05:55:22,600 - INFO - Processing: INFY.NS
2026-07-23 05:55:23,486 - INFO -   INFY.NS: 1630 rows stored in DB
2026-07-23 05:55:23,486 - INFO - Processing: TCS.NS
2026-07-23 05:55:24,374 - INFO -   TCS.NS: 1630 rows stored in DB
2026-07-23 05:55:24,374 - INFO - Processing: ITC.NS
2026-07-23 05:55:25,250 - INFO -   ITC.NS: 1630 rows stored in DB
2026-07-23 05:55:25,250 - INFO - Processing: HINDUNILVR.NS
2026-07-23 05:55:26,125 - INFO -   HINDUNILVR.NS: 1630 rows stored in DB
2026-07-23 05:55:26,125 - INFO - Processing: SBIN.NS
2026-07-23 05:55:27,014 - INFO -   SBIN.NS: 1630 rows stored in DB
2026-07-23 05:55:27,014 - INFO - Processing: BHARTIARTL.NS
2026-07-23 05:55:27,858 - INFO -   BHARTIARTL.NS: 1630 rows stored in DB
2026-07-23 05:55:27,858 - INFO - Processing: KOTAKBANK.NS
2026-07-23 05:55:28,733 - INFO -   KOTAKBANK.NS: 1630 rows stored in DB
2026-07-23 05:55:28,733 - INFO - Processing: LT.NS
2026-07-23 05:55:29,595 - INFO -   LT.NS: 1630 rows stored in DB
2026-07-23 05:55:29,595 - INFO - Processing: AXISBANK.NS
2026-07-23 05:55:30,460 - INFO -   AXISBANK.NS: 1630 rows stored in DB
2026-07-23 05:55:30,460 - INFO - Processing: BAJFINANCE.NS
2026-07-23 05:55:31,332 - INFO -   BAJFINANCE.NS: 1630 rows stored in DB
2026-07-23 05:55:31,332 - INFO - Processing: ASIANPAINT.NS
2026-07-23 05:55:32,216 - INFO -   ASIANPAINT.NS: 1629 rows stored in DB
2026-07-23 05:55:32,216 - INFO - Processing: MARUTI.NS
2026-07-23 05:55:33,065 - INFO -   MARUTI.NS: 1630 rows stored in DB
2026-07-23 05:55:33,065 - INFO - Processing: SUNPHARMA.NS
2026-07-23 05:55:33,951 - INFO -   SUNPHARMA.NS: 1630 rows stored in DB
2026-07-23 05:55:33,951 - INFO - Processing: WIPRO.NS
2026-07-23 05:55:34,834 - INFO -   WIPRO.NS: 1630 rows stored in DB
2026-07-23 05:55:34,834 - INFO - Processing: POWERGRID.NS
2026-07-23 05:55:35,749 - INFO -   POWERGRID.NS: 1630 rows stored in DB
2026-07-23 05:55:35,749 - INFO - Processing: NTPC.NS
2026-07-23 05:55:36,608 - INFO -   NTPC.NS: 1630 rows stored in DB
2026-07-23 05:55:36,608 - INFO - Processing: ONGC.NS
2026-07-23 05:55:37,464 - INFO -   ONGC.NS: 1630 rows stored in DB
2026-07-23 05:55:37,465 - INFO - Processing: ^NSEI
2026-07-23 05:55:38,243 - INFO -   ^NSEI: 1630 rows stored in DB
2026-07-23 05:55:38,243 - INFO - Processing: ^NSEBANK
2026-07-23 05:55:39,006 - INFO -   ^NSEBANK: 1630 rows stored in DB
2026-07-23 05:55:39,007 - INFO - Processing: ^BSESN
2026-07-23 05:55:39,759 - INFO -   ^BSESN: 1615 rows stored in DB
2026-07-23 05:55:39,759 - INFO - Processing: ^NSEMDCP50
2026-07-23 05:55:40,531 - INFO -   ^NSEMDCP50: 1630 rows stored in DB
2026-07-23 05:55:40,531 - INFO - Processing: NIFTY_FIN_SERVICE.NS
2026-07-23 05:55:41,309 - INFO -   NIFTY_FIN_SERVICE.NS: 1630 rows stored in DB
2026-07-23 05:55:41,371 - INFO - README updated.
2026-07-23 05:55:41,371 - INFO - All done.
2026-07-23 08:31:31,409 - INFO - Processing 25 symbols
2026-07-23 08:31:31,409 - INFO - Processing: RELIANCE.NS
2026-07-23 08:31:32,714 - INFO -   RELIANCE.NS: 1786 rows stored in DB
2026-07-23 08:31:32,714 - INFO - Processing: HDFCBANK.NS
2026-07-23 08:31:33,625 - INFO -   HDFCBANK.NS: 1786 rows stored in DB
2026-07-23 08:31:33,625 - INFO - Processing: ICICIBANK.NS
2026-07-23 08:31:34,644 - INFO -   ICICIBANK.NS: 1786 rows stored in DB
2026-07-23 08:31:34,644 - INFO - Processing: INFY.NS
2026-07-23 08:31:35,571 - INFO -   INFY.NS: 1786 rows stored in DB
2026-07-23 08:31:35,571 - INFO - Processing: TCS.NS
2026-07-23 08:31:36,733 - INFO -   TCS.NS: 1786 rows stored in DB
2026-07-23 08:31:36,734 - INFO - Processing: ITC.NS
2026-07-23 08:31:37,673 - INFO -   ITC.NS: 1786 rows stored in DB
2026-07-23 08:31:37,673 - INFO - Processing: HINDUNILVR.NS
2026-07-23 08:31:39,097 - INFO -   HINDUNILVR.NS: 1786 rows stored in DB
2026-07-23 08:31:39,097 - INFO - Processing: SBIN.NS
2026-07-23 08:31:40,048 - INFO -   SBIN.NS: 1786 rows stored in DB
2026-07-23 08:31:40,049 - INFO - Processing: BHARTIARTL.NS
2026-07-23 08:31:41,084 - INFO -   BHARTIARTL.NS: 1786 rows stored in DB
2026-07-23 08:31:41,084 - INFO - Processing: KOTAKBANK.NS
2026-07-23 08:31:41,967 - INFO -   KOTAKBANK.NS: 1786 rows stored in DB
2026-07-23 08:31:41,967 - INFO - Processing: LT.NS
2026-07-23 08:31:42,885 - INFO -   LT.NS: 1786 rows stored in DB
2026-07-23 08:31:42,885 - INFO - Processing: AXISBANK.NS
2026-07-23 08:31:43,756 - INFO -   AXISBANK.NS: 1786 rows stored in DB
2026-07-23 08:31:43,756 - INFO - Processing: BAJFINANCE.NS
2026-07-23 08:31:44,707 - INFO -   BAJFINANCE.NS: 1786 rows stored in DB
2026-07-23 08:31:44,707 - INFO - Processing: ASIANPAINT.NS
2026-07-23 08:31:45,587 - INFO -   ASIANPAINT.NS: 1785 rows stored in DB
2026-07-23 08:31:45,587 - INFO - Processing: MARUTI.NS
2026-07-23 08:31:46,616 - INFO -   MARUTI.NS: 1786 rows stored in DB
2026-07-23 08:31:46,617 - INFO - Processing: SUNPHARMA.NS
2026-07-23 08:31:47,629 - INFO -   SUNPHARMA.NS: 1786 rows stored in DB
2026-07-23 08:31:47,629 - INFO - Processing: WIPRO.NS
2026-07-23 08:31:49,199 - INFO -   WIPRO.NS: 1786 rows stored in DB
2026-07-23 08:31:49,199 - INFO - Processing: POWERGRID.NS
2026-07-23 08:31:50,323 - INFO -   POWERGRID.NS: 1786 rows stored in DB
2026-07-23 08:31:50,323 - INFO - Processing: NTPC.NS
2026-07-23 08:31:51,785 - INFO -   NTPC.NS: 1786 rows stored in DB
2026-07-23 08:31:51,785 - INFO - Processing: ONGC.NS
2026-07-23 08:31:53,052 - INFO -   ONGC.NS: 1786 rows stored in DB
2026-07-23 08:31:53,053 - INFO - Processing: ^NSEI
2026-07-23 08:31:53,963 - INFO -   ^NSEI: 1786 rows stored in DB
2026-07-23 08:31:53,964 - INFO - Processing: ^NSEBANK
2026-07-23 08:31:55,112 - INFO -   ^NSEBANK: 1786 rows stored in DB
2026-07-23 08:31:55,112 - INFO - Processing: ^BSESN
2026-07-23 08:31:56,242 - INFO -   ^BSESN: 1771 rows stored in DB
2026-07-23 08:31:56,243 - INFO - Processing: ^NSEMDCP50
2026-07-23 08:31:57,279 - INFO -   ^NSEMDCP50: 1786 rows stored in DB
2026-07-23 08:31:57,279 - INFO - Processing: NIFTY_FIN_SERVICE.NS
2026-07-23 08:31:58,228 - INFO -   NIFTY_FIN_SERVICE.NS: 1786 rows stored in DB
2026-07-23 08:31:58,284 - INFO - README updated.
2026-07-23 08:31:58,285 - INFO - All done.
2026-07-23 10:49:56,906 - INFO - Processing 25 symbols
2026-07-23 10:49:56,906 - INFO - Processing: RELIANCE.NS
2026-07-23 10:49:58,683 - INFO -   RELIANCE.NS: 1874 rows stored in DB
2026-07-23 10:49:58,684 - INFO - Processing: HDFCBANK.NS
2026-07-23 10:49:59,911 - INFO -   HDFCBANK.NS: 1874 rows stored in DB
2026-07-23 10:49:59,911 - INFO - Processing: ICICIBANK.NS
2026-07-23 10:50:01,230 - INFO -   ICICIBANK.NS: 1874 rows stored in DB
2026-07-23 10:50:01,230 - INFO - Processing: INFY.NS
2026-07-23 10:50:02,353 - INFO -   INFY.NS: 1874 rows stored in DB
2026-07-23 10:50:02,353 - INFO - Processing: TCS.NS
2026-07-23 10:50:03,516 - INFO -   TCS.NS: 1874 rows stored in DB
2026-07-23 10:50:03,516 - INFO - Processing: ITC.NS
2026-07-23 10:50:04,631 - INFO -   ITC.NS: 1874 rows stored in DB
2026-07-23 10:50:04,631 - INFO - Processing: HINDUNILVR.NS
2026-07-23 10:50:05,832 - INFO -   HINDUNILVR.NS: 1874 rows stored in DB
2026-07-23 10:50:05,832 - INFO - Processing: SBIN.NS
2026-07-23 10:50:07,006 - INFO -   SBIN.NS: 1874 rows stored in DB
2026-07-23 10:50:07,006 - INFO - Processing: BHARTIARTL.NS
2026-07-23 10:50:08,131 - INFO -   BHARTIARTL.NS: 1874 rows stored in DB
2026-07-23 10:50:08,131 - INFO - Processing: KOTAKBANK.NS
2026-07-23 10:50:09,262 - INFO -   KOTAKBANK.NS: 1874 rows stored in DB
2026-07-23 10:50:09,262 - INFO - Processing: LT.NS
2026-07-23 10:50:10,456 - INFO -   LT.NS: 1874 rows stored in DB
2026-07-23 10:50:10,456 - INFO - Processing: AXISBANK.NS
2026-07-23 10:50:11,568 - INFO -   AXISBANK.NS: 1874 rows stored in DB
2026-07-23 10:50:11,568 - INFO - Processing: BAJFINANCE.NS
2026-07-23 10:50:12,770 - INFO -   BAJFINANCE.NS: 1874 rows stored in DB
2026-07-23 10:50:12,770 - INFO - Processing: ASIANPAINT.NS
2026-07-23 10:50:13,912 - INFO -   ASIANPAINT.NS: 1873 rows stored in DB
2026-07-23 10:50:13,912 - INFO - Processing: MARUTI.NS
2026-07-23 10:50:15,057 - INFO -   MARUTI.NS: 1874 rows stored in DB
2026-07-23 10:50:15,057 - INFO - Processing: SUNPHARMA.NS
2026-07-23 10:50:16,242 - INFO -   SUNPHARMA.NS: 1874 rows stored in DB
2026-07-23 10:50:16,242 - INFO - Processing: WIPRO.NS
2026-07-23 10:50:17,405 - INFO -   WIPRO.NS: 1874 rows stored in DB
2026-07-23 10:50:17,405 - INFO - Processing: POWERGRID.NS
2026-07-23 10:50:18,602 - INFO -   POWERGRID.NS: 1874 rows stored in DB
2026-07-23 10:50:18,602 - INFO - Processing: NTPC.NS
2026-07-23 10:50:19,763 - INFO -   NTPC.NS: 1874 rows stored in DB
2026-07-23 10:50:19,764 - INFO - Processing: ONGC.NS
2026-07-23 10:50:20,979 - INFO -   ONGC.NS: 1874 rows stored in DB
2026-07-23 10:50:20,979 - INFO - Processing: ^NSEI
2026-07-23 10:50:22,076 - INFO -   ^NSEI: 1874 rows stored in DB
2026-07-23 10:50:22,076 - INFO - Processing: ^NSEBANK
2026-07-23 10:50:23,141 - INFO -   ^NSEBANK: 1874 rows stored in DB
2026-07-23 10:50:23,142 - INFO - Processing: ^BSESN
2026-07-23 10:50:24,231 - INFO -   ^BSESN: 1874 rows stored in DB
2026-07-23 10:50:24,231 - INFO - Processing: ^NSEMDCP50
2026-07-23 10:50:25,273 - INFO -   ^NSEMDCP50: 1874 rows stored in DB
2026-07-23 10:50:25,273 - INFO - Processing: NIFTY_FIN_SERVICE.NS
2026-07-23 10:50:26,353 - INFO -   NIFTY_FIN_SERVICE.NS: 1874 rows stored in DB
2026-07-23 10:50:26,409 - INFO - README updated.
2026-07-23 10:50:26,409 - INFO - All done.
2026-07-23 12:16:11,736 - INFO - Processing 25 symbols
2026-07-23 12:16:11,736 - INFO - Processing: RELIANCE.NS
2026-07-23 12:16:12,807 - INFO -   RELIANCE.NS: 1874 rows stored in DB
2026-07-23 12:16:12,807 - INFO - Processing: HDFCBANK.NS
2026-07-23 12:16:13,852 - INFO -   HDFCBANK.NS: 1874 rows stored in DB
2026-07-23 12:16:13,852 - INFO - Processing: ICICIBANK.NS
2026-07-23 12:16:14,837 - INFO -   ICICIBANK.NS: 1874 rows stored in DB
2026-07-23 12:16:14,837 - INFO - Processing: INFY.NS
2026-07-23 12:16:15,838 - INFO -   INFY.NS: 1874 rows stored in DB
2026-07-23 12:16:15,838 - INFO - Processing: TCS.NS
2026-07-23 12:16:16,833 - INFO -   TCS.NS: 1874 rows stored in DB
2026-07-23 12:16:16,833 - INFO - Processing: ITC.NS
2026-07-23 12:16:17,787 - INFO -   ITC.NS: 1874 rows stored in DB
2026-07-23 12:16:17,787 - INFO - Processing: HINDUNILVR.NS
2026-07-23 12:16:18,760 - INFO -   HINDUNILVR.NS: 1874 rows stored in DB
2026-07-23 12:16:18,760 - INFO - Processing: SBIN.NS
2026-07-23 12:16:19,700 - INFO -   SBIN.NS: 1874 rows stored in DB
2026-07-23 12:16:19,700 - INFO - Processing: BHARTIARTL.NS
2026-07-23 12:16:20,656 - INFO -   BHARTIARTL.NS: 1874 rows stored in DB
2026-07-23 12:16:20,656 - INFO - Processing: KOTAKBANK.NS
2026-07-23 12:16:21,624 - INFO -   KOTAKBANK.NS: 1874 rows stored in DB
2026-07-23 12:16:21,624 - INFO - Processing: LT.NS
2026-07-23 12:16:22,582 - INFO -   LT.NS: 1874 rows stored in DB
2026-07-23 12:16:22,582 - INFO - Processing: AXISBANK.NS
2026-07-23 12:16:23,534 - INFO -   AXISBANK.NS: 1874 rows stored in DB
2026-07-23 12:16:23,534 - INFO - Processing: BAJFINANCE.NS
2026-07-23 12:16:24,661 - INFO -   BAJFINANCE.NS: 1874 rows stored in DB
2026-07-23 12:16:24,662 - INFO - Processing: ASIANPAINT.NS
2026-07-23 12:16:25,664 - INFO -   ASIANPAINT.NS: 1873 rows stored in DB
2026-07-23 12:16:25,664 - INFO - Processing: MARUTI.NS
2026-07-23 12:16:26,673 - INFO -   MARUTI.NS: 1874 rows stored in DB
2026-07-23 12:16:26,673 - INFO - Processing: SUNPHARMA.NS
2026-07-23 12:16:27,639 - INFO -   SUNPHARMA.NS: 1874 rows stored in DB
2026-07-23 12:16:27,639 - INFO - Processing: WIPRO.NS
2026-07-23 12:16:28,699 - INFO -   WIPRO.NS: 1874 rows stored in DB
2026-07-23 12:16:28,699 - INFO - Processing: POWERGRID.NS
2026-07-23 12:16:29,639 - INFO -   POWERGRID.NS: 1874 rows stored in DB
2026-07-23 12:16:29,639 - INFO - Processing: NTPC.NS
2026-07-23 12:16:30,615 - INFO -   NTPC.NS: 1874 rows stored in DB
2026-07-23 12:16:30,615 - INFO - Processing: ONGC.NS
2026-07-23 12:16:31,627 - INFO -   ONGC.NS: 1874 rows stored in DB
2026-07-23 12:16:31,628 - INFO - Processing: ^NSEI
2026-07-23 12:16:32,491 - INFO -   ^NSEI: 1874 rows stored in DB
2026-07-23 12:16:32,491 - INFO - Processing: ^NSEBANK
2026-07-23 12:16:33,369 - INFO -   ^NSEBANK: 1874 rows stored in DB
2026-07-23 12:16:33,369 - INFO - Processing: ^BSESN
2026-07-23 12:16:34,238 - INFO -   ^BSESN: 1874 rows stored in DB
2026-07-23 12:16:34,238 - INFO - Processing: ^NSEMDCP50
2026-07-23 12:16:35,114 - INFO -   ^NSEMDCP50: 1874 rows stored in DB
2026-07-23 12:16:35,114 - INFO - Processing: NIFTY_FIN_SERVICE.NS
2026-07-23 12:16:36,418 - INFO -   NIFTY_FIN_SERVICE.NS: 1874 rows stored in DB
2026-07-23 12:16:36,480 - INFO - README updated.
2026-07-23 12:16:36,480 - INFO - All done.
2026-07-24 05:51:04,269 - INFO - Processing 25 symbols
2026-07-24 05:51:04,270 - INFO - Processing: RELIANCE.NS
2026-07-24 05:51:05,242 - INFO -   RELIANCE.NS: 1626 rows stored in DB
2026-07-24 05:51:05,242 - INFO - Processing: HDFCBANK.NS
2026-07-24 05:51:06,137 - INFO -   HDFCBANK.NS: 1626 rows stored in DB
2026-07-24 05:51:06,137 - INFO - Processing: ICICIBANK.NS
2026-07-24 05:51:06,984 - INFO -   ICICIBANK.NS: 1626 rows stored in DB
2026-07-24 05:51:06,984 - INFO - Processing: INFY.NS
2026-07-24 05:51:07,860 - INFO -   INFY.NS: 1626 rows stored in DB
2026-07-24 05:51:07,860 - INFO - Processing: TCS.NS
2026-07-24 05:51:08,733 - INFO -   TCS.NS: 1626 rows stored in DB
2026-07-24 05:51:08,733 - INFO - Processing: ITC.NS
2026-07-24 05:51:09,596 - INFO -   ITC.NS: 1626 rows stored in DB
2026-07-24 05:51:09,596 - INFO - Processing: HINDUNILVR.NS
2026-07-24 05:51:10,453 - INFO -   HINDUNILVR.NS: 1626 rows stored in DB
2026-07-24 05:51:10,453 - INFO - Processing: SBIN.NS
2026-07-24 05:51:11,323 - INFO -   SBIN.NS: 1626 rows stored in DB
2026-07-24 05:51:11,324 - INFO - Processing: BHARTIARTL.NS
2026-07-24 05:51:12,162 - INFO -   BHARTIARTL.NS: 1626 rows stored in DB
2026-07-24 05:51:12,162 - INFO - Processing: KOTAKBANK.NS
2026-07-24 05:51:13,011 - INFO -   KOTAKBANK.NS: 1626 rows stored in DB
2026-07-24 05:51:13,011 - INFO - Processing: LT.NS
2026-07-24 05:51:13,861 - INFO -   LT.NS: 1626 rows stored in DB
2026-07-24 05:51:13,861 - INFO - Processing: AXISBANK.NS
2026-07-24 05:51:14,713 - INFO -   AXISBANK.NS: 1626 rows stored in DB
2026-07-24 05:51:14,713 - INFO - Processing: BAJFINANCE.NS
2026-07-24 05:51:15,569 - INFO -   BAJFINANCE.NS: 1626 rows stored in DB
2026-07-24 05:51:15,569 - INFO - Processing: ASIANPAINT.NS
2026-07-24 05:51:16,445 - INFO -   ASIANPAINT.NS: 1625 rows stored in DB
2026-07-24 05:51:16,445 - INFO - Processing: MARUTI.NS
2026-07-24 05:51:17,296 - INFO -   MARUTI.NS: 1626 rows stored in DB
2026-07-24 05:51:17,296 - INFO - Processing: SUNPHARMA.NS
2026-07-24 05:51:18,146 - INFO -   SUNPHARMA.NS: 1626 rows stored in DB
2026-07-24 05:51:18,146 - INFO - Processing: WIPRO.NS
2026-07-24 05:51:19,016 - INFO -   WIPRO.NS: 1626 rows stored in DB
2026-07-24 05:51:19,016 - INFO - Processing: POWERGRID.NS
2026-07-24 05:51:19,919 - INFO -   POWERGRID.NS: 1626 rows stored in DB
2026-07-24 05:51:19,919 - INFO - Processing: NTPC.NS
2026-07-24 05:51:20,755 - INFO -   NTPC.NS: 1626 rows stored in DB
2026-07-24 05:51:20,755 - INFO - Processing: ONGC.NS
2026-07-24 05:51:21,624 - INFO -   ONGC.NS: 1626 rows stored in DB
2026-07-24 05:51:21,624 - INFO - Processing: ^NSEI
2026-07-24 05:51:22,346 - INFO -   ^NSEI: 1626 rows stored in DB
2026-07-24 05:51:22,346 - INFO - Processing: ^NSEBANK
2026-07-24 05:51:23,081 - INFO -   ^NSEBANK: 1626 rows stored in DB
2026-07-24 05:51:23,081 - INFO - Processing: ^BSESN
2026-07-24 05:51:23,808 - INFO -   ^BSESN: 1611 rows stored in DB
2026-07-24 05:51:23,808 - INFO - Processing: ^NSEMDCP50
2026-07-24 05:51:24,543 - INFO -   ^NSEMDCP50: 1626 rows stored in DB
2026-07-24 05:51:24,543 - INFO - Processing: NIFTY_FIN_SERVICE.NS
2026-07-24 05:51:25,308 - INFO -   NIFTY_FIN_SERVICE.NS: 1626 rows stored in DB
2026-07-24 05:51:25,369 - INFO - README updated.
2026-07-24 05:51:25,370 - INFO - All done.
2026-07-24 08:05:58,169 - INFO - Processing 25 symbols
2026-07-24 08:05:58,169 - INFO - Processing: RELIANCE.NS
2026-07-24 08:05:59,319 - INFO -   RELIANCE.NS: 1760 rows stored in DB
2026-07-24 08:05:59,319 - INFO - Processing: HDFCBANK.NS
2026-07-24 08:06:00,232 - INFO -   HDFCBANK.NS: 1760 rows stored in DB
2026-07-24 08:06:00,233 - INFO - Processing: ICICIBANK.NS
2026-07-24 08:06:01,312 - INFO -   ICICIBANK.NS: 1760 rows stored in DB
2026-07-24 08:06:01,312 - INFO - Processing: INFY.NS
2026-07-24 08:06:02,292 - INFO -   INFY.NS: 1760 rows stored in DB
2026-07-24 08:06:02,292 - INFO - Processing: TCS.NS
2026-07-24 08:06:03,293 - INFO -   TCS.NS: 1760 rows stored in DB
2026-07-24 08:06:03,293 - INFO - Processing: ITC.NS
2026-07-24 08:06:04,328 - INFO -   ITC.NS: 1761 rows stored in DB
2026-07-24 08:06:04,328 - INFO - Processing: HINDUNILVR.NS
2026-07-24 08:06:05,542 - INFO -   HINDUNILVR.NS: 1761 rows stored in DB
2026-07-24 08:06:05,542 - INFO - Processing: SBIN.NS
2026-07-24 08:06:06,674 - INFO -   SBIN.NS: 1761 rows stored in DB
2026-07-24 08:06:06,674 - INFO - Processing: BHARTIARTL.NS
2026-07-24 08:06:07,598 - INFO -   BHARTIARTL.NS: 1761 rows stored in DB
2026-07-24 08:06:07,598 - INFO - Processing: KOTAKBANK.NS
2026-07-24 08:06:08,541 - INFO -   KOTAKBANK.NS: 1761 rows stored in DB
2026-07-24 08:06:08,541 - INFO - Processing: LT.NS
2026-07-24 08:06:09,644 - INFO -   LT.NS: 1761 rows stored in DB
2026-07-24 08:06:09,644 - INFO - Processing: AXISBANK.NS
2026-07-24 08:06:10,637 - INFO -   AXISBANK.NS: 1761 rows stored in DB
2026-07-24 08:06:10,637 - INFO - Processing: BAJFINANCE.NS
2026-07-24 08:06:11,620 - INFO -   BAJFINANCE.NS: 1761 rows stored in DB
2026-07-24 08:06:11,620 - INFO - Processing: ASIANPAINT.NS
2026-07-24 08:06:12,553 - INFO -   ASIANPAINT.NS: 1760 rows stored in DB
2026-07-24 08:06:12,553 - INFO - Processing: MARUTI.NS
2026-07-24 08:06:13,566 - INFO -   MARUTI.NS: 1761 rows stored in DB
2026-07-24 08:06:13,566 - INFO - Processing: SUNPHARMA.NS
2026-07-24 08:06:14,524 - INFO -   SUNPHARMA.NS: 1761 rows stored in DB
2026-07-24 08:06:14,524 - INFO - Processing: WIPRO.NS
2026-07-24 08:06:15,532 - INFO -   WIPRO.NS: 1761 rows stored in DB
2026-07-24 08:06:15,532 - INFO - Processing: POWERGRID.NS
2026-07-24 08:06:16,575 - INFO -   POWERGRID.NS: 1761 rows stored in DB
2026-07-24 08:06:16,576 - INFO - Processing: NTPC.NS
2026-07-24 08:06:17,529 - INFO -   NTPC.NS: 1761 rows stored in DB
2026-07-24 08:06:17,529 - INFO - Processing: ONGC.NS
2026-07-24 08:06:18,512 - INFO -   ONGC.NS: 1761 rows stored in DB
2026-07-24 08:06:18,512 - INFO - Processing: ^NSEI
2026-07-24 08:06:19,502 - INFO -   ^NSEI: 1761 rows stored in DB
2026-07-24 08:06:19,503 - INFO - Processing: ^NSEBANK
2026-07-24 08:06:20,285 - INFO -   ^NSEBANK: 1761 rows stored in DB
2026-07-24 08:06:20,285 - INFO - Processing: ^BSESN
2026-07-24 08:06:21,308 - INFO -   ^BSESN: 1746 rows stored in DB
2026-07-24 08:06:21,308 - INFO - Processing: ^NSEMDCP50
2026-07-24 08:06:22,712 - INFO -   ^NSEMDCP50: 1761 rows stored in DB
2026-07-24 08:06:22,713 - INFO - Processing: NIFTY_FIN_SERVICE.NS
2026-07-24 08:06:23,675 - INFO -   NIFTY_FIN_SERVICE.NS: 1761 rows stored in DB
2026-07-24 08:06:23,719 - INFO - README updated.
2026-07-24 08:06:23,720 - INFO - All done.
2026-07-24 10:27:37,640 - INFO - Processing 25 symbols
2026-07-24 10:27:37,641 - INFO - Processing: RELIANCE.NS
2026-07-24 10:27:38,637 - INFO -   RELIANCE.NS: 1874 rows stored in DB
2026-07-24 10:27:38,637 - INFO - Processing: HDFCBANK.NS
2026-07-24 10:27:39,426 - INFO -   HDFCBANK.NS: 1874 rows stored in DB
2026-07-24 10:27:39,426 - INFO - Processing: ICICIBANK.NS
2026-07-24 10:27:40,219 - INFO -   ICICIBANK.NS: 1874 rows stored in DB
2026-07-24 10:27:40,219 - INFO - Processing: INFY.NS
2026-07-24 10:27:41,031 - INFO -   INFY.NS: 1874 rows stored in DB
2026-07-24 10:27:41,031 - INFO - Processing: TCS.NS
2026-07-24 10:27:41,868 - INFO -   TCS.NS: 1874 rows stored in DB
2026-07-24 10:27:41,868 - INFO - Processing: ITC.NS
2026-07-24 10:27:42,650 - INFO -   ITC.NS: 1874 rows stored in DB
2026-07-24 10:27:42,651 - INFO - Processing: HINDUNILVR.NS
2026-07-24 10:27:43,460 - INFO -   HINDUNILVR.NS: 1874 rows stored in DB
2026-07-24 10:27:43,460 - INFO - Processing: SBIN.NS
2026-07-24 10:27:44,298 - INFO -   SBIN.NS: 1874 rows stored in DB
2026-07-24 10:27:44,298 - INFO - Processing: BHARTIARTL.NS
2026-07-24 10:27:45,084 - INFO -   BHARTIARTL.NS: 1874 rows stored in DB
2026-07-24 10:27:45,084 - INFO - Processing: KOTAKBANK.NS
2026-07-24 10:27:45,881 - INFO -   KOTAKBANK.NS: 1873 rows stored in DB
2026-07-24 10:27:45,881 - INFO - Processing: LT.NS
2026-07-24 10:27:46,668 - INFO -   LT.NS: 1874 rows stored in DB
2026-07-24 10:27:46,668 - INFO - Processing: AXISBANK.NS
2026-07-24 10:27:47,444 - INFO -   AXISBANK.NS: 1874 rows stored in DB
2026-07-24 10:27:47,444 - INFO - Processing: BAJFINANCE.NS
2026-07-24 10:27:48,252 - INFO -   BAJFINANCE.NS: 1874 rows stored in DB
2026-07-24 10:27:48,252 - INFO - Processing: ASIANPAINT.NS
2026-07-24 10:27:49,140 - INFO -   ASIANPAINT.NS: 1873 rows stored in DB
2026-07-24 10:27:49,140 - INFO - Processing: MARUTI.NS
2026-07-24 10:27:49,923 - INFO -   MARUTI.NS: 1874 rows stored in DB
2026-07-24 10:27:49,924 - INFO - Processing: SUNPHARMA.NS
2026-07-24 10:27:50,725 - INFO -   SUNPHARMA.NS: 1874 rows stored in DB
2026-07-24 10:27:50,725 - INFO - Processing: WIPRO.NS
2026-07-24 10:27:51,516 - INFO -   WIPRO.NS: 1874 rows stored in DB
2026-07-24 10:27:51,516 - INFO - Processing: POWERGRID.NS
2026-07-24 10:27:52,287 - INFO -   POWERGRID.NS: 1874 rows stored in DB
2026-07-24 10:27:52,287 - INFO - Processing: NTPC.NS
2026-07-24 10:27:53,057 - INFO -   NTPC.NS: 1874 rows stored in DB
2026-07-24 10:27:53,057 - INFO - Processing: ONGC.NS
2026-07-24 10:27:53,871 - INFO -   ONGC.NS: 1874 rows stored in DB
2026-07-24 10:27:53,871 - INFO - Processing: ^NSEI
2026-07-24 10:27:54,563 - INFO -   ^NSEI: 1874 rows stored in DB
2026-07-24 10:27:54,563 - INFO - Processing: ^NSEBANK
2026-07-24 10:27:55,306 - INFO -   ^NSEBANK: 1874 rows stored in DB
2026-07-24 10:27:55,306 - INFO - Processing: ^BSESN
2026-07-24 10:27:56,063 - INFO -   ^BSESN: 1874 rows stored in DB
2026-07-24 10:27:56,063 - INFO - Processing: ^NSEMDCP50
2026-07-24 10:27:57,006 - INFO -   ^NSEMDCP50: 1874 rows stored in DB
2026-07-24 10:27:57,007 - INFO - Processing: NIFTY_FIN_SERVICE.NS
2026-07-24 10:27:57,699 - INFO -   NIFTY_FIN_SERVICE.NS: 1874 rows stored in DB
2026-07-24 10:27:57,757 - INFO - README updated.
2026-07-24 10:27:57,757 - INFO - All done.
2026-07-24 12:03:51,248 - INFO - Processing 25 symbols
2026-07-24 12:03:51,248 - INFO - Processing: RELIANCE.NS
2026-07-24 12:03:52,361 - INFO -   RELIANCE.NS: 1874 rows stored in DB
2026-07-24 12:03:52,362 - INFO - Processing: HDFCBANK.NS
2026-07-24 12:03:53,151 - INFO -   HDFCBANK.NS: 1874 rows stored in DB
2026-07-24 12:03:53,151 - INFO - Processing: ICICIBANK.NS
2026-07-24 12:03:53,914 - INFO -   ICICIBANK.NS: 1874 rows stored in DB
2026-07-24 12:03:53,914 - INFO - Processing: INFY.NS
2026-07-24 12:03:54,811 - INFO -   INFY.NS: 1874 rows stored in DB
2026-07-24 12:03:54,811 - INFO - Processing: TCS.NS
2026-07-24 12:03:55,718 - INFO -   TCS.NS: 1874 rows stored in DB
2026-07-24 12:03:55,718 - INFO - Processing: ITC.NS
2026-07-24 12:03:56,645 - INFO -   ITC.NS: 1874 rows stored in DB
2026-07-24 12:03:56,645 - INFO - Processing: HINDUNILVR.NS
2026-07-24 12:03:57,562 - INFO -   HINDUNILVR.NS: 1874 rows stored in DB
2026-07-24 12:03:57,562 - INFO - Processing: SBIN.NS
2026-07-24 12:03:58,449 - INFO -   SBIN.NS: 1874 rows stored in DB
2026-07-24 12:03:58,449 - INFO - Processing: BHARTIARTL.NS
2026-07-24 12:03:59,265 - INFO -   BHARTIARTL.NS: 1874 rows stored in DB
2026-07-24 12:03:59,266 - INFO - Processing: KOTAKBANK.NS
2026-07-24 12:04:00,128 - INFO -   KOTAKBANK.NS: 1873 rows stored in DB
2026-07-24 12:04:00,128 - INFO - Processing: LT.NS
2026-07-24 12:04:00,889 - INFO -   LT.NS: 1874 rows stored in DB
2026-07-24 12:04:00,889 - INFO - Processing: AXISBANK.NS
2026-07-24 12:04:01,684 - INFO -   AXISBANK.NS: 1874 rows stored in DB
2026-07-24 12:04:01,684 - INFO - Processing: BAJFINANCE.NS
2026-07-24 12:04:02,754 - INFO -   BAJFINANCE.NS: 1874 rows stored in DB
2026-07-24 12:04:02,754 - INFO - Processing: ASIANPAINT.NS
2026-07-24 12:04:03,543 - INFO -   ASIANPAINT.NS: 1873 rows stored in DB
2026-07-24 12:04:03,543 - INFO - Processing: MARUTI.NS
2026-07-24 12:04:04,381 - INFO -   MARUTI.NS: 1874 rows stored in DB
2026-07-24 12:04:04,381 - INFO - Processing: SUNPHARMA.NS
2026-07-24 12:04:05,186 - INFO -   SUNPHARMA.NS: 1874 rows stored in DB
2026-07-24 12:04:05,186 - INFO - Processing: WIPRO.NS
2026-07-24 12:04:05,965 - INFO -   WIPRO.NS: 1874 rows stored in DB
2026-07-24 12:04:05,965 - INFO - Processing: POWERGRID.NS
2026-07-24 12:04:06,986 - INFO -   POWERGRID.NS: 1874 rows stored in DB
2026-07-24 12:04:06,986 - INFO - Processing: NTPC.NS
2026-07-24 12:04:07,765 - INFO -   NTPC.NS: 1874 rows stored in DB
2026-07-24 12:04:07,766 - INFO - Processing: ONGC.NS
2026-07-24 12:04:08,624 - INFO -   ONGC.NS: 1874 rows stored in DB
2026-07-24 12:04:08,625 - INFO - Processing: ^NSEI
2026-07-24 12:04:09,308 - INFO -   ^NSEI: 1874 rows stored in DB
2026-07-24 12:04:09,308 - INFO - Processing: ^NSEBANK
2026-07-24 12:04:10,469 - INFO -   ^NSEBANK: 1874 rows stored in DB
2026-07-24 12:04:10,469 - INFO - Processing: ^BSESN
2026-07-24 12:04:11,339 - INFO -   ^BSESN: 1874 rows stored in DB
2026-07-24 12:04:11,339 - INFO - Processing: ^NSEMDCP50
2026-07-24 12:04:12,035 - INFO -   ^NSEMDCP50: 1874 rows stored in DB
2026-07-24 12:04:12,035 - INFO - Processing: NIFTY_FIN_SERVICE.NS
2026-07-24 12:04:12,788 - INFO -   NIFTY_FIN_SERVICE.NS: 1874 rows stored in DB
2026-07-24 12:04:12,841 - INFO - README updated.
2026-07-24 12:04:12,841 - INFO - All done.
2026-07-27 06:31:29,780 - INFO - Processing 25 symbols
2026-07-27 06:31:29,781 - INFO - Processing: RELIANCE.NS
2026-07-27 06:31:31,110 - INFO -   RELIANCE.NS: 1666 rows stored in DB
2026-07-27 06:31:31,110 - INFO - Processing: HDFCBANK.NS
2026-07-27 06:31:32,001 - INFO -   HDFCBANK.NS: 1666 rows stored in DB
2026-07-27 06:31:32,002 - INFO - Processing: ICICIBANK.NS
2026-07-27 06:31:32,914 - INFO -   ICICIBANK.NS: 1666 rows stored in DB
2026-07-27 06:31:32,914 - INFO - Processing: INFY.NS
2026-07-27 06:31:33,808 - INFO -   INFY.NS: 1666 rows stored in DB
2026-07-27 06:31:33,808 - INFO - Processing: TCS.NS
2026-07-27 06:31:34,700 - INFO -   TCS.NS: 1665 rows stored in DB
2026-07-27 06:31:34,700 - INFO - Processing: ITC.NS
2026-07-27 06:31:35,596 - INFO -   ITC.NS: 1666 rows stored in DB
2026-07-27 06:31:35,596 - INFO - Processing: HINDUNILVR.NS
2026-07-27 06:31:36,507 - INFO -   HINDUNILVR.NS: 1666 rows stored in DB
2026-07-27 06:31:36,507 - INFO - Processing: SBIN.NS
2026-07-27 06:31:37,411 - INFO -   SBIN.NS: 1666 rows stored in DB
2026-07-27 06:31:37,411 - INFO - Processing: BHARTIARTL.NS
2026-07-27 06:31:38,304 - INFO -   BHARTIARTL.NS: 1666 rows stored in DB
2026-07-27 06:31:38,304 - INFO - Processing: KOTAKBANK.NS
2026-07-27 06:31:39,181 - INFO -   KOTAKBANK.NS: 1666 rows stored in DB
2026-07-27 06:31:39,181 - INFO - Processing: LT.NS
2026-07-27 06:31:40,091 - INFO -   LT.NS: 1666 rows stored in DB
2026-07-27 06:31:40,091 - INFO - Processing: AXISBANK.NS
2026-07-27 06:31:40,987 - INFO -   AXISBANK.NS: 1665 rows stored in DB
2026-07-27 06:31:40,987 - INFO - Processing: BAJFINANCE.NS
2026-07-27 06:31:41,892 - INFO -   BAJFINANCE.NS: 1666 rows stored in DB
2026-07-27 06:31:41,892 - INFO - Processing: ASIANPAINT.NS
2026-07-27 06:31:42,799 - INFO -   ASIANPAINT.NS: 1666 rows stored in DB
2026-07-27 06:31:42,799 - INFO - Processing: MARUTI.NS
2026-07-27 06:31:43,691 - INFO -   MARUTI.NS: 1666 rows stored in DB
2026-07-27 06:31:43,691 - INFO - Processing: SUNPHARMA.NS
2026-07-27 06:31:44,585 - INFO -   SUNPHARMA.NS: 1666 rows stored in DB
2026-07-27 06:31:44,586 - INFO - Processing: WIPRO.NS
2026-07-27 06:31:45,638 - INFO -   WIPRO.NS: 1666 rows stored in DB
2026-07-27 06:31:45,638 - INFO - Processing: POWERGRID.NS
2026-07-27 06:31:46,562 - INFO -   POWERGRID.NS: 1665 rows stored in DB
2026-07-27 06:31:46,562 - INFO - Processing: NTPC.NS
2026-07-27 06:31:47,441 - INFO -   NTPC.NS: 1666 rows stored in DB
2026-07-27 06:31:47,441 - INFO - Processing: ONGC.NS
2026-07-27 06:31:48,322 - INFO -   ONGC.NS: 1666 rows stored in DB
2026-07-27 06:31:48,322 - INFO - Processing: ^NSEI
2026-07-27 06:31:49,104 - INFO -   ^NSEI: 1666 rows stored in DB
2026-07-27 06:31:49,105 - INFO - Processing: ^NSEBANK
2026-07-27 06:31:49,907 - INFO -   ^NSEBANK: 1666 rows stored in DB
2026-07-27 06:31:49,907 - INFO - Processing: ^BSESN
2026-07-27 06:31:50,689 - INFO -   ^BSESN: 1651 rows stored in DB
2026-07-27 06:31:50,689 - INFO - Processing: ^NSEMDCP50
2026-07-27 06:31:51,462 - INFO -   ^NSEMDCP50: 1666 rows stored in DB
2026-07-27 06:31:51,462 - INFO - Processing: NIFTY_FIN_SERVICE.NS
2026-07-27 06:31:52,247 - INFO -   NIFTY_FIN_SERVICE.NS: 1666 rows stored in DB
2026-07-27 06:31:52,305 - INFO - README updated.
2026-07-27 06:31:52,305 - INFO - All done.
2026-07-27 10:27:43,473 - INFO - Processing 25 symbols
2026-07-27 10:27:43,474 - INFO - Processing: RELIANCE.NS
2026-07-27 10:27:44,440 - INFO -   RELIANCE.NS: 1874 rows stored in DB
2026-07-27 10:27:44,440 - INFO - Processing: HDFCBANK.NS
2026-07-27 10:27:45,249 - INFO -   HDFCBANK.NS: 1874 rows stored in DB
2026-07-27 10:27:45,250 - INFO - Processing: ICICIBANK.NS
2026-07-27 10:27:46,034 - INFO -   ICICIBANK.NS: 1874 rows stored in DB
2026-07-27 10:27:46,034 - INFO - Processing: INFY.NS
2026-07-27 10:27:46,848 - INFO -   INFY.NS: 1874 rows stored in DB
2026-07-27 10:27:46,848 - INFO - Processing: TCS.NS
2026-07-27 10:27:47,619 - INFO -   TCS.NS: 1874 rows stored in DB
2026-07-27 10:27:47,620 - INFO - Processing: ITC.NS
2026-07-27 10:27:48,432 - INFO -   ITC.NS: 1874 rows stored in DB
2026-07-27 10:27:48,432 - INFO - Processing: HINDUNILVR.NS
2026-07-27 10:27:49,220 - INFO -   HINDUNILVR.NS: 1874 rows stored in DB
2026-07-27 10:27:49,220 - INFO - Processing: SBIN.NS
2026-07-27 10:27:50,045 - INFO -   SBIN.NS: 1874 rows stored in DB
2026-07-27 10:27:50,045 - INFO - Processing: BHARTIARTL.NS
2026-07-27 10:27:50,819 - INFO -   BHARTIARTL.NS: 1874 rows stored in DB
2026-07-27 10:27:50,819 - INFO - Processing: KOTAKBANK.NS
2026-07-27 10:27:51,591 - INFO -   KOTAKBANK.NS: 1873 rows stored in DB
2026-07-27 10:27:51,591 - INFO - Processing: LT.NS
2026-07-27 10:27:52,373 - INFO -   LT.NS: 1874 rows stored in DB
2026-07-27 10:27:52,373 - INFO - Processing: AXISBANK.NS
2026-07-27 10:27:53,181 - INFO -   AXISBANK.NS: 1874 rows stored in DB
2026-07-27 10:27:53,181 - INFO - Processing: BAJFINANCE.NS
2026-07-27 10:27:53,976 - INFO -   BAJFINANCE.NS: 1874 rows stored in DB
2026-07-27 10:27:53,976 - INFO - Processing: ASIANPAINT.NS
2026-07-27 10:27:54,789 - INFO -   ASIANPAINT.NS: 1873 rows stored in DB
2026-07-27 10:27:54,790 - INFO - Processing: MARUTI.NS
2026-07-27 10:27:55,555 - INFO -   MARUTI.NS: 1874 rows stored in DB
2026-07-27 10:27:55,555 - INFO - Processing: SUNPHARMA.NS
2026-07-27 10:27:56,350 - INFO -   SUNPHARMA.NS: 1874 rows stored in DB
2026-07-27 10:27:56,350 - INFO - Processing: WIPRO.NS
2026-07-27 10:27:57,144 - INFO -   WIPRO.NS: 1874 rows stored in DB
2026-07-27 10:27:57,144 - INFO - Processing: POWERGRID.NS
2026-07-27 10:27:57,918 - INFO -   POWERGRID.NS: 1874 rows stored in DB
2026-07-27 10:27:57,918 - INFO - Processing: NTPC.NS
2026-07-27 10:27:58,692 - INFO -   NTPC.NS: 1874 rows stored in DB
2026-07-27 10:27:58,692 - INFO - Processing: ONGC.NS
2026-07-27 10:27:59,518 - INFO -   ONGC.NS: 1874 rows stored in DB
2026-07-27 10:27:59,519 - INFO - Processing: ^NSEI
2026-07-27 10:28:00,212 - INFO -   ^NSEI: 1874 rows stored in DB
2026-07-27 10:28:00,212 - INFO - Processing: ^NSEBANK
2026-07-27 10:28:00,910 - INFO -   ^NSEBANK: 1874 rows stored in DB
2026-07-27 10:28:00,910 - INFO - Processing: ^BSESN
2026-07-27 10:28:01,624 - INFO -   ^BSESN: 1874 rows stored in DB
2026-07-27 10:28:01,624 - INFO - Processing: ^NSEMDCP50
2026-07-27 10:28:02,311 - INFO -   ^NSEMDCP50: 1874 rows stored in DB
2026-07-27 10:28:02,311 - INFO - Processing: NIFTY_FIN_SERVICE.NS
2026-07-27 10:28:03,042 - INFO -   NIFTY_FIN_SERVICE.NS: 1874 rows stored in DB
2026-07-27 10:28:03,101 - INFO - README updated.
2026-07-27 10:28:03,101 - INFO - All done.
2026-07-27 13:25:53,874 - INFO - Processing 25 symbols
2026-07-27 13:25:53,874 - INFO - Processing: RELIANCE.NS
2026-07-27 13:25:56,079 - INFO -   RELIANCE.NS: 1874 rows stored in DB
2026-07-27 13:25:56,079 - INFO - Processing: HDFCBANK.NS
2026-07-27 13:25:56,915 - INFO -   HDFCBANK.NS: 1874 rows stored in DB
2026-07-27 13:25:56,915 - INFO - Processing: ICICIBANK.NS
2026-07-27 13:25:57,773 - INFO -   ICICIBANK.NS: 1874 rows stored in DB
2026-07-27 13:25:57,773 - INFO - Processing: INFY.NS
2026-07-27 13:25:59,019 - INFO -   INFY.NS: 1874 rows stored in DB
2026-07-27 13:25:59,020 - INFO - Processing: TCS.NS
2026-07-27 13:25:59,884 - INFO -   TCS.NS: 1874 rows stored in DB
2026-07-27 13:25:59,885 - INFO - Processing: ITC.NS
2026-07-27 13:26:01,023 - INFO -   ITC.NS: 1874 rows stored in DB
2026-07-27 13:26:01,023 - INFO - Processing: HINDUNILVR.NS
2026-07-27 13:26:01,937 - INFO -   HINDUNILVR.NS: 1874 rows stored in DB
2026-07-27 13:26:01,937 - INFO - Processing: SBIN.NS
2026-07-27 13:26:02,823 - INFO -   SBIN.NS: 1874 rows stored in DB
2026-07-27 13:26:02,824 - INFO - Processing: BHARTIARTL.NS
2026-07-27 13:26:03,639 - INFO -   BHARTIARTL.NS: 1874 rows stored in DB
2026-07-27 13:26:03,639 - INFO - Processing: KOTAKBANK.NS
2026-07-27 13:26:04,512 - INFO -   KOTAKBANK.NS: 1873 rows stored in DB
2026-07-27 13:26:04,512 - INFO - Processing: LT.NS
2026-07-27 13:26:05,322 - INFO -   LT.NS: 1874 rows stored in DB
2026-07-27 13:26:05,322 - INFO - Processing: AXISBANK.NS
2026-07-27 13:26:06,340 - INFO -   AXISBANK.NS: 1873 rows stored in DB
2026-07-27 13:26:06,341 - INFO - Processing: BAJFINANCE.NS
2026-07-27 13:26:07,177 - INFO -   BAJFINANCE.NS: 1874 rows stored in DB
2026-07-27 13:26:07,177 - INFO - Processing: ASIANPAINT.NS
2026-07-27 13:26:08,118 - INFO -   ASIANPAINT.NS: 1874 rows stored in DB
2026-07-27 13:26:08,119 - INFO - Processing: MARUTI.NS
2026-07-27 13:26:09,088 - INFO -   MARUTI.NS: 1874 rows stored in DB
2026-07-27 13:26:09,088 - INFO - Processing: SUNPHARMA.NS
2026-07-27 13:26:10,047 - INFO -   SUNPHARMA.NS: 1874 rows stored in DB
2026-07-27 13:26:10,047 - INFO - Processing: WIPRO.NS
2026-07-27 13:26:10,886 - INFO -   WIPRO.NS: 1874 rows stored in DB
2026-07-27 13:26:10,887 - INFO - Processing: POWERGRID.NS
2026-07-27 13:26:11,745 - INFO -   POWERGRID.NS: 1874 rows stored in DB
2026-07-27 13:26:11,745 - INFO - Processing: NTPC.NS
2026-07-27 13:26:12,711 - INFO -   NTPC.NS: 1874 rows stored in DB
2026-07-27 13:26:12,711 - INFO - Processing: ONGC.NS
2026-07-27 13:26:13,589 - INFO -   ONGC.NS: 1874 rows stored in DB
2026-07-27 13:26:13,589 - INFO - Processing: ^NSEI
2026-07-27 13:26:14,471 - INFO -   ^NSEI: 1874 rows stored in DB
2026-07-27 13:26:14,471 - INFO - Processing: ^NSEBANK
2026-07-27 13:26:15,230 - INFO -   ^NSEBANK: 1874 rows stored in DB
2026-07-27 13:26:15,230 - INFO - Processing: ^BSESN
2026-07-27 13:26:16,032 - INFO -   ^BSESN: 1874 rows stored in DB
2026-07-27 13:26:16,032 - INFO - Processing: ^NSEMDCP50
2026-07-27 13:26:16,915 - INFO -   ^NSEMDCP50: 1874 rows stored in DB
2026-07-27 13:26:16,915 - INFO - Processing: NIFTY_FIN_SERVICE.NS
2026-07-27 13:26:17,927 - INFO -   NIFTY_FIN_SERVICE.NS: 1874 rows stored in DB
2026-07-27 13:26:17,986 - INFO - README updated.
2026-07-27 13:26:17,987 - INFO - All done.
2026-07-28 05:47:06,665 - INFO - Processing 25 symbols
2026-07-28 05:47:06,666 - INFO - Processing: RELIANCE.NS
2026-07-28 05:47:07,739 - INFO -   RELIANCE.NS: 1622 rows stored in DB
2026-07-28 05:47:07,739 - INFO - Processing: HDFCBANK.NS
2026-07-28 05:47:08,458 - INFO -   HDFCBANK.NS: 1622 rows stored in DB
2026-07-28 05:47:08,458 - INFO - Processing: ICICIBANK.NS
2026-07-28 05:47:09,157 - INFO -   ICICIBANK.NS: 1622 rows stored in DB
2026-07-28 05:47:09,157 - INFO - Processing: INFY.NS
2026-07-28 05:47:09,869 - INFO -   INFY.NS: 1622 rows stored in DB
2026-07-28 05:47:09,869 - INFO - Processing: TCS.NS
2026-07-28 05:47:10,595 - INFO -   TCS.NS: 1622 rows stored in DB
2026-07-28 05:47:10,595 - INFO - Processing: ITC.NS
2026-07-28 05:47:11,303 - INFO -   ITC.NS: 1622 rows stored in DB
2026-07-28 05:47:11,303 - INFO - Processing: HINDUNILVR.NS
2026-07-28 05:47:12,028 - INFO -   HINDUNILVR.NS: 1622 rows stored in DB
2026-07-28 05:47:12,028 - INFO - Processing: SBIN.NS
2026-07-28 05:47:12,733 - INFO -   SBIN.NS: 1622 rows stored in DB
2026-07-28 05:47:12,733 - INFO - Processing: BHARTIARTL.NS
2026-07-28 05:47:13,444 - INFO -   BHARTIARTL.NS: 1622 rows stored in DB
2026-07-28 05:47:13,444 - INFO - Processing: KOTAKBANK.NS
2026-07-28 05:47:14,159 - INFO -   KOTAKBANK.NS: 1621 rows stored in DB
2026-07-28 05:47:14,159 - INFO - Processing: LT.NS
2026-07-28 05:47:14,863 - INFO -   LT.NS: 1622 rows stored in DB
2026-07-28 05:47:14,863 - INFO - Processing: AXISBANK.NS
2026-07-28 05:47:15,672 - INFO -   AXISBANK.NS: 1622 rows stored in DB
2026-07-28 05:47:15,672 - INFO - Processing: BAJFINANCE.NS
2026-07-28 05:47:16,365 - INFO -   BAJFINANCE.NS: 1622 rows stored in DB
2026-07-28 05:47:16,365 - INFO - Processing: ASIANPAINT.NS
2026-07-28 05:47:17,068 - INFO -   ASIANPAINT.NS: 1621 rows stored in DB
2026-07-28 05:47:17,069 - INFO - Processing: MARUTI.NS
2026-07-28 05:47:17,767 - INFO -   MARUTI.NS: 1622 rows stored in DB
2026-07-28 05:47:17,767 - INFO - Processing: SUNPHARMA.NS
2026-07-28 05:47:18,514 - INFO -   SUNPHARMA.NS: 1622 rows stored in DB
2026-07-28 05:47:18,514 - INFO - Processing: WIPRO.NS
2026-07-28 05:47:19,289 - INFO -   WIPRO.NS: 1622 rows stored in DB
2026-07-28 05:47:19,289 - INFO - Processing: POWERGRID.NS
2026-07-28 05:47:20,037 - INFO -   POWERGRID.NS: 1622 rows stored in DB
2026-07-28 05:47:20,037 - INFO - Processing: NTPC.NS
2026-07-28 05:47:20,741 - INFO -   NTPC.NS: 1622 rows stored in DB
2026-07-28 05:47:20,741 - INFO - Processing: ONGC.NS
2026-07-28 05:47:21,464 - INFO -   ONGC.NS: 1622 rows stored in DB
2026-07-28 05:47:21,464 - INFO - Processing: ^NSEI
2026-07-28 05:47:22,086 - INFO -   ^NSEI: 1622 rows stored in DB
2026-07-28 05:47:22,086 - INFO - Processing: ^NSEBANK
2026-07-28 05:47:22,739 - INFO -   ^NSEBANK: 1622 rows stored in DB
2026-07-28 05:47:22,740 - INFO - Processing: ^BSESN
2026-07-28 05:47:23,363 - INFO -   ^BSESN: 1607 rows stored in DB
2026-07-28 05:47:23,363 - INFO - Processing: ^NSEMDCP50
2026-07-28 05:47:23,984 - INFO -   ^NSEMDCP50: 1622 rows stored in DB
2026-07-28 05:47:23,984 - INFO - Processing: NIFTY_FIN_SERVICE.NS
2026-07-28 05:47:24,609 - INFO -   NIFTY_FIN_SERVICE.NS: 1622 rows stored in DB
2026-07-28 05:47:24,668 - INFO - README updated.
2026-07-28 05:47:24,668 - INFO - All done.
2026-07-28 08:07:37,677 - INFO - Processing 25 symbols
2026-07-28 08:07:37,677 - INFO - Processing: RELIANCE.NS
2026-07-28 08:07:38,829 - INFO -   RELIANCE.NS: 1762 rows stored in DB
2026-07-28 08:07:38,829 - INFO - Processing: HDFCBANK.NS
2026-07-28 08:07:39,722 - INFO -   HDFCBANK.NS: 1762 rows stored in DB
2026-07-28 08:07:39,722 - INFO - Processing: ICICIBANK.NS
2026-07-28 08:07:40,634 - INFO -   ICICIBANK.NS: 1762 rows stored in DB
2026-07-28 08:07:40,634 - INFO - Processing: INFY.NS
2026-07-28 08:07:41,646 - INFO -   INFY.NS: 1762 rows stored in DB
2026-07-28 08:07:41,646 - INFO - Processing: TCS.NS
2026-07-28 08:07:42,606 - INFO -   TCS.NS: 1761 rows stored in DB
2026-07-28 08:07:42,606 - INFO - Processing: ITC.NS
2026-07-28 08:07:43,536 - INFO -   ITC.NS: 1762 rows stored in DB
2026-07-28 08:07:43,537 - INFO - Processing: HINDUNILVR.NS
2026-07-28 08:07:44,473 - INFO -   HINDUNILVR.NS: 1762 rows stored in DB
2026-07-28 08:07:44,473 - INFO - Processing: SBIN.NS
2026-07-28 08:07:45,389 - INFO -   SBIN.NS: 1762 rows stored in DB
2026-07-28 08:07:45,389 - INFO - Processing: BHARTIARTL.NS
2026-07-28 08:07:46,298 - INFO -   BHARTIARTL.NS: 1762 rows stored in DB
2026-07-28 08:07:46,299 - INFO - Processing: KOTAKBANK.NS
2026-07-28 08:07:47,209 - INFO -   KOTAKBANK.NS: 1762 rows stored in DB
2026-07-28 08:07:47,209 - INFO - Processing: LT.NS
2026-07-28 08:07:48,124 - INFO -   LT.NS: 1762 rows stored in DB
2026-07-28 08:07:48,124 - INFO - Processing: AXISBANK.NS
2026-07-28 08:07:49,053 - INFO -   AXISBANK.NS: 1761 rows stored in DB
2026-07-28 08:07:49,053 - INFO - Processing: BAJFINANCE.NS
2026-07-28 08:07:49,969 - INFO -   BAJFINANCE.NS: 1762 rows stored in DB
2026-07-28 08:07:49,969 - INFO - Processing: ASIANPAINT.NS
2026-07-28 08:07:50,895 - INFO -   ASIANPAINT.NS: 1762 rows stored in DB
2026-07-28 08:07:50,895 - INFO - Processing: MARUTI.NS
2026-07-28 08:07:51,824 - INFO -   MARUTI.NS: 1762 rows stored in DB
2026-07-28 08:07:51,824 - INFO - Processing: SUNPHARMA.NS
2026-07-28 08:07:52,826 - INFO -   SUNPHARMA.NS: 1762 rows stored in DB
2026-07-28 08:07:52,826 - INFO - Processing: WIPRO.NS
2026-07-28 08:07:53,773 - INFO -   WIPRO.NS: 1762 rows stored in DB
2026-07-28 08:07:53,773 - INFO - Processing: POWERGRID.NS
2026-07-28 08:07:54,673 - INFO -   POWERGRID.NS: 1761 rows stored in DB
2026-07-28 08:07:54,673 - INFO - Processing: NTPC.NS
2026-07-28 08:07:55,615 - INFO -   NTPC.NS: 1762 rows stored in DB
2026-07-28 08:07:55,615 - INFO - Processing: ONGC.NS
2026-07-28 08:07:56,516 - INFO -   ONGC.NS: 1762 rows stored in DB
2026-07-28 08:07:56,516 - INFO - Processing: ^NSEI
2026-07-28 08:07:57,374 - INFO -   ^NSEI: 1758 rows stored in DB
2026-07-28 08:07:57,374 - INFO - Processing: ^NSEBANK
2026-07-28 08:07:58,178 - INFO -   ^NSEBANK: 1758 rows stored in DB
2026-07-28 08:07:58,178 - INFO - Processing: ^BSESN
2026-07-28 08:07:58,968 - INFO -   ^BSESN: 1747 rows stored in DB
2026-07-28 08:07:58,968 - INFO - Processing: ^NSEMDCP50
2026-07-28 08:07:59,800 - INFO -   ^NSEMDCP50: 1758 rows stored in DB
2026-07-28 08:07:59,800 - INFO - Processing: NIFTY_FIN_SERVICE.NS
2026-07-28 08:08:00,621 - INFO -   NIFTY_FIN_SERVICE.NS: 1758 rows stored in DB
2026-07-28 08:08:00,682 - INFO - README updated.
2026-07-28 08:08:00,682 - INFO - All done.
2026-07-28 10:44:16,442 - INFO - Processing 25 symbols
2026-07-28 10:44:16,442 - INFO - Processing: RELIANCE.NS
2026-07-28 10:44:17,620 - INFO -   RELIANCE.NS: 1874 rows stored in DB
2026-07-28 10:44:17,620 - INFO - Processing: HDFCBANK.NS
2026-07-28 10:44:18,571 - INFO -   HDFCBANK.NS: 1874 rows stored in DB
2026-07-28 10:44:18,571 - INFO - Processing: ICICIBANK.NS
2026-07-28 10:44:19,567 - INFO -   ICICIBANK.NS: 1874 rows stored in DB
2026-07-28 10:44:19,568 - INFO - Processing: INFY.NS
2026-07-28 10:44:20,582 - INFO -   INFY.NS: 1874 rows stored in DB
2026-07-28 10:44:20,582 - INFO - Processing: TCS.NS
2026-07-28 10:44:21,514 - INFO -   TCS.NS: 1874 rows stored in DB
2026-07-28 10:44:21,515 - INFO - Processing: ITC.NS
2026-07-28 10:44:22,456 - INFO -   ITC.NS: 1874 rows stored in DB
2026-07-28 10:44:22,456 - INFO - Processing: HINDUNILVR.NS
2026-07-28 10:44:23,424 - INFO -   HINDUNILVR.NS: 1874 rows stored in DB
2026-07-28 10:44:23,424 - INFO - Processing: SBIN.NS
2026-07-28 10:44:24,360 - INFO -   SBIN.NS: 1874 rows stored in DB
2026-07-28 10:44:24,360 - INFO - Processing: BHARTIARTL.NS
2026-07-28 10:44:25,314 - INFO -   BHARTIARTL.NS: 1874 rows stored in DB
2026-07-28 10:44:25,314 - INFO - Processing: KOTAKBANK.NS
2026-07-28 10:44:26,283 - INFO -   KOTAKBANK.NS: 1873 rows stored in DB
2026-07-28 10:44:26,283 - INFO - Processing: LT.NS
2026-07-28 10:44:27,222 - INFO -   LT.NS: 1874 rows stored in DB
2026-07-28 10:44:27,222 - INFO - Processing: AXISBANK.NS
2026-07-28 10:44:28,208 - INFO -   AXISBANK.NS: 1874 rows stored in DB
2026-07-28 10:44:28,208 - INFO - Processing: BAJFINANCE.NS
2026-07-28 10:44:29,190 - INFO -   BAJFINANCE.NS: 1874 rows stored in DB
2026-07-28 10:44:29,190 - INFO - Processing: ASIANPAINT.NS
2026-07-28 10:44:30,230 - INFO -   ASIANPAINT.NS: 1873 rows stored in DB
2026-07-28 10:44:30,230 - INFO - Processing: MARUTI.NS
2026-07-28 10:44:31,167 - INFO -   MARUTI.NS: 1874 rows stored in DB
2026-07-28 10:44:31,167 - INFO - Processing: SUNPHARMA.NS
2026-07-28 10:44:32,139 - INFO -   SUNPHARMA.NS: 1874 rows stored in DB
2026-07-28 10:44:32,139 - INFO - Processing: WIPRO.NS
2026-07-28 10:44:33,100 - INFO -   WIPRO.NS: 1874 rows stored in DB
2026-07-28 10:44:33,100 - INFO - Processing: POWERGRID.NS
2026-07-28 10:44:34,067 - INFO -   POWERGRID.NS: 1874 rows stored in DB
2026-07-28 10:44:34,067 - INFO - Processing: NTPC.NS
2026-07-28 10:44:35,009 - INFO -   NTPC.NS: 1874 rows stored in DB
2026-07-28 10:44:35,009 - INFO - Processing: ONGC.NS
2026-07-28 10:44:35,993 - INFO -   ONGC.NS: 1874 rows stored in DB
2026-07-28 10:44:35,993 - INFO - Processing: ^NSEI
2026-07-28 10:44:36,865 - INFO -   ^NSEI: 1870 rows stored in DB
2026-07-28 10:44:36,865 - INFO - Processing: ^NSEBANK
2026-07-28 10:44:37,749 - INFO -   ^NSEBANK: 1870 rows stored in DB
2026-07-28 10:44:37,750 - INFO - Processing: ^BSESN
2026-07-28 10:44:38,653 - INFO -   ^BSESN: 1874 rows stored in DB
2026-07-28 10:44:38,654 - INFO - Processing: ^NSEMDCP50
2026-07-28 10:44:39,527 - INFO -   ^NSEMDCP50: 1870 rows stored in DB
2026-07-28 10:44:39,527 - INFO - Processing: NIFTY_FIN_SERVICE.NS
2026-07-28 10:44:40,407 - INFO -   NIFTY_FIN_SERVICE.NS: 1870 rows stored in DB
2026-07-28 10:44:40,468 - INFO - README updated.
2026-07-28 10:44:40,468 - INFO - All done.
2026-07-28 12:26:39,952 - INFO - Processing 25 symbols
2026-07-28 12:26:39,952 - INFO - Processing: RELIANCE.NS
2026-07-28 12:26:41,007 - INFO -   RELIANCE.NS: 1874 rows stored in DB
2026-07-28 12:26:41,007 - INFO - Processing: HDFCBANK.NS
2026-07-28 12:26:41,771 - INFO -   HDFCBANK.NS: 1874 rows stored in DB
2026-07-28 12:26:41,771 - INFO - Processing: ICICIBANK.NS
2026-07-28 12:26:42,530 - INFO -   ICICIBANK.NS: 1874 rows stored in DB
2026-07-28 12:26:42,531 - INFO - Processing: INFY.NS
2026-07-28 12:26:43,289 - INFO -   INFY.NS: 1874 rows stored in DB
2026-07-28 12:26:43,290 - INFO - Processing: TCS.NS
2026-07-28 12:26:44,173 - INFO -   TCS.NS: 1873 rows stored in DB
2026-07-28 12:26:44,173 - INFO - Processing: ITC.NS
2026-07-28 12:26:44,921 - INFO -   ITC.NS: 1874 rows stored in DB
2026-07-28 12:26:44,921 - INFO - Processing: HINDUNILVR.NS
2026-07-28 12:26:46,132 - INFO -   HINDUNILVR.NS: 1874 rows stored in DB
2026-07-28 12:26:46,132 - INFO - Processing: SBIN.NS
2026-07-28 12:26:47,450 - INFO -   SBIN.NS: 1874 rows stored in DB
2026-07-28 12:26:47,450 - INFO - Processing: BHARTIARTL.NS
2026-07-28 12:26:50,743 - INFO -   BHARTIARTL.NS: 1874 rows stored in DB
2026-07-28 12:26:50,743 - INFO - Processing: KOTAKBANK.NS
2026-07-28 12:26:51,699 - INFO -   KOTAKBANK.NS: 1874 rows stored in DB
2026-07-28 12:26:51,699 - INFO - Processing: LT.NS
2026-07-28 12:26:52,480 - INFO -   LT.NS: 1874 rows stored in DB
2026-07-28 12:26:52,480 - INFO - Processing: AXISBANK.NS
2026-07-28 12:26:53,222 - INFO -   AXISBANK.NS: 1873 rows stored in DB
2026-07-28 12:26:53,222 - INFO - Processing: BAJFINANCE.NS
2026-07-28 12:26:53,992 - INFO -   BAJFINANCE.NS: 1874 rows stored in DB
2026-07-28 12:26:53,992 - INFO - Processing: ASIANPAINT.NS
2026-07-28 12:26:54,731 - INFO -   ASIANPAINT.NS: 1874 rows stored in DB
2026-07-28 12:26:54,731 - INFO - Processing: MARUTI.NS
2026-07-28 12:26:55,547 - INFO -   MARUTI.NS: 1874 rows stored in DB
2026-07-28 12:26:55,547 - INFO - Processing: SUNPHARMA.NS
2026-07-28 12:26:56,551 - INFO -   SUNPHARMA.NS: 1874 rows stored in DB
2026-07-28 12:26:56,552 - INFO - Processing: WIPRO.NS
2026-07-28 12:26:57,295 - INFO -   WIPRO.NS: 1874 rows stored in DB
2026-07-28 12:26:57,295 - INFO - Processing: POWERGRID.NS
2026-07-28 12:26:58,038 - INFO -   POWERGRID.NS: 1873 rows stored in DB
2026-07-28 12:26:58,038 - INFO - Processing: NTPC.NS
2026-07-28 12:26:58,788 - INFO -   NTPC.NS: 1874 rows stored in DB
2026-07-28 12:26:58,788 - INFO - Processing: ONGC.NS
2026-07-28 12:26:59,535 - INFO -   ONGC.NS: 1874 rows stored in DB
2026-07-28 12:26:59,535 - INFO - Processing: ^NSEI
2026-07-28 12:27:00,288 - INFO -   ^NSEI: 1870 rows stored in DB
2026-07-28 12:27:00,288 - INFO - Processing: ^NSEBANK
2026-07-28 12:27:01,027 - INFO -   ^NSEBANK: 1870 rows stored in DB
2026-07-28 12:27:01,028 - INFO - Processing: ^BSESN
2026-07-28 12:27:02,098 - INFO -   ^BSESN: 1874 rows stored in DB
2026-07-28 12:27:02,098 - INFO - Processing: ^NSEMDCP50
2026-07-28 12:27:02,876 - INFO -   ^NSEMDCP50: 1870 rows stored in DB
2026-07-28 12:27:02,876 - INFO - Processing: NIFTY_FIN_SERVICE.NS
2026-07-28 12:27:03,546 - INFO -   NIFTY_FIN_SERVICE.NS: 1870 rows stored in DB
2026-07-28 12:27:03,591 - INFO - README updated.
2026-07-28 12:27:03,591 - INFO - All done.
2026-07-29 05:53:16,463 - INFO - Processing 25 symbols
2026-07-29 05:53:16,463 - INFO - Processing: RELIANCE.NS
2026-07-29 05:53:17,351 - INFO -   RELIANCE.NS: 1628 rows stored in DB
2026-07-29 05:53:17,351 - INFO - Processing: HDFCBANK.NS
2026-07-29 05:53:18,200 - INFO -   HDFCBANK.NS: 1628 rows stored in DB
2026-07-29 05:53:18,200 - INFO - Processing: ICICIBANK.NS
2026-07-29 05:53:18,922 - INFO -   ICICIBANK.NS: 1628 rows stored in DB
2026-07-29 05:53:18,922 - INFO - Processing: INFY.NS
2026-07-29 05:53:19,640 - INFO -   INFY.NS: 1628 rows stored in DB
2026-07-29 05:53:19,640 - INFO - Processing: TCS.NS
2026-07-29 05:53:20,372 - INFO -   TCS.NS: 1628 rows stored in DB
2026-07-29 05:53:20,372 - INFO - Processing: ITC.NS
2026-07-29 05:53:21,100 - INFO -   ITC.NS: 1628 rows stored in DB
2026-07-29 05:53:21,101 - INFO - Processing: HINDUNILVR.NS
2026-07-29 05:53:21,805 - INFO -   HINDUNILVR.NS: 1628 rows stored in DB
2026-07-29 05:53:21,805 - INFO - Processing: SBIN.NS
2026-07-29 05:53:22,501 - INFO -   SBIN.NS: 1628 rows stored in DB
2026-07-29 05:53:22,501 - INFO - Processing: BHARTIARTL.NS
2026-07-29 05:53:23,218 - INFO -   BHARTIARTL.NS: 1628 rows stored in DB
2026-07-29 05:53:23,218 - INFO - Processing: KOTAKBANK.NS
2026-07-29 05:53:23,919 - INFO -   KOTAKBANK.NS: 1627 rows stored in DB
2026-07-29 05:53:23,919 - INFO - Processing: LT.NS
2026-07-29 05:53:24,624 - INFO -   LT.NS: 1628 rows stored in DB
2026-07-29 05:53:24,625 - INFO - Processing: AXISBANK.NS
2026-07-29 05:53:25,334 - INFO -   AXISBANK.NS: 1628 rows stored in DB
2026-07-29 05:53:25,334 - INFO - Processing: BAJFINANCE.NS
2026-07-29 05:53:26,043 - INFO -   BAJFINANCE.NS: 1628 rows stored in DB
2026-07-29 05:53:26,043 - INFO - Processing: ASIANPAINT.NS
2026-07-29 05:53:26,758 - INFO -   ASIANPAINT.NS: 1628 rows stored in DB
2026-07-29 05:53:26,758 - INFO - Processing: MARUTI.NS
2026-07-29 05:53:27,492 - INFO -   MARUTI.NS: 1628 rows stored in DB
2026-07-29 05:53:27,492 - INFO - Processing: SUNPHARMA.NS
2026-07-29 05:53:28,220 - INFO -   SUNPHARMA.NS: 1628 rows stored in DB
2026-07-29 05:53:28,220 - INFO - Processing: WIPRO.NS
2026-07-29 05:53:28,947 - INFO -   WIPRO.NS: 1628 rows stored in DB
2026-07-29 05:53:28,947 - INFO - Processing: POWERGRID.NS
2026-07-29 05:53:29,719 - INFO -   POWERGRID.NS: 1628 rows stored in DB
2026-07-29 05:53:29,720 - INFO - Processing: NTPC.NS
2026-07-29 05:53:30,431 - INFO -   NTPC.NS: 1628 rows stored in DB
2026-07-29 05:53:30,431 - INFO - Processing: ONGC.NS
2026-07-29 05:53:31,196 - INFO -   ONGC.NS: 1628 rows stored in DB
2026-07-29 05:53:31,197 - INFO - Processing: ^NSEI
2026-07-29 05:53:31,887 - INFO -   ^NSEI: 1624 rows stored in DB
2026-07-29 05:53:31,887 - INFO - Processing: ^NSEBANK
2026-07-29 05:53:32,556 - INFO -   ^NSEBANK: 1624 rows stored in DB
2026-07-29 05:53:32,556 - INFO - Processing: ^BSESN
2026-07-29 05:53:33,166 - INFO -   ^BSESN: 1613 rows stored in DB
2026-07-29 05:53:33,167 - INFO - Processing: ^NSEMDCP50
2026-07-29 05:53:33,790 - INFO -   ^NSEMDCP50: 1624 rows stored in DB
2026-07-29 05:53:33,790 - INFO - Processing: NIFTY_FIN_SERVICE.NS
2026-07-29 05:53:34,431 - INFO -   NIFTY_FIN_SERVICE.NS: 1624 rows stored in DB
2026-07-29 05:53:34,490 - INFO - README updated.
2026-07-29 05:53:34,490 - INFO - All done.
2026-07-29 08:31:39,166 - INFO - Processing 25 symbols
2026-07-29 08:31:39,166 - INFO - Processing: RELIANCE.NS
2026-07-29 08:31:40,428 - INFO -   RELIANCE.NS: 1786 rows stored in DB
2026-07-29 08:31:40,428 - INFO - Processing: HDFCBANK.NS
2026-07-29 08:31:41,361 - INFO -   HDFCBANK.NS: 1786 rows stored in DB
2026-07-29 08:31:41,361 - INFO - Processing: ICICIBANK.NS
2026-07-29 08:31:42,304 - INFO -   ICICIBANK.NS: 1786 rows stored in DB
2026-07-29 08:31:42,305 - INFO - Processing: INFY.NS
2026-07-29 08:31:43,331 - INFO -   INFY.NS: 1786 rows stored in DB
2026-07-29 08:31:43,332 - INFO - Processing: TCS.NS
2026-07-29 08:31:44,329 - INFO -   TCS.NS: 1786 rows stored in DB
2026-07-29 08:31:44,329 - INFO - Processing: ITC.NS
2026-07-29 08:31:45,261 - INFO -   ITC.NS: 1786 rows stored in DB
2026-07-29 08:31:45,261 - INFO - Processing: HINDUNILVR.NS
2026-07-29 08:31:46,198 - INFO -   HINDUNILVR.NS: 1786 rows stored in DB
2026-07-29 08:31:46,198 - INFO - Processing: SBIN.NS
2026-07-29 08:31:47,156 - INFO -   SBIN.NS: 1786 rows stored in DB
2026-07-29 08:31:47,156 - INFO - Processing: BHARTIARTL.NS
2026-07-29 08:31:48,128 - INFO -   BHARTIARTL.NS: 1786 rows stored in DB
2026-07-29 08:31:48,128 - INFO - Processing: KOTAKBANK.NS
2026-07-29 08:31:49,084 - INFO -   KOTAKBANK.NS: 1786 rows stored in DB
2026-07-29 08:31:49,084 - INFO - Processing: LT.NS
2026-07-29 08:31:50,081 - INFO -   LT.NS: 1786 rows stored in DB
2026-07-29 08:31:50,082 - INFO - Processing: AXISBANK.NS
2026-07-29 08:31:51,046 - INFO -   AXISBANK.NS: 1786 rows stored in DB
2026-07-29 08:31:51,046 - INFO - Processing: BAJFINANCE.NS
2026-07-29 08:31:52,017 - INFO -   BAJFINANCE.NS: 1786 rows stored in DB
2026-07-29 08:31:52,017 - INFO - Processing: ASIANPAINT.NS
2026-07-29 08:31:52,954 - INFO -   ASIANPAINT.NS: 1786 rows stored in DB
2026-07-29 08:31:52,954 - INFO - Processing: MARUTI.NS
2026-07-29 08:31:53,889 - INFO -   MARUTI.NS: 1786 rows stored in DB
2026-07-29 08:31:53,889 - INFO - Processing: SUNPHARMA.NS
2026-07-29 08:31:54,883 - INFO -   SUNPHARMA.NS: 1786 rows stored in DB
2026-07-29 08:31:54,883 - INFO - Processing: WIPRO.NS
2026-07-29 08:31:55,843 - INFO -   WIPRO.NS: 1786 rows stored in DB
2026-07-29 08:31:55,843 - INFO - Processing: POWERGRID.NS
2026-07-29 08:31:56,766 - INFO -   POWERGRID.NS: 1786 rows stored in DB
2026-07-29 08:31:56,766 - INFO - Processing: NTPC.NS
2026-07-29 08:31:57,714 - INFO -   NTPC.NS: 1786 rows stored in DB
2026-07-29 08:31:57,714 - INFO - Processing: ONGC.NS
2026-07-29 08:31:58,671 - INFO -   ONGC.NS: 1786 rows stored in DB
2026-07-29 08:31:58,671 - INFO - Processing: ^NSEI
2026-07-29 08:31:59,493 - INFO -   ^NSEI: 1782 rows stored in DB
2026-07-29 08:31:59,494 - INFO - Processing: ^NSEBANK
2026-07-29 08:32:00,330 - INFO -   ^NSEBANK: 1782 rows stored in DB
2026-07-29 08:32:00,330 - INFO - Processing: ^BSESN
2026-07-29 08:32:01,171 - INFO -   ^BSESN: 1771 rows stored in DB
2026-07-29 08:32:01,171 - INFO - Processing: ^NSEMDCP50
2026-07-29 08:32:02,067 - INFO -   ^NSEMDCP50: 1782 rows stored in DB
2026-07-29 08:32:02,067 - INFO - Processing: NIFTY_FIN_SERVICE.NS
2026-07-29 08:32:02,915 - INFO -   NIFTY_FIN_SERVICE.NS: 1783 rows stored in DB
2026-07-29 08:32:02,976 - INFO - README updated.
2026-07-29 08:32:02,976 - INFO - All done.
2026-07-29 11:05:46,517 - INFO - Processing 25 symbols
2026-07-29 11:05:46,518 - INFO - Processing: RELIANCE.NS
2026-07-29 11:05:47,870 - INFO -   RELIANCE.NS: 1874 rows stored in DB
2026-07-29 11:05:47,870 - INFO - Processing: HDFCBANK.NS
2026-07-29 11:05:48,796 - INFO -   HDFCBANK.NS: 1874 rows stored in DB
2026-07-29 11:05:48,796 - INFO - Processing: ICICIBANK.NS
2026-07-29 11:05:49,612 - INFO -   ICICIBANK.NS: 1874 rows stored in DB
2026-07-29 11:05:49,612 - INFO - Processing: INFY.NS
2026-07-29 11:05:50,527 - INFO -   INFY.NS: 1874 rows stored in DB
2026-07-29 11:05:50,528 - INFO - Processing: TCS.NS
2026-07-29 11:05:51,333 - INFO -   TCS.NS: 1874 rows stored in DB
2026-07-29 11:05:51,333 - INFO - Processing: ITC.NS
2026-07-29 11:05:52,284 - INFO -   ITC.NS: 1874 rows stored in DB
2026-07-29 11:05:52,285 - INFO - Processing: HINDUNILVR.NS
2026-07-29 11:05:53,173 - INFO -   HINDUNILVR.NS: 1874 rows stored in DB
2026-07-29 11:05:53,173 - INFO - Processing: SBIN.NS
2026-07-29 11:05:54,018 - INFO -   SBIN.NS: 1874 rows stored in DB
2026-07-29 11:05:54,018 - INFO - Processing: BHARTIARTL.NS
2026-07-29 11:05:55,059 - INFO -   BHARTIARTL.NS: 1874 rows stored in DB
2026-07-29 11:05:55,059 - INFO - Processing: KOTAKBANK.NS
2026-07-29 11:05:56,054 - INFO -   KOTAKBANK.NS: 1873 rows stored in DB
2026-07-29 11:05:56,054 - INFO - Processing: LT.NS
2026-07-29 11:05:57,064 - INFO -   LT.NS: 1874 rows stored in DB
2026-07-29 11:05:57,064 - INFO - Processing: AXISBANK.NS
2026-07-29 11:05:57,956 - INFO -   AXISBANK.NS: 1874 rows stored in DB
2026-07-29 11:05:57,956 - INFO - Processing: BAJFINANCE.NS
2026-07-29 11:05:58,867 - INFO -   BAJFINANCE.NS: 1874 rows stored in DB
2026-07-29 11:05:58,867 - INFO - Processing: ASIANPAINT.NS
2026-07-29 11:05:59,928 - INFO -   ASIANPAINT.NS: 1874 rows stored in DB
2026-07-29 11:05:59,928 - INFO - Processing: MARUTI.NS
2026-07-29 11:06:00,841 - INFO -   MARUTI.NS: 1874 rows stored in DB
2026-07-29 11:06:00,841 - INFO - Processing: SUNPHARMA.NS
2026-07-29 11:06:01,746 - INFO -   SUNPHARMA.NS: 1874 rows stored in DB
2026-07-29 11:06:01,746 - INFO - Processing: WIPRO.NS
2026-07-29 11:06:02,679 - INFO -   WIPRO.NS: 1874 rows stored in DB
2026-07-29 11:06:02,679 - INFO - Processing: POWERGRID.NS
2026-07-29 11:06:03,633 - INFO -   POWERGRID.NS: 1874 rows stored in DB
2026-07-29 11:06:03,634 - INFO - Processing: NTPC.NS
2026-07-29 11:06:04,518 - INFO -   NTPC.NS: 1874 rows stored in DB
2026-07-29 11:06:04,518 - INFO - Processing: ONGC.NS
2026-07-29 11:06:05,492 - INFO -   ONGC.NS: 1874 rows stored in DB
2026-07-29 11:06:05,492 - INFO - Processing: ^NSEI
2026-07-29 11:06:06,334 - INFO -   ^NSEI: 1870 rows stored in DB
2026-07-29 11:06:06,334 - INFO - Processing: ^NSEBANK
2026-07-29 11:06:07,280 - INFO -   ^NSEBANK: 1870 rows stored in DB
2026-07-29 11:06:07,280 - INFO - Processing: ^BSESN
2026-07-29 11:06:08,160 - INFO -   ^BSESN: 1874 rows stored in DB
2026-07-29 11:06:08,160 - INFO - Processing: ^NSEMDCP50
2026-07-29 11:06:08,993 - INFO -   ^NSEMDCP50: 1870 rows stored in DB
2026-07-29 11:06:08,993 - INFO - Processing: NIFTY_FIN_SERVICE.NS
2026-07-29 11:06:09,884 - INFO -   NIFTY_FIN_SERVICE.NS: 1870 rows stored in DB
2026-07-29 11:06:09,942 - INFO - README updated.
2026-07-29 11:06:09,942 - INFO - All done.
2026-07-30 05:42:04,195 - INFO - Processing 25 symbols
2026-07-30 05:42:04,195 - INFO - Processing: RELIANCE.NS
2026-07-30 05:42:05,223 - INFO -   RELIANCE.NS: 1617 rows stored in DB
2026-07-30 05:42:05,224 - INFO - Processing: HDFCBANK.NS
2026-07-30 05:42:06,137 - INFO -   HDFCBANK.NS: 1617 rows stored in DB
2026-07-30 05:42:06,138 - INFO - Processing: ICICIBANK.NS
2026-07-30 05:42:07,003 - INFO -   ICICIBANK.NS: 1617 rows stored in DB
2026-07-30 05:42:07,004 - INFO - Processing: INFY.NS
2026-07-30 05:42:07,877 - INFO -   INFY.NS: 1617 rows stored in DB
2026-07-30 05:42:07,877 - INFO - Processing: TCS.NS
2026-07-30 05:42:08,733 - INFO -   TCS.NS: 1617 rows stored in DB
2026-07-30 05:42:08,733 - INFO - Processing: ITC.NS
2026-07-30 05:42:09,550 - INFO -   ITC.NS: 1617 rows stored in DB
2026-07-30 05:42:09,550 - INFO - Processing: HINDUNILVR.NS
2026-07-30 05:42:10,429 - INFO -   HINDUNILVR.NS: 1617 rows stored in DB
2026-07-30 05:42:10,429 - INFO - Processing: SBIN.NS
2026-07-30 05:42:11,265 - INFO -   SBIN.NS: 1617 rows stored in DB
2026-07-30 05:42:11,265 - INFO - Processing: BHARTIARTL.NS
2026-07-30 05:42:12,087 - INFO -   BHARTIARTL.NS: 1617 rows stored in DB
2026-07-30 05:42:12,087 - INFO - Processing: KOTAKBANK.NS
2026-07-30 05:42:12,929 - INFO -   KOTAKBANK.NS: 1616 rows stored in DB
2026-07-30 05:42:12,930 - INFO - Processing: LT.NS
2026-07-30 05:42:13,749 - INFO -   LT.NS: 1617 rows stored in DB
2026-07-30 05:42:13,749 - INFO - Processing: AXISBANK.NS
2026-07-30 05:42:14,595 - INFO -   AXISBANK.NS: 1617 rows stored in DB
2026-07-30 05:42:14,595 - INFO - Processing: BAJFINANCE.NS
2026-07-30 05:42:15,453 - INFO -   BAJFINANCE.NS: 1617 rows stored in DB
2026-07-30 05:42:15,453 - INFO - Processing: ASIANPAINT.NS
2026-07-30 05:42:16,293 - INFO -   ASIANPAINT.NS: 1617 rows stored in DB
2026-07-30 05:42:16,293 - INFO - Processing: MARUTI.NS
2026-07-30 05:42:17,121 - INFO -   MARUTI.NS: 1617 rows stored in DB
2026-07-30 05:42:17,122 - INFO - Processing: SUNPHARMA.NS
2026-07-30 05:42:17,964 - INFO -   SUNPHARMA.NS: 1617 rows stored in DB
2026-07-30 05:42:17,964 - INFO - Processing: WIPRO.NS
2026-07-30 05:42:18,797 - INFO -   WIPRO.NS: 1617 rows stored in DB
2026-07-30 05:42:18,797 - INFO - Processing: POWERGRID.NS
2026-07-30 05:42:19,642 - INFO -   POWERGRID.NS: 1617 rows stored in DB
2026-07-30 05:42:19,642 - INFO - Processing: NTPC.NS
2026-07-30 05:42:20,480 - INFO -   NTPC.NS: 1617 rows stored in DB
2026-07-30 05:42:20,480 - INFO - Processing: ONGC.NS
2026-07-30 05:42:21,299 - INFO -   ONGC.NS: 1617 rows stored in DB
2026-07-30 05:42:21,300 - INFO - Processing: ^NSEI
2026-07-30 05:42:22,025 - INFO -   ^NSEI: 1613 rows stored in DB
2026-07-30 05:42:22,025 - INFO - Processing: ^NSEBANK
2026-07-30 05:42:22,754 - INFO -   ^NSEBANK: 1613 rows stored in DB
2026-07-30 05:42:22,754 - INFO - Processing: ^BSESN
2026-07-30 05:42:23,494 - INFO -   ^BSESN: 1602 rows stored in DB
2026-07-30 05:42:23,494 - INFO - Processing: ^NSEMDCP50
2026-07-30 05:42:24,231 - INFO -   ^NSEMDCP50: 1613 rows stored in DB
2026-07-30 05:42:24,231 - INFO - Processing: NIFTY_FIN_SERVICE.NS
2026-07-30 05:42:24,962 - INFO -   NIFTY_FIN_SERVICE.NS: 1613 rows stored in DB
2026-07-30 05:42:25,023 - INFO - README updated.
2026-07-30 05:42:25,023 - INFO - All done.
2026-07-30 07:57:38,705 - INFO - Processing 25 symbols
2026-07-30 07:57:38,705 - INFO - Processing: RELIANCE.NS
2026-07-30 07:57:39,703 - INFO -   RELIANCE.NS: 1752 rows stored in DB
2026-07-30 07:57:39,703 - INFO - Processing: HDFCBANK.NS
2026-07-30 07:57:40,610 - INFO -   HDFCBANK.NS: 1752 rows stored in DB
2026-07-30 07:57:40,611 - INFO - Processing: ICICIBANK.NS
2026-07-30 07:57:41,535 - INFO -   ICICIBANK.NS: 1752 rows stored in DB
2026-07-30 07:57:41,535 - INFO - Processing: INFY.NS
2026-07-30 07:57:42,468 - INFO -   INFY.NS: 1752 rows stored in DB
2026-07-30 07:57:42,468 - INFO - Processing: TCS.NS
2026-07-30 07:57:43,415 - INFO -   TCS.NS: 1752 rows stored in DB
2026-07-30 07:57:43,415 - INFO - Processing: ITC.NS
2026-07-30 07:57:44,310 - INFO -   ITC.NS: 1752 rows stored in DB
2026-07-30 07:57:44,310 - INFO - Processing: HINDUNILVR.NS
2026-07-30 07:57:45,206 - INFO -   HINDUNILVR.NS: 1752 rows stored in DB
2026-07-30 07:57:45,207 - INFO - Processing: SBIN.NS
2026-07-30 07:57:46,104 - INFO -   SBIN.NS: 1752 rows stored in DB
2026-07-30 07:57:46,104 - INFO - Processing: BHARTIARTL.NS
2026-07-30 07:57:47,028 - INFO -   BHARTIARTL.NS: 1752 rows stored in DB
2026-07-30 07:57:47,028 - INFO - Processing: KOTAKBANK.NS
2026-07-30 07:57:47,918 - INFO -   KOTAKBANK.NS: 1751 rows stored in DB
2026-07-30 07:57:47,918 - INFO - Processing: LT.NS
2026-07-30 07:57:48,857 - INFO -   LT.NS: 1752 rows stored in DB
2026-07-30 07:57:48,857 - INFO - Processing: AXISBANK.NS
2026-07-30 07:57:49,751 - INFO -   AXISBANK.NS: 1752 rows stored in DB
2026-07-30 07:57:49,752 - INFO - Processing: BAJFINANCE.NS
2026-07-30 07:57:50,632 - INFO -   BAJFINANCE.NS: 1752 rows stored in DB
2026-07-30 07:57:50,632 - INFO - Processing: ASIANPAINT.NS
2026-07-30 07:57:51,553 - INFO -   ASIANPAINT.NS: 1752 rows stored in DB
2026-07-30 07:57:51,553 - INFO - Processing: MARUTI.NS
2026-07-30 07:57:52,431 - INFO -   MARUTI.NS: 1752 rows stored in DB
2026-07-30 07:57:52,431 - INFO - Processing: SUNPHARMA.NS
2026-07-30 07:57:53,325 - INFO -   SUNPHARMA.NS: 1752 rows stored in DB
2026-07-30 07:57:53,325 - INFO - Processing: WIPRO.NS
2026-07-30 07:57:54,239 - INFO -   WIPRO.NS: 1752 rows stored in DB
2026-07-30 07:57:54,239 - INFO - Processing: POWERGRID.NS
2026-07-30 07:57:55,132 - INFO -   POWERGRID.NS: 1752 rows stored in DB
2026-07-30 07:57:55,132 - INFO - Processing: NTPC.NS
2026-07-30 07:57:56,029 - INFO -   NTPC.NS: 1752 rows stored in DB
2026-07-30 07:57:56,029 - INFO - Processing: ONGC.NS
2026-07-30 07:57:56,928 - INFO -   ONGC.NS: 1752 rows stored in DB
2026-07-30 07:57:56,928 - INFO - Processing: ^NSEI
2026-07-30 07:57:57,704 - INFO -   ^NSEI: 1748 rows stored in DB
2026-07-30 07:57:57,705 - INFO - Processing: ^NSEBANK
2026-07-30 07:57:58,493 - INFO -   ^NSEBANK: 1748 rows stored in DB
2026-07-30 07:57:58,493 - INFO - Processing: ^BSESN
2026-07-30 07:57:59,264 - INFO -   ^BSESN: 1737 rows stored in DB
2026-07-30 07:57:59,264 - INFO - Processing: ^NSEMDCP50
2026-07-30 07:58:00,074 - INFO -   ^NSEMDCP50: 1748 rows stored in DB
2026-07-30 07:58:00,074 - INFO - Processing: NIFTY_FIN_SERVICE.NS
2026-07-30 07:58:00,894 - INFO -   NIFTY_FIN_SERVICE.NS: 1748 rows stored in DB
2026-07-30 07:58:00,955 - INFO - README updated.
2026-07-30 07:58:00,955 - INFO - All done.
2026-07-30 10:31:10,940 - INFO - Processing 25 symbols
2026-07-30 10:31:10,940 - INFO - Processing: RELIANCE.NS
2026-07-30 10:31:12,225 - INFO -   RELIANCE.NS: 1874 rows stored in DB
2026-07-30 10:31:12,225 - INFO - Processing: HDFCBANK.NS
2026-07-30 10:31:13,421 - INFO -   HDFCBANK.NS: 1874 rows stored in DB
2026-07-30 10:31:13,421 - INFO - Processing: ICICIBANK.NS
2026-07-30 10:31:14,474 - INFO -   ICICIBANK.NS: 1874 rows stored in DB
2026-07-30 10:31:14,474 - INFO - Processing: INFY.NS
2026-07-30 10:31:15,478 - INFO -   INFY.NS: 1874 rows stored in DB
2026-07-30 10:31:15,479 - INFO - Processing: TCS.NS
2026-07-30 10:31:16,438 - INFO -   TCS.NS: 1874 rows stored in DB
2026-07-30 10:31:16,438 - INFO - Processing: ITC.NS
2026-07-30 10:31:17,601 - INFO -   ITC.NS: 1874 rows stored in DB
2026-07-30 10:31:17,601 - INFO - Processing: HINDUNILVR.NS
2026-07-30 10:31:18,548 - INFO -   HINDUNILVR.NS: 1874 rows stored in DB
2026-07-30 10:31:18,549 - INFO - Processing: SBIN.NS
2026-07-30 10:31:19,529 - INFO -   SBIN.NS: 1874 rows stored in DB
2026-07-30 10:31:19,529 - INFO - Processing: BHARTIARTL.NS
2026-07-30 10:31:20,638 - INFO -   BHARTIARTL.NS: 1874 rows stored in DB
2026-07-30 10:31:20,638 - INFO - Processing: KOTAKBANK.NS
2026-07-30 10:31:21,597 - INFO -   KOTAKBANK.NS: 1873 rows stored in DB
2026-07-30 10:31:21,597 - INFO - Processing: LT.NS
2026-07-30 10:31:22,555 - INFO -   LT.NS: 1874 rows stored in DB
2026-07-30 10:31:22,555 - INFO - Processing: AXISBANK.NS
2026-07-30 10:31:23,924 - INFO -   AXISBANK.NS: 1874 rows stored in DB
2026-07-30 10:31:23,925 - INFO - Processing: BAJFINANCE.NS
2026-07-30 10:31:25,075 - INFO -   BAJFINANCE.NS: 1874 rows stored in DB
2026-07-30 10:31:25,075 - INFO - Processing: ASIANPAINT.NS
2026-07-30 10:31:26,069 - INFO -   ASIANPAINT.NS: 1874 rows stored in DB
2026-07-30 10:31:26,070 - INFO - Processing: MARUTI.NS
2026-07-30 10:31:27,145 - INFO -   MARUTI.NS: 1874 rows stored in DB
2026-07-30 10:31:27,145 - INFO - Processing: SUNPHARMA.NS
2026-07-30 10:31:28,116 - INFO -   SUNPHARMA.NS: 1874 rows stored in DB
2026-07-30 10:31:28,117 - INFO - Processing: WIPRO.NS
2026-07-30 10:31:29,217 - INFO -   WIPRO.NS: 1874 rows stored in DB
2026-07-30 10:31:29,217 - INFO - Processing: POWERGRID.NS
2026-07-30 10:31:30,191 - INFO -   POWERGRID.NS: 1874 rows stored in DB
2026-07-30 10:31:30,191 - INFO - Processing: NTPC.NS
2026-07-30 10:31:31,221 - INFO -   NTPC.NS: 1874 rows stored in DB
2026-07-30 10:31:31,222 - INFO - Processing: ONGC.NS
2026-07-30 10:31:32,271 - INFO -   ONGC.NS: 1874 rows stored in DB
2026-07-30 10:31:32,271 - INFO - Processing: ^NSEI
2026-07-30 10:31:33,385 - INFO -   ^NSEI: 1870 rows stored in DB
2026-07-30 10:31:33,385 - INFO - Processing: ^NSEBANK
2026-07-30 10:31:34,326 - INFO -   ^NSEBANK: 1870 rows stored in DB
2026-07-30 10:31:34,326 - INFO - Processing: ^BSESN
2026-07-30 10:31:35,444 - INFO -   ^BSESN: 1874 rows stored in DB
2026-07-30 10:31:35,444 - INFO - Processing: ^NSEMDCP50
2026-07-30 10:31:36,328 - INFO -   ^NSEMDCP50: 1870 rows stored in DB
2026-07-30 10:31:36,328 - INFO - Processing: NIFTY_FIN_SERVICE.NS
2026-07-30 10:31:37,309 - INFO -   NIFTY_FIN_SERVICE.NS: 1870 rows stored in DB
2026-07-30 10:31:37,370 - INFO - README updated.
2026-07-30 10:31:37,371 - INFO - All done.
2026-07-30 12:13:30,706 - INFO - Processing 25 symbols
2026-07-30 12:13:30,706 - INFO - Processing: RELIANCE.NS
2026-07-30 12:13:31,895 - INFO -   RELIANCE.NS: 1874 rows stored in DB
2026-07-30 12:13:31,895 - INFO - Processing: HDFCBANK.NS
2026-07-30 12:13:32,875 - INFO -   HDFCBANK.NS: 1874 rows stored in DB
2026-07-30 12:13:32,875 - INFO - Processing: ICICIBANK.NS
2026-07-30 12:13:33,826 - INFO -   ICICIBANK.NS: 1874 rows stored in DB
2026-07-30 12:13:33,826 - INFO - Processing: INFY.NS
2026-07-30 12:13:35,060 - INFO -   INFY.NS: 1874 rows stored in DB
2026-07-30 12:13:35,060 - INFO - Processing: TCS.NS
2026-07-30 12:13:36,036 - INFO -   TCS.NS: 1874 rows stored in DB
2026-07-30 12:13:36,036 - INFO - Processing: ITC.NS
2026-07-30 12:13:37,092 - INFO -   ITC.NS: 1874 rows stored in DB
2026-07-30 12:13:37,093 - INFO - Processing: HINDUNILVR.NS
2026-07-30 12:13:38,145 - INFO -   HINDUNILVR.NS: 1874 rows stored in DB
2026-07-30 12:13:38,145 - INFO - Processing: SBIN.NS
2026-07-30 12:13:39,223 - INFO -   SBIN.NS: 1874 rows stored in DB
2026-07-30 12:13:39,223 - INFO - Processing: BHARTIARTL.NS
2026-07-30 12:13:40,327 - INFO -   BHARTIARTL.NS: 1874 rows stored in DB
2026-07-30 12:13:40,327 - INFO - Processing: KOTAKBANK.NS
2026-07-30 12:13:41,272 - INFO -   KOTAKBANK.NS: 1873 rows stored in DB
2026-07-30 12:13:41,272 - INFO - Processing: LT.NS
2026-07-30 12:13:42,328 - INFO -   LT.NS: 1874 rows stored in DB
2026-07-30 12:13:42,328 - INFO - Processing: AXISBANK.NS
2026-07-30 12:13:43,314 - INFO -   AXISBANK.NS: 1874 rows stored in DB
2026-07-30 12:13:43,314 - INFO - Processing: BAJFINANCE.NS
2026-07-30 12:13:44,320 - INFO -   BAJFINANCE.NS: 1874 rows stored in DB
2026-07-30 12:13:44,320 - INFO - Processing: ASIANPAINT.NS
2026-07-30 12:13:45,320 - INFO -   ASIANPAINT.NS: 1874 rows stored in DB
2026-07-30 12:13:45,320 - INFO - Processing: MARUTI.NS
2026-07-30 12:13:46,451 - INFO -   MARUTI.NS: 1874 rows stored in DB
2026-07-30 12:13:46,452 - INFO - Processing: SUNPHARMA.NS
2026-07-30 12:13:47,528 - INFO -   SUNPHARMA.NS: 1874 rows stored in DB
2026-07-30 12:13:47,528 - INFO - Processing: WIPRO.NS
2026-07-30 12:13:48,537 - INFO -   WIPRO.NS: 1874 rows stored in DB
2026-07-30 12:13:48,537 - INFO - Processing: POWERGRID.NS
2026-07-30 12:13:49,500 - INFO -   POWERGRID.NS: 1874 rows stored in DB
2026-07-30 12:13:49,500 - INFO - Processing: NTPC.NS
2026-07-30 12:13:50,600 - INFO -   NTPC.NS: 1874 rows stored in DB
2026-07-30 12:13:50,600 - INFO - Processing: ONGC.NS
2026-07-30 12:13:51,770 - INFO -   ONGC.NS: 1874 rows stored in DB
2026-07-30 12:13:51,770 - INFO - Processing: ^NSEI
2026-07-30 12:13:52,608 - INFO -   ^NSEI: 1870 rows stored in DB
2026-07-30 12:13:52,608 - INFO - Processing: ^NSEBANK
2026-07-30 12:13:53,581 - INFO -   ^NSEBANK: 1870 rows stored in DB
2026-07-30 12:13:53,581 - INFO - Processing: ^BSESN
2026-07-30 12:13:54,431 - INFO -   ^BSESN: 1874 rows stored in DB
2026-07-30 12:13:54,431 - INFO - Processing: ^NSEMDCP50
2026-07-30 12:13:55,396 - INFO -   ^NSEMDCP50: 1870 rows stored in DB
2026-07-30 12:13:55,396 - INFO - Processing: NIFTY_FIN_SERVICE.NS
2026-07-30 12:13:56,401 - INFO -   NIFTY_FIN_SERVICE.NS: 1870 rows stored in DB
2026-07-30 12:13:56,463 - INFO - README updated.
2026-07-30 12:13:56,463 - INFO - All done.
2026-07-31 06:14:45,849 - INFO - Processing 25 symbols
2026-07-31 06:14:45,849 - INFO - Processing: RELIANCE.NS
2026-07-31 06:14:47,134 - INFO -   RELIANCE.NS: 1649 rows stored in DB
2026-07-31 06:14:47,134 - INFO - Processing: HDFCBANK.NS
2026-07-31 06:14:48,086 - INFO -   HDFCBANK.NS: 1649 rows stored in DB
2026-07-31 06:14:48,086 - INFO - Processing: ICICIBANK.NS
2026-07-31 06:14:48,997 - INFO -   ICICIBANK.NS: 1649 rows stored in DB
2026-07-31 06:14:48,997 - INFO - Processing: INFY.NS
2026-07-31 06:14:49,913 - INFO -   INFY.NS: 1649 rows stored in DB
2026-07-31 06:14:49,913 - INFO - Processing: TCS.NS
2026-07-31 06:14:50,865 - INFO -   TCS.NS: 1649 rows stored in DB
2026-07-31 06:14:50,865 - INFO - Processing: ITC.NS
2026-07-31 06:14:51,837 - INFO -   ITC.NS: 1649 rows stored in DB
2026-07-31 06:14:51,837 - INFO - Processing: HINDUNILVR.NS
2026-07-31 06:14:52,783 - INFO -   HINDUNILVR.NS: 1649 rows stored in DB
2026-07-31 06:14:52,783 - INFO - Processing: SBIN.NS
2026-07-31 06:14:53,937 - INFO -   SBIN.NS: 1649 rows stored in DB
2026-07-31 06:14:53,937 - INFO - Processing: BHARTIARTL.NS
2026-07-31 06:14:54,892 - INFO -   BHARTIARTL.NS: 1649 rows stored in DB
2026-07-31 06:14:54,892 - INFO - Processing: KOTAKBANK.NS
2026-07-31 06:14:55,846 - INFO -   KOTAKBANK.NS: 1649 rows stored in DB
2026-07-31 06:14:55,846 - INFO - Processing: LT.NS
2026-07-31 06:14:56,813 - INFO -   LT.NS: 1649 rows stored in DB
2026-07-31 06:14:56,813 - INFO - Processing: AXISBANK.NS
2026-07-31 06:14:57,714 - INFO -   AXISBANK.NS: 1649 rows stored in DB
2026-07-31 06:14:57,714 - INFO - Processing: BAJFINANCE.NS
2026-07-31 06:14:58,662 - INFO -   BAJFINANCE.NS: 1649 rows stored in DB
2026-07-31 06:14:58,662 - INFO - Processing: ASIANPAINT.NS
2026-07-31 06:14:59,583 - INFO -   ASIANPAINT.NS: 1649 rows stored in DB
2026-07-31 06:14:59,583 - INFO - Processing: MARUTI.NS
2026-07-31 06:15:00,592 - INFO -   MARUTI.NS: 1649 rows stored in DB
2026-07-31 06:15:00,592 - INFO - Processing: SUNPHARMA.NS
2026-07-31 06:15:01,565 - INFO -   SUNPHARMA.NS: 1649 rows stored in DB
2026-07-31 06:15:01,565 - INFO - Processing: WIPRO.NS
2026-07-31 06:15:02,707 - INFO -   WIPRO.NS: 1649 rows stored in DB
2026-07-31 06:15:02,708 - INFO - Processing: POWERGRID.NS
2026-07-31 06:15:03,691 - INFO -   POWERGRID.NS: 1649 rows stored in DB
2026-07-31 06:15:03,691 - INFO - Processing: NTPC.NS
2026-07-31 06:15:04,683 - INFO -   NTPC.NS: 1649 rows stored in DB
2026-07-31 06:15:04,683 - INFO - Processing: ONGC.NS
2026-07-31 06:15:05,593 - INFO -   ONGC.NS: 1650 rows stored in DB
2026-07-31 06:15:05,594 - INFO - Processing: ^NSEI
2026-07-31 06:15:06,432 - INFO -   ^NSEI: 1646 rows stored in DB
2026-07-31 06:15:06,432 - INFO - Processing: ^NSEBANK
2026-07-31 06:15:07,454 - INFO -   ^NSEBANK: 1646 rows stored in DB
2026-07-31 06:15:07,454 - INFO - Processing: ^BSESN
2026-07-31 06:15:08,322 - INFO -   ^BSESN: 1635 rows stored in DB
2026-07-31 06:15:08,322 - INFO - Processing: ^NSEMDCP50
2026-07-31 06:15:09,231 - INFO -   ^NSEMDCP50: 1646 rows stored in DB
2026-07-31 06:15:09,232 - INFO - Processing: NIFTY_FIN_SERVICE.NS
2026-07-31 06:15:10,109 - INFO -   NIFTY_FIN_SERVICE.NS: 1646 rows stored in DB
2026-07-31 06:15:10,168 - INFO - README updated.
2026-07-31 06:15:10,168 - INFO - All done.
2026-07-31 09:19:58,682 - INFO - Processing 25 symbols
2026-07-31 09:19:58,682 - INFO - Processing: RELIANCE.NS
2026-07-31 09:19:59,742 - INFO -   RELIANCE.NS: 1834 rows stored in DB
2026-07-31 09:19:59,743 - INFO - Processing: HDFCBANK.NS
2026-07-31 09:20:00,511 - INFO -   HDFCBANK.NS: 1834 rows stored in DB
2026-07-31 09:20:00,511 - INFO - Processing: ICICIBANK.NS
2026-07-31 09:20:01,325 - INFO -   ICICIBANK.NS: 1834 rows stored in DB
2026-07-31 09:20:01,325 - INFO - Processing: INFY.NS
2026-07-31 09:20:02,120 - INFO -   INFY.NS: 1834 rows stored in DB
2026-07-31 09:20:02,120 - INFO - Processing: TCS.NS
2026-07-31 09:20:02,926 - INFO -   TCS.NS: 1835 rows stored in DB
2026-07-31 09:20:02,926 - INFO - Processing: ITC.NS
2026-07-31 09:20:03,692 - INFO -   ITC.NS: 1834 rows stored in DB
2026-07-31 09:20:03,692 - INFO - Processing: HINDUNILVR.NS
2026-07-31 09:20:04,465 - INFO -   HINDUNILVR.NS: 1835 rows stored in DB
2026-07-31 09:20:04,465 - INFO - Processing: SBIN.NS
2026-07-31 09:20:05,645 - INFO -   SBIN.NS: 1835 rows stored in DB
2026-07-31 09:20:05,645 - INFO - Processing: BHARTIARTL.NS
2026-07-31 09:20:06,410 - INFO -   BHARTIARTL.NS: 1835 rows stored in DB
2026-07-31 09:20:06,410 - INFO - Processing: KOTAKBANK.NS
2026-07-31 09:20:07,162 - INFO -   KOTAKBANK.NS: 1834 rows stored in DB
2026-07-31 09:20:07,162 - INFO - Processing: LT.NS
2026-07-31 09:20:07,935 - INFO -   LT.NS: 1835 rows stored in DB
2026-07-31 09:20:07,936 - INFO - Processing: AXISBANK.NS
2026-07-31 09:20:08,705 - INFO -   AXISBANK.NS: 1835 rows stored in DB
2026-07-31 09:20:08,705 - INFO - Processing: BAJFINANCE.NS
2026-07-31 09:20:09,546 - INFO -   BAJFINANCE.NS: 1835 rows stored in DB
2026-07-31 09:20:09,546 - INFO - Processing: ASIANPAINT.NS
2026-07-31 09:20:10,350 - INFO -   ASIANPAINT.NS: 1835 rows stored in DB
2026-07-31 09:20:10,350 - INFO - Processing: MARUTI.NS
2026-07-31 09:20:11,111 - INFO -   MARUTI.NS: 1835 rows stored in DB
2026-07-31 09:20:11,111 - INFO - Processing: SUNPHARMA.NS
2026-07-31 09:20:11,923 - INFO -   SUNPHARMA.NS: 1835 rows stored in DB
2026-07-31 09:20:11,923 - INFO - Processing: WIPRO.NS
2026-07-31 09:20:12,731 - INFO -   WIPRO.NS: 1835 rows stored in DB
2026-07-31 09:20:12,731 - INFO - Processing: POWERGRID.NS
2026-07-31 09:20:13,502 - INFO -   POWERGRID.NS: 1835 rows stored in DB
2026-07-31 09:20:13,502 - INFO - Processing: NTPC.NS
2026-07-31 09:20:14,282 - INFO -   NTPC.NS: 1835 rows stored in DB
2026-07-31 09:20:14,283 - INFO - Processing: ONGC.NS
2026-07-31 09:20:15,067 - INFO -   ONGC.NS: 1835 rows stored in DB
2026-07-31 09:20:15,067 - INFO - Processing: ^NSEI
2026-07-31 09:20:15,750 - INFO -   ^NSEI: 1831 rows stored in DB
2026-07-31 09:20:15,750 - INFO - Processing: ^NSEBANK
2026-07-31 09:20:16,427 - INFO -   ^NSEBANK: 1831 rows stored in DB
2026-07-31 09:20:16,427 - INFO - Processing: ^BSESN
2026-07-31 09:20:17,124 - INFO -   ^BSESN: 1820 rows stored in DB
2026-07-31 09:20:17,124 - INFO - Processing: ^NSEMDCP50
2026-07-31 09:20:17,816 - INFO -   ^NSEMDCP50: 1831 rows stored in DB
2026-07-31 09:20:17,816 - INFO - Processing: NIFTY_FIN_SERVICE.NS
2026-07-31 09:20:18,510 - INFO -   NIFTY_FIN_SERVICE.NS: 1831 rows stored in DB
2026-07-31 09:20:18,569 - INFO - README updated.
2026-07-31 09:20:18,569 - INFO - All done.
2026-07-31 11:36:56,739 - INFO - Processing 25 symbols
2026-07-31 11:36:56,739 - INFO - Processing: RELIANCE.NS
2026-07-31 11:36:57,927 - INFO -   RELIANCE.NS: 1874 rows stored in DB
2026-07-31 11:36:57,927 - INFO - Processing: HDFCBANK.NS
2026-07-31 11:36:59,060 - INFO -   HDFCBANK.NS: 1874 rows stored in DB
2026-07-31 11:36:59,060 - INFO - Processing: ICICIBANK.NS
2026-07-31 11:37:00,076 - INFO -   ICICIBANK.NS: 1874 rows stored in DB
2026-07-31 11:37:00,076 - INFO - Processing: INFY.NS
2026-07-31 11:37:01,121 - INFO -   INFY.NS: 1874 rows stored in DB
2026-07-31 11:37:01,121 - INFO - Processing: TCS.NS
2026-07-31 11:37:02,109 - INFO -   TCS.NS: 1874 rows stored in DB
2026-07-31 11:37:02,110 - INFO - Processing: ITC.NS
2026-07-31 11:37:03,227 - INFO -   ITC.NS: 1874 rows stored in DB
2026-07-31 11:37:03,227 - INFO - Processing: HINDUNILVR.NS
2026-07-31 11:37:04,414 - INFO -   HINDUNILVR.NS: 1874 rows stored in DB
2026-07-31 11:37:04,415 - INFO - Processing: SBIN.NS
2026-07-31 11:37:05,389 - INFO -   SBIN.NS: 1874 rows stored in DB
2026-07-31 11:37:05,389 - INFO - Processing: BHARTIARTL.NS
2026-07-31 11:37:06,442 - INFO -   BHARTIARTL.NS: 1874 rows stored in DB
2026-07-31 11:37:06,442 - INFO - Processing: KOTAKBANK.NS
2026-07-31 11:37:07,423 - INFO -   KOTAKBANK.NS: 1874 rows stored in DB
2026-07-31 11:37:07,423 - INFO - Processing: LT.NS
2026-07-31 11:37:08,400 - INFO -   LT.NS: 1874 rows stored in DB
2026-07-31 11:37:08,400 - INFO - Processing: AXISBANK.NS
2026-07-31 11:37:09,405 - INFO -   AXISBANK.NS: 1874 rows stored in DB
2026-07-31 11:37:09,405 - INFO - Processing: BAJFINANCE.NS
2026-07-31 11:37:10,463 - INFO -   BAJFINANCE.NS: 1874 rows stored in DB
2026-07-31 11:37:10,463 - INFO - Processing: ASIANPAINT.NS
2026-07-31 11:37:11,485 - INFO -   ASIANPAINT.NS: 1874 rows stored in DB
2026-07-31 11:37:11,485 - INFO - Processing: MARUTI.NS
2026-07-31 11:37:12,489 - INFO -   MARUTI.NS: 1874 rows stored in DB
2026-07-31 11:37:12,489 - INFO - Processing: SUNPHARMA.NS
2026-07-31 11:37:13,490 - INFO -   SUNPHARMA.NS: 1874 rows stored in DB
2026-07-31 11:37:13,491 - INFO - Processing: WIPRO.NS
2026-07-31 11:37:14,493 - INFO -   WIPRO.NS: 1874 rows stored in DB
2026-07-31 11:37:14,493 - INFO - Processing: POWERGRID.NS
2026-07-31 11:37:15,459 - INFO -   POWERGRID.NS: 1874 rows stored in DB
2026-07-31 11:37:15,459 - INFO - Processing: NTPC.NS
2026-07-31 11:37:16,451 - INFO -   NTPC.NS: 1874 rows stored in DB
2026-07-31 11:37:16,451 - INFO - Processing: ONGC.NS
2026-07-31 11:37:17,456 - INFO -   ONGC.NS: 1874 rows stored in DB
2026-07-31 11:37:17,456 - INFO - Processing: ^NSEI
2026-07-31 11:37:18,326 - INFO -   ^NSEI: 1870 rows stored in DB
2026-07-31 11:37:18,326 - INFO - Processing: ^NSEBANK
2026-07-31 11:37:19,180 - INFO -   ^NSEBANK: 1870 rows stored in DB
2026-07-31 11:37:19,180 - INFO - Processing: ^BSESN
2026-07-31 11:37:20,083 - INFO -   ^BSESN: 1874 rows stored in DB
2026-07-31 11:37:20,084 - INFO - Processing: ^NSEMDCP50
2026-07-31 11:37:20,972 - INFO -   ^NSEMDCP50: 1870 rows stored in DB
2026-07-31 11:37:20,972 - INFO - Processing: NIFTY_FIN_SERVICE.NS
2026-07-31 11:37:21,833 - INFO -   NIFTY_FIN_SERVICE.NS: 1870 rows stored in DB
2026-07-31 11:37:21,895 - INFO - README updated.
2026-07-31 11:37:21,895 - INFO - All done.
2026-08-03 06:24:25,186 - INFO - Processing 25 symbols
2026-08-03 06:24:25,186 - INFO - Processing: RELIANCE.NS
2026-08-03 06:24:26,408 - INFO -   RELIANCE.NS: 1659 rows stored in DB
2026-08-03 06:24:26,408 - INFO - Processing: HDFCBANK.NS
2026-08-03 06:24:27,309 - INFO -   HDFCBANK.NS: 1659 rows stored in DB
2026-08-03 06:24:27,309 - INFO - Processing: ICICIBANK.NS
2026-08-03 06:24:28,280 - INFO -   ICICIBANK.NS: 1659 rows stored in DB
2026-08-03 06:24:28,280 - INFO - Processing: INFY.NS
2026-08-03 06:24:29,207 - INFO -   INFY.NS: 1659 rows stored in DB
2026-08-03 06:24:29,207 - INFO - Processing: TCS.NS
2026-08-03 06:24:30,137 - INFO -   TCS.NS: 1659 rows stored in DB
2026-08-03 06:24:30,137 - INFO - Processing: ITC.NS
2026-08-03 06:24:31,026 - INFO -   ITC.NS: 1659 rows stored in DB
2026-08-03 06:24:31,026 - INFO - Processing: HINDUNILVR.NS
2026-08-03 06:24:31,950 - INFO -   HINDUNILVR.NS: 1659 rows stored in DB
2026-08-03 06:24:31,950 - INFO - Processing: SBIN.NS
2026-08-03 06:24:32,882 - INFO -   SBIN.NS: 1659 rows stored in DB
2026-08-03 06:24:32,883 - INFO - Processing: BHARTIARTL.NS
2026-08-03 06:24:33,809 - INFO -   BHARTIARTL.NS: 1659 rows stored in DB
2026-08-03 06:24:33,809 - INFO - Processing: KOTAKBANK.NS
2026-08-03 06:24:34,741 - INFO -   KOTAKBANK.NS: 1659 rows stored in DB
2026-08-03 06:24:34,742 - INFO - Processing: LT.NS
2026-08-03 06:24:35,634 - INFO -   LT.NS: 1659 rows stored in DB
2026-08-03 06:24:35,634 - INFO - Processing: AXISBANK.NS
2026-08-03 06:24:36,532 - INFO -   AXISBANK.NS: 1659 rows stored in DB
2026-08-03 06:24:36,532 - INFO - Processing: BAJFINANCE.NS
2026-08-03 06:24:37,457 - INFO -   BAJFINANCE.NS: 1659 rows stored in DB
2026-08-03 06:24:37,458 - INFO - Processing: ASIANPAINT.NS
2026-08-03 06:24:38,359 - INFO -   ASIANPAINT.NS: 1659 rows stored in DB
2026-08-03 06:24:38,359 - INFO - Processing: MARUTI.NS
2026-08-03 06:24:39,251 - INFO -   MARUTI.NS: 1659 rows stored in DB
2026-08-03 06:24:39,251 - INFO - Processing: SUNPHARMA.NS
2026-08-03 06:24:40,181 - INFO -   SUNPHARMA.NS: 1659 rows stored in DB
2026-08-03 06:24:40,181 - INFO - Processing: WIPRO.NS
2026-08-03 06:24:41,183 - INFO -   WIPRO.NS: 1659 rows stored in DB
2026-08-03 06:24:41,183 - INFO - Processing: POWERGRID.NS
2026-08-03 06:24:42,136 - INFO -   POWERGRID.NS: 1659 rows stored in DB
2026-08-03 06:24:42,136 - INFO - Processing: NTPC.NS
2026-08-03 06:24:43,021 - INFO -   NTPC.NS: 1659 rows stored in DB
2026-08-03 06:24:43,022 - INFO - Processing: ONGC.NS
2026-08-03 06:24:43,920 - INFO -   ONGC.NS: 1659 rows stored in DB
2026-08-03 06:24:43,920 - INFO - Processing: ^NSEI
2026-08-03 06:24:44,720 - INFO -   ^NSEI: 1655 rows stored in DB
2026-08-03 06:24:44,721 - INFO - Processing: ^NSEBANK
2026-08-03 06:24:45,519 - INFO -   ^NSEBANK: 1655 rows stored in DB
2026-08-03 06:24:45,519 - INFO - Processing: ^BSESN
2026-08-03 06:24:46,299 - INFO -   ^BSESN: 1644 rows stored in DB
2026-08-03 06:24:46,299 - INFO - Processing: ^NSEMDCP50
2026-08-03 06:24:47,085 - INFO -   ^NSEMDCP50: 1655 rows stored in DB
2026-08-03 06:24:47,085 - INFO - Processing: NIFTY_FIN_SERVICE.NS
2026-08-03 06:24:47,900 - INFO -   NIFTY_FIN_SERVICE.NS: 1655 rows stored in DB
2026-08-03 06:24:47,963 - INFO - README updated.
2026-08-03 06:24:47,963 - INFO - All done.
2026-08-03 10:12:23,909 - INFO - Processing 25 symbols
2026-08-03 10:12:23,910 - INFO - Processing: RELIANCE.NS
2026-08-03 10:12:24,878 - INFO -   RELIANCE.NS: 1859 rows stored in DB
2026-08-03 10:12:24,878 - INFO - Processing: HDFCBANK.NS
2026-08-03 10:12:25,638 - INFO -   HDFCBANK.NS: 1859 rows stored in DB
2026-08-03 10:12:25,638 - INFO - Processing: ICICIBANK.NS
2026-08-03 10:12:26,418 - INFO -   ICICIBANK.NS: 1859 rows stored in DB
2026-08-03 10:12:26,418 - INFO - Processing: INFY.NS
2026-08-03 10:12:27,282 - INFO -   INFY.NS: 1859 rows stored in DB
2026-08-03 10:12:27,282 - INFO - Processing: TCS.NS
2026-08-03 10:12:28,012 - INFO -   TCS.NS: 1859 rows stored in DB
2026-08-03 10:12:28,012 - INFO - Processing: ITC.NS
2026-08-03 10:12:28,769 - INFO -   ITC.NS: 1859 rows stored in DB
2026-08-03 10:12:28,769 - INFO - Processing: HINDUNILVR.NS
2026-08-03 10:12:29,498 - INFO -   HINDUNILVR.NS: 1859 rows stored in DB
2026-08-03 10:12:29,499 - INFO - Processing: SBIN.NS
2026-08-03 10:12:30,282 - INFO -   SBIN.NS: 1858 rows stored in DB
2026-08-03 10:12:30,282 - INFO - Processing: BHARTIARTL.NS
2026-08-03 10:12:31,088 - INFO -   BHARTIARTL.NS: 1859 rows stored in DB
2026-08-03 10:12:31,088 - INFO - Processing: KOTAKBANK.NS
2026-08-03 10:12:32,012 - INFO -   KOTAKBANK.NS: 1859 rows stored in DB
2026-08-03 10:12:32,012 - INFO - Processing: LT.NS
2026-08-03 10:12:33,060 - INFO -   LT.NS: 1859 rows stored in DB
2026-08-03 10:12:33,060 - INFO - Processing: AXISBANK.NS
2026-08-03 10:12:35,062 - INFO -   AXISBANK.NS: 1859 rows stored in DB
2026-08-03 10:12:35,062 - INFO - Processing: BAJFINANCE.NS
2026-08-03 10:12:36,962 - INFO -   BAJFINANCE.NS: 1859 rows stored in DB
2026-08-03 10:12:36,963 - INFO - Processing: ASIANPAINT.NS
2026-08-03 10:12:38,050 - INFO -   ASIANPAINT.NS: 1859 rows stored in DB
2026-08-03 10:12:38,050 - INFO - Processing: MARUTI.NS
2026-08-03 10:12:38,872 - INFO -   MARUTI.NS: 1859 rows stored in DB
2026-08-03 10:12:38,872 - INFO - Processing: SUNPHARMA.NS
2026-08-03 10:12:39,624 - INFO -   SUNPHARMA.NS: 1859 rows stored in DB
2026-08-03 10:12:39,624 - INFO - Processing: WIPRO.NS
2026-08-03 10:12:40,579 - INFO -   WIPRO.NS: 1859 rows stored in DB
2026-08-03 10:12:40,579 - INFO - Processing: POWERGRID.NS
2026-08-03 10:12:41,324 - INFO -   POWERGRID.NS: 1859 rows stored in DB
2026-08-03 10:12:41,325 - INFO - Processing: NTPC.NS
2026-08-03 10:12:42,084 - INFO -   NTPC.NS: 1858 rows stored in DB
2026-08-03 10:12:42,084 - INFO - Processing: ONGC.NS
2026-08-03 10:12:43,263 - INFO -   ONGC.NS: 1859 rows stored in DB
2026-08-03 10:12:43,264 - INFO - Processing: ^NSEI
2026-08-03 10:12:44,019 - INFO -   ^NSEI: 1870 rows stored in DB
2026-08-03 10:12:44,019 - INFO - Processing: ^NSEBANK
2026-08-03 10:12:44,697 - INFO -   ^NSEBANK: 1870 rows stored in DB
2026-08-03 10:12:44,697 - INFO - Processing: ^BSESN
2026-08-03 10:12:45,456 - INFO -   ^BSESN: 1871 rows stored in DB
2026-08-03 10:12:45,456 - INFO - Processing: ^NSEMDCP50
2026-08-03 10:12:46,155 - INFO -   ^NSEMDCP50: 1870 rows stored in DB
2026-08-03 10:12:46,156 - INFO - Processing: NIFTY_FIN_SERVICE.NS
2026-08-03 10:12:46,918 - INFO -   NIFTY_FIN_SERVICE.NS: 1870 rows stored in DB
2026-08-03 10:12:46,964 - INFO - README updated.
2026-08-03 10:12:46,964 - INFO - All done.
2026-08-03 13:21:10,232 - INFO - Processing 25 symbols
2026-08-03 13:21:10,232 - INFO - Processing: RELIANCE.NS
2026-08-03 13:21:11,371 - INFO -   RELIANCE.NS: 1860 rows stored in DB
2026-08-03 13:21:11,371 - INFO - Processing: HDFCBANK.NS
2026-08-03 13:21:12,362 - INFO -   HDFCBANK.NS: 1860 rows stored in DB
2026-08-03 13:21:12,362 - INFO - Processing: ICICIBANK.NS
2026-08-03 13:21:13,346 - INFO -   ICICIBANK.NS: 1860 rows stored in DB
2026-08-03 13:21:13,346 - INFO - Processing: INFY.NS
2026-08-03 13:21:14,345 - INFO -   INFY.NS: 1860 rows stored in DB
2026-08-03 13:21:14,345 - INFO - Processing: TCS.NS
2026-08-03 13:21:15,333 - INFO -   TCS.NS: 1860 rows stored in DB
2026-08-03 13:21:15,333 - INFO - Processing: ITC.NS
2026-08-03 13:21:16,330 - INFO -   ITC.NS: 1860 rows stored in DB
2026-08-03 13:21:16,330 - INFO - Processing: HINDUNILVR.NS
2026-08-03 13:21:17,348 - INFO -   HINDUNILVR.NS: 1860 rows stored in DB
2026-08-03 13:21:17,348 - INFO - Processing: SBIN.NS
2026-08-03 13:21:18,338 - INFO -   SBIN.NS: 1859 rows stored in DB
2026-08-03 13:21:18,339 - INFO - Processing: BHARTIARTL.NS
2026-08-03 13:21:19,338 - INFO -   BHARTIARTL.NS: 1860 rows stored in DB
2026-08-03 13:21:19,338 - INFO - Processing: KOTAKBANK.NS
2026-08-03 13:21:20,373 - INFO -   KOTAKBANK.NS: 1860 rows stored in DB
2026-08-03 13:21:20,373 - INFO - Processing: LT.NS
2026-08-03 13:21:21,388 - INFO -   LT.NS: 1860 rows stored in DB
2026-08-03 13:21:21,388 - INFO - Processing: AXISBANK.NS
2026-08-03 13:21:22,444 - INFO -   AXISBANK.NS: 1860 rows stored in DB
2026-08-03 13:21:22,444 - INFO - Processing: BAJFINANCE.NS
2026-08-03 13:21:23,421 - INFO -   BAJFINANCE.NS: 1860 rows stored in DB
2026-08-03 13:21:23,421 - INFO - Processing: ASIANPAINT.NS
2026-08-03 13:21:24,454 - INFO -   ASIANPAINT.NS: 1860 rows stored in DB
2026-08-03 13:21:24,454 - INFO - Processing: MARUTI.NS
2026-08-03 13:21:25,467 - INFO -   MARUTI.NS: 1860 rows stored in DB
2026-08-03 13:21:25,468 - INFO - Processing: SUNPHARMA.NS
2026-08-03 13:21:26,723 - INFO -   SUNPHARMA.NS: 1860 rows stored in DB
2026-08-03 13:21:26,723 - INFO - Processing: WIPRO.NS
2026-08-03 13:21:27,766 - INFO -   WIPRO.NS: 1860 rows stored in DB
2026-08-03 13:21:27,766 - INFO - Processing: POWERGRID.NS
2026-08-03 13:21:28,758 - INFO -   POWERGRID.NS: 1860 rows stored in DB
2026-08-03 13:21:28,758 - INFO - Processing: NTPC.NS
2026-08-03 13:21:29,722 - INFO -   NTPC.NS: 1859 rows stored in DB
2026-08-03 13:21:29,722 - INFO - Processing: ONGC.NS
2026-08-03 13:21:30,708 - INFO -   ONGC.NS: 1860 rows stored in DB
2026-08-03 13:21:30,708 - INFO - Processing: ^NSEI
2026-08-03 13:21:31,564 - INFO -   ^NSEI: 1870 rows stored in DB
2026-08-03 13:21:31,564 - INFO - Processing: ^NSEBANK
2026-08-03 13:21:32,523 - INFO -   ^NSEBANK: 1870 rows stored in DB
2026-08-03 13:21:32,523 - INFO - Processing: ^BSESN
2026-08-03 13:21:33,402 - INFO -   ^BSESN: 1874 rows stored in DB
2026-08-03 13:21:33,402 - INFO - Processing: ^NSEMDCP50
2026-08-03 13:21:34,318 - INFO -   ^NSEMDCP50: 1870 rows stored in DB
2026-08-03 13:21:34,318 - INFO - Processing: NIFTY_FIN_SERVICE.NS
2026-08-03 13:21:35,186 - INFO -   NIFTY_FIN_SERVICE.NS: 1870 rows stored in DB
2026-08-03 13:21:35,249 - INFO - README updated.
2026-08-03 13:21:35,249 - INFO - All done.
2026-08-04 05:47:34,956 - INFO - Processing 25 symbols
2026-08-04 05:47:34,956 - INFO - Processing: RELIANCE.NS
2026-08-04 05:47:35,877 - INFO -   RELIANCE.NS: 1608 rows stored in DB
2026-08-04 05:47:35,877 - INFO - Processing: HDFCBANK.NS
2026-08-04 05:47:36,594 - INFO -   HDFCBANK.NS: 1608 rows stored in DB
2026-08-04 05:47:36,594 - INFO - Processing: ICICIBANK.NS
2026-08-04 05:47:37,288 - INFO -   ICICIBANK.NS: 1608 rows stored in DB
2026-08-04 05:47:37,288 - INFO - Processing: INFY.NS
2026-08-04 05:47:38,039 - INFO -   INFY.NS: 1608 rows stored in DB
2026-08-04 05:47:38,039 - INFO - Processing: TCS.NS
2026-08-04 05:47:38,762 - INFO -   TCS.NS: 1608 rows stored in DB
2026-08-04 05:47:38,762 - INFO - Processing: ITC.NS
2026-08-04 05:47:39,460 - INFO -   ITC.NS: 1608 rows stored in DB
2026-08-04 05:47:39,460 - INFO - Processing: HINDUNILVR.NS
2026-08-04 05:47:40,170 - INFO -   HINDUNILVR.NS: 1608 rows stored in DB
2026-08-04 05:47:40,170 - INFO - Processing: SBIN.NS
2026-08-04 05:47:40,902 - INFO -   SBIN.NS: 1607 rows stored in DB
2026-08-04 05:47:40,902 - INFO - Processing: BHARTIARTL.NS
2026-08-04 05:47:41,603 - INFO -   BHARTIARTL.NS: 1608 rows stored in DB
2026-08-04 05:47:41,604 - INFO - Processing: KOTAKBANK.NS
2026-08-04 05:47:42,324 - INFO -   KOTAKBANK.NS: 1608 rows stored in DB
2026-08-04 05:47:42,324 - INFO - Processing: LT.NS
2026-08-04 05:47:43,024 - INFO -   LT.NS: 1608 rows stored in DB
2026-08-04 05:47:43,024 - INFO - Processing: AXISBANK.NS
2026-08-04 05:47:43,728 - INFO -   AXISBANK.NS: 1608 rows stored in DB
2026-08-04 05:47:43,728 - INFO - Processing: BAJFINANCE.NS
2026-08-04 05:47:44,420 - INFO -   BAJFINANCE.NS: 1608 rows stored in DB
2026-08-04 05:47:44,420 - INFO - Processing: ASIANPAINT.NS
2026-08-04 05:47:45,127 - INFO -   ASIANPAINT.NS: 1608 rows stored in DB
2026-08-04 05:47:45,127 - INFO - Processing: MARUTI.NS
2026-08-04 05:47:45,826 - INFO -   MARUTI.NS: 1608 rows stored in DB
2026-08-04 05:47:45,826 - INFO - Processing: SUNPHARMA.NS
2026-08-04 05:47:46,584 - INFO -   SUNPHARMA.NS: 1608 rows stored in DB
2026-08-04 05:47:46,584 - INFO - Processing: WIPRO.NS
2026-08-04 05:47:47,288 - INFO -   WIPRO.NS: 1608 rows stored in DB
2026-08-04 05:47:47,288 - INFO - Processing: POWERGRID.NS
2026-08-04 05:47:48,005 - INFO -   POWERGRID.NS: 1608 rows stored in DB
2026-08-04 05:47:48,005 - INFO - Processing: NTPC.NS
2026-08-04 05:47:48,707 - INFO -   NTPC.NS: 1607 rows stored in DB
2026-08-04 05:47:48,707 - INFO - Processing: ONGC.NS
2026-08-04 05:47:49,426 - INFO -   ONGC.NS: 1608 rows stored in DB
2026-08-04 05:47:49,426 - INFO - Processing: ^NSEI
2026-08-04 05:47:50,045 - INFO -   ^NSEI: 1622 rows stored in DB
2026-08-04 05:47:50,045 - INFO - Processing: ^NSEBANK
2026-08-04 05:47:50,674 - INFO -   ^NSEBANK: 1622 rows stored in DB
2026-08-04 05:47:50,674 - INFO - Processing: ^BSESN
2026-08-04 05:47:51,293 - INFO -   ^BSESN: 1607 rows stored in DB
2026-08-04 05:47:51,293 - INFO - Processing: ^NSEMDCP50
2026-08-04 05:47:51,967 - INFO -   ^NSEMDCP50: 1622 rows stored in DB
2026-08-04 05:47:51,967 - INFO - Processing: NIFTY_FIN_SERVICE.NS
2026-08-04 05:47:52,585 - INFO -   NIFTY_FIN_SERVICE.NS: 1622 rows stored in DB
2026-08-04 05:47:52,643 - INFO - README updated.
2026-08-04 05:47:52,644 - INFO - All done.
2026-08-04 08:10:31,273 - INFO - Processing 25 symbols
2026-08-04 08:10:31,273 - INFO - Processing: RELIANCE.NS
2026-08-04 08:10:32,876 - INFO -   RELIANCE.NS: 1751 rows stored in DB
2026-08-04 08:10:32,877 - INFO - Processing: HDFCBANK.NS
2026-08-04 08:10:33,988 - INFO -   HDFCBANK.NS: 1751 rows stored in DB
2026-08-04 08:10:33,989 - INFO - Processing: ICICIBANK.NS
2026-08-04 08:10:35,176 - INFO -   ICICIBANK.NS: 1751 rows stored in DB
2026-08-04 08:10:35,177 - INFO - Processing: INFY.NS
2026-08-04 08:10:36,398 - INFO -   INFY.NS: 1751 rows stored in DB
2026-08-04 08:10:36,398 - INFO - Processing: TCS.NS
2026-08-04 08:10:37,602 - INFO -   TCS.NS: 1751 rows stored in DB
2026-08-04 08:10:37,602 - INFO - Processing: ITC.NS
2026-08-04 08:10:38,767 - INFO -   ITC.NS: 1751 rows stored in DB
2026-08-04 08:10:38,767 - INFO - Processing: HINDUNILVR.NS
2026-08-04 08:10:39,903 - INFO -   HINDUNILVR.NS: 1751 rows stored in DB
2026-08-04 08:10:39,903 - INFO - Processing: SBIN.NS
2026-08-04 08:10:41,096 - INFO -   SBIN.NS: 1750 rows stored in DB
2026-08-04 08:10:41,096 - INFO - Processing: BHARTIARTL.NS
2026-08-04 08:10:42,204 - INFO -   BHARTIARTL.NS: 1751 rows stored in DB
2026-08-04 08:10:42,204 - INFO - Processing: KOTAKBANK.NS
2026-08-04 08:10:43,422 - INFO -   KOTAKBANK.NS: 1751 rows stored in DB
2026-08-04 08:10:43,422 - INFO - Processing: LT.NS
2026-08-04 08:10:44,731 - INFO -   LT.NS: 1751 rows stored in DB
2026-08-04 08:10:44,731 - INFO - Processing: AXISBANK.NS
2026-08-04 08:10:46,004 - INFO -   AXISBANK.NS: 1751 rows stored in DB
2026-08-04 08:10:46,004 - INFO - Processing: BAJFINANCE.NS
2026-08-04 08:10:47,192 - INFO -   BAJFINANCE.NS: 1751 rows stored in DB
2026-08-04 08:10:47,192 - INFO - Processing: ASIANPAINT.NS
2026-08-04 08:10:48,302 - INFO -   ASIANPAINT.NS: 1751 rows stored in DB
2026-08-04 08:10:48,302 - INFO - Processing: MARUTI.NS
2026-08-04 08:10:49,488 - INFO -   MARUTI.NS: 1751 rows stored in DB
2026-08-04 08:10:49,489 - INFO - Processing: SUNPHARMA.NS
2026-08-04 08:10:50,768 - INFO -   SUNPHARMA.NS: 1751 rows stored in DB
2026-08-04 08:10:50,768 - INFO - Processing: WIPRO.NS
2026-08-04 08:10:51,927 - INFO -   WIPRO.NS: 1751 rows stored in DB
2026-08-04 08:10:51,928 - INFO - Processing: POWERGRID.NS
2026-08-04 08:10:53,096 - INFO -   POWERGRID.NS: 1751 rows stored in DB
2026-08-04 08:10:53,096 - INFO - Processing: NTPC.NS
2026-08-04 08:10:54,278 - INFO -   NTPC.NS: 1750 rows stored in DB
2026-08-04 08:10:54,278 - INFO - Processing: ONGC.NS
2026-08-04 08:10:55,466 - INFO -   ONGC.NS: 1751 rows stored in DB
2026-08-04 08:10:55,466 - INFO - Processing: ^NSEI
2026-08-04 08:10:56,536 - INFO -   ^NSEI: 1765 rows stored in DB
2026-08-04 08:10:56,536 - INFO - Processing: ^NSEBANK
2026-08-04 08:10:57,596 - INFO -   ^NSEBANK: 1765 rows stored in DB
2026-08-04 08:10:57,596 - INFO - Processing: ^BSESN
2026-08-04 08:10:58,642 - INFO -   ^BSESN: 1750 rows stored in DB
2026-08-04 08:10:58,642 - INFO - Processing: ^NSEMDCP50
2026-08-04 08:10:59,704 - INFO -   ^NSEMDCP50: 1765 rows stored in DB
2026-08-04 08:10:59,705 - INFO - Processing: NIFTY_FIN_SERVICE.NS
2026-08-04 08:11:00,858 - INFO -   NIFTY_FIN_SERVICE.NS: 1765 rows stored in DB
2026-08-04 08:11:00,922 - INFO - README updated.
2026-08-04 08:11:00,923 - INFO - All done.
2026-08-04 10:49:59,981 - INFO - Processing 25 symbols
2026-08-04 10:49:59,982 - INFO - Processing: RELIANCE.NS
2026-08-04 10:50:01,225 - INFO -   RELIANCE.NS: 1846 rows stored in DB
2026-08-04 10:50:01,225 - INFO - Processing: HDFCBANK.NS
2026-08-04 10:50:02,163 - INFO -   HDFCBANK.NS: 1846 rows stored in DB
2026-08-04 10:50:02,163 - INFO - Processing: ICICIBANK.NS
2026-08-04 10:50:03,255 - INFO -   ICICIBANK.NS: 1846 rows stored in DB
2026-08-04 10:50:03,256 - INFO - Processing: INFY.NS
2026-08-04 10:50:04,127 - INFO -   INFY.NS: 1846 rows stored in DB
2026-08-04 10:50:04,127 - INFO - Processing: TCS.NS
2026-08-04 10:50:04,997 - INFO -   TCS.NS: 1846 rows stored in DB
2026-08-04 10:50:04,997 - INFO - Processing: ITC.NS
2026-08-04 10:50:05,923 - INFO -   ITC.NS: 1845 rows stored in DB
2026-08-04 10:50:05,923 - INFO - Processing: HINDUNILVR.NS
2026-08-04 10:50:06,731 - INFO -   HINDUNILVR.NS: 1845 rows stored in DB
2026-08-04 10:50:06,731 - INFO - Processing: SBIN.NS
2026-08-04 10:50:07,701 - INFO -   SBIN.NS: 1845 rows stored in DB
2026-08-04 10:50:07,701 - INFO - Processing: BHARTIARTL.NS
2026-08-04 10:50:08,544 - INFO -   BHARTIARTL.NS: 1845 rows stored in DB
2026-08-04 10:50:08,544 - INFO - Processing: KOTAKBANK.NS
2026-08-04 10:50:09,381 - INFO -   KOTAKBANK.NS: 1845 rows stored in DB
2026-08-04 10:50:09,381 - INFO - Processing: LT.NS
2026-08-04 10:50:10,179 - INFO -   LT.NS: 1845 rows stored in DB
2026-08-04 10:50:10,179 - INFO - Processing: AXISBANK.NS
2026-08-04 10:50:11,894 - INFO -   AXISBANK.NS: 1845 rows stored in DB
2026-08-04 10:50:11,894 - INFO - Processing: BAJFINANCE.NS
2026-08-04 10:50:12,750 - INFO -   BAJFINANCE.NS: 1845 rows stored in DB
2026-08-04 10:50:12,750 - INFO - Processing: ASIANPAINT.NS
2026-08-04 10:50:13,593 - INFO -   ASIANPAINT.NS: 1845 rows stored in DB
2026-08-04 10:50:13,593 - INFO - Processing: MARUTI.NS
2026-08-04 10:50:14,424 - INFO -   MARUTI.NS: 1846 rows stored in DB
2026-08-04 10:50:14,424 - INFO - Processing: SUNPHARMA.NS
2026-08-04 10:50:15,311 - INFO -   SUNPHARMA.NS: 1845 rows stored in DB
2026-08-04 10:50:15,311 - INFO - Processing: WIPRO.NS
2026-08-04 10:50:16,144 - INFO -   WIPRO.NS: 1846 rows stored in DB
2026-08-04 10:50:16,144 - INFO - Processing: POWERGRID.NS
2026-08-04 10:50:16,991 - INFO -   POWERGRID.NS: 1846 rows stored in DB
2026-08-04 10:50:16,991 - INFO - Processing: NTPC.NS
2026-08-04 10:50:17,888 - INFO -   NTPC.NS: 1845 rows stored in DB
2026-08-04 10:50:17,888 - INFO - Processing: ONGC.NS
2026-08-04 10:50:18,695 - INFO -   ONGC.NS: 1845 rows stored in DB
2026-08-04 10:50:18,695 - INFO - Processing: ^NSEI
2026-08-04 10:50:19,432 - INFO -   ^NSEI: 1874 rows stored in DB
2026-08-04 10:50:19,433 - INFO - Processing: ^NSEBANK
2026-08-04 10:50:20,224 - INFO -   ^NSEBANK: 1874 rows stored in DB
2026-08-04 10:50:20,224 - INFO - Processing: ^BSESN
2026-08-04 10:50:21,007 - INFO -   ^BSESN: 1874 rows stored in DB
2026-08-04 10:50:21,007 - INFO - Processing: ^NSEMDCP50
2026-08-04 10:50:21,774 - INFO -   ^NSEMDCP50: 1874 rows stored in DB
2026-08-04 10:50:21,774 - INFO - Processing: NIFTY_FIN_SERVICE.NS
2026-08-04 10:50:22,542 - INFO -   NIFTY_FIN_SERVICE.NS: 1874 rows stored in DB
2026-08-04 10:50:22,590 - INFO - README updated.
2026-08-04 10:50:22,590 - INFO - All done.
2026-08-04 12:50:01,190 - INFO - Processing 25 symbols
2026-08-04 12:50:01,190 - INFO - Processing: RELIANCE.NS
2026-08-04 12:50:02,525 - INFO -   RELIANCE.NS: 1846 rows stored in DB
2026-08-04 12:50:02,525 - INFO - Processing: HDFCBANK.NS
2026-08-04 12:50:03,512 - INFO -   HDFCBANK.NS: 1846 rows stored in DB
2026-08-04 12:50:03,512 - INFO - Processing: ICICIBANK.NS
2026-08-04 12:50:04,519 - INFO -   ICICIBANK.NS: 1846 rows stored in DB
2026-08-04 12:50:04,519 - INFO - Processing: INFY.NS
2026-08-04 12:50:05,581 - INFO -   INFY.NS: 1846 rows stored in DB
2026-08-04 12:50:05,581 - INFO - Processing: TCS.NS
2026-08-04 12:50:06,560 - INFO -   TCS.NS: 1846 rows stored in DB
2026-08-04 12:50:06,560 - INFO - Processing: ITC.NS
2026-08-04 12:50:07,544 - INFO -   ITC.NS: 1845 rows stored in DB
2026-08-04 12:50:07,544 - INFO - Processing: HINDUNILVR.NS
2026-08-04 12:50:08,554 - INFO -   HINDUNILVR.NS: 1845 rows stored in DB
2026-08-04 12:50:08,554 - INFO - Processing: SBIN.NS
2026-08-04 12:50:09,546 - INFO -   SBIN.NS: 1845 rows stored in DB
2026-08-04 12:50:09,546 - INFO - Processing: BHARTIARTL.NS
2026-08-04 12:50:10,562 - INFO -   BHARTIARTL.NS: 1845 rows stored in DB
2026-08-04 12:50:10,563 - INFO - Processing: KOTAKBANK.NS
2026-08-04 12:50:11,552 - INFO -   KOTAKBANK.NS: 1845 rows stored in DB
2026-08-04 12:50:11,552 - INFO - Processing: LT.NS
2026-08-04 12:50:12,560 - INFO -   LT.NS: 1845 rows stored in DB
2026-08-04 12:50:12,560 - INFO - Processing: AXISBANK.NS
2026-08-04 12:50:13,579 - INFO -   AXISBANK.NS: 1845 rows stored in DB
2026-08-04 12:50:13,579 - INFO - Processing: BAJFINANCE.NS
2026-08-04 12:50:14,572 - INFO -   BAJFINANCE.NS: 1845 rows stored in DB
2026-08-04 12:50:14,572 - INFO - Processing: ASIANPAINT.NS
2026-08-04 12:50:15,569 - INFO -   ASIANPAINT.NS: 1845 rows stored in DB
2026-08-04 12:50:15,569 - INFO - Processing: MARUTI.NS
2026-08-04 12:50:16,653 - INFO -   MARUTI.NS: 1846 rows stored in DB
2026-08-04 12:50:16,653 - INFO - Processing: SUNPHARMA.NS
2026-08-04 12:50:17,722 - INFO -   SUNPHARMA.NS: 1845 rows stored in DB
2026-08-04 12:50:17,722 - INFO - Processing: WIPRO.NS
2026-08-04 12:50:18,722 - INFO -   WIPRO.NS: 1846 rows stored in DB
2026-08-04 12:50:18,723 - INFO - Processing: POWERGRID.NS
2026-08-04 12:50:19,697 - INFO -   POWERGRID.NS: 1846 rows stored in DB
2026-08-04 12:50:19,697 - INFO - Processing: NTPC.NS
2026-08-04 12:50:20,711 - INFO -   NTPC.NS: 1845 rows stored in DB
2026-08-04 12:50:20,711 - INFO - Processing: ONGC.NS
2026-08-04 12:50:21,727 - INFO -   ONGC.NS: 1845 rows stored in DB
2026-08-04 12:50:21,727 - INFO - Processing: ^NSEI
2026-08-04 12:50:22,611 - INFO -   ^NSEI: 1874 rows stored in DB
2026-08-04 12:50:22,611 - INFO - Processing: ^NSEBANK
2026-08-04 12:50:23,526 - INFO -   ^NSEBANK: 1874 rows stored in DB
2026-08-04 12:50:23,526 - INFO - Processing: ^BSESN
2026-08-04 12:50:24,425 - INFO -   ^BSESN: 1874 rows stored in DB
2026-08-04 12:50:24,425 - INFO - Processing: ^NSEMDCP50
2026-08-04 12:50:25,343 - INFO -   ^NSEMDCP50: 1874 rows stored in DB
2026-08-04 12:50:25,344 - INFO - Processing: NIFTY_FIN_SERVICE.NS
2026-08-04 12:50:26,223 - INFO -   NIFTY_FIN_SERVICE.NS: 1874 rows stored in DB
2026-08-04 12:50:26,285 - INFO - README updated.
2026-08-04 12:50:26,285 - INFO - All done.
2026-08-05 05:46:37,327 - INFO - Processing 25 symbols
2026-08-05 05:46:37,327 - INFO - Processing: RELIANCE.NS
2026-08-05 05:46:38,411 - INFO -   RELIANCE.NS: 1593 rows stored in DB
2026-08-05 05:46:38,411 - INFO - Processing: HDFCBANK.NS
2026-08-05 05:46:39,245 - INFO -   HDFCBANK.NS: 1593 rows stored in DB
2026-08-05 05:46:39,245 - INFO - Processing: ICICIBANK.NS
2026-08-05 05:46:40,083 - INFO -   ICICIBANK.NS: 1593 rows stored in DB
2026-08-05 05:46:40,083 - INFO - Processing: INFY.NS
2026-08-05 05:46:40,908 - INFO -   INFY.NS: 1593 rows stored in DB
2026-08-05 05:46:40,908 - INFO - Processing: TCS.NS
2026-08-05 05:46:41,748 - INFO -   TCS.NS: 1593 rows stored in DB
2026-08-05 05:46:41,749 - INFO - Processing: ITC.NS
2026-08-05 05:46:42,567 - INFO -   ITC.NS: 1592 rows stored in DB
2026-08-05 05:46:42,567 - INFO - Processing: HINDUNILVR.NS
2026-08-05 05:46:43,415 - INFO -   HINDUNILVR.NS: 1592 rows stored in DB
2026-08-05 05:46:43,415 - INFO - Processing: SBIN.NS
2026-08-05 05:46:44,277 - INFO -   SBIN.NS: 1592 rows stored in DB
2026-08-05 05:46:44,277 - INFO - Processing: BHARTIARTL.NS
2026-08-05 05:46:45,111 - INFO -   BHARTIARTL.NS: 1592 rows stored in DB
2026-08-05 05:46:45,111 - INFO - Processing: KOTAKBANK.NS
2026-08-05 05:46:45,954 - INFO -   KOTAKBANK.NS: 1592 rows stored in DB
2026-08-05 05:46:45,955 - INFO - Processing: LT.NS
2026-08-05 05:46:46,783 - INFO -   LT.NS: 1592 rows stored in DB
2026-08-05 05:46:46,784 - INFO - Processing: AXISBANK.NS
2026-08-05 05:46:47,619 - INFO -   AXISBANK.NS: 1592 rows stored in DB
2026-08-05 05:46:47,620 - INFO - Processing: BAJFINANCE.NS
2026-08-05 05:46:48,439 - INFO -   BAJFINANCE.NS: 1592 rows stored in DB
2026-08-05 05:46:48,439 - INFO - Processing: ASIANPAINT.NS
2026-08-05 05:46:49,274 - INFO -   ASIANPAINT.NS: 1591 rows stored in DB
2026-08-05 05:46:49,274 - INFO - Processing: MARUTI.NS
2026-08-05 05:46:50,114 - INFO -   MARUTI.NS: 1593 rows stored in DB
2026-08-05 05:46:50,114 - INFO - Processing: SUNPHARMA.NS
2026-08-05 05:46:50,948 - INFO -   SUNPHARMA.NS: 1592 rows stored in DB
2026-08-05 05:46:50,948 - INFO - Processing: WIPRO.NS
2026-08-05 05:46:51,813 - INFO -   WIPRO.NS: 1593 rows stored in DB
2026-08-05 05:46:51,814 - INFO - Processing: POWERGRID.NS
2026-08-05 05:46:52,663 - INFO -   POWERGRID.NS: 1593 rows stored in DB
2026-08-05 05:46:52,664 - INFO - Processing: NTPC.NS
2026-08-05 05:46:53,486 - INFO -   NTPC.NS: 1592 rows stored in DB
2026-08-05 05:46:53,486 - INFO - Processing: ONGC.NS
2026-08-05 05:46:54,358 - INFO -   ONGC.NS: 1592 rows stored in DB
2026-08-05 05:46:54,358 - INFO - Processing: ^NSEI
2026-08-05 05:46:55,100 - INFO -   ^NSEI: 1621 rows stored in DB
2026-08-05 05:46:55,100 - INFO - Processing: ^NSEBANK
2026-08-05 05:46:55,852 - INFO -   ^NSEBANK: 1621 rows stored in DB
2026-08-05 05:46:55,852 - INFO - Processing: ^BSESN
2026-08-05 05:46:56,590 - INFO -   ^BSESN: 1606 rows stored in DB
2026-08-05 05:46:56,590 - INFO - Processing: ^NSEMDCP50
2026-08-05 05:46:57,341 - INFO -   ^NSEMDCP50: 1621 rows stored in DB
2026-08-05 05:46:57,341 - INFO - Processing: NIFTY_FIN_SERVICE.NS
2026-08-05 05:46:58,090 - INFO -   NIFTY_FIN_SERVICE.NS: 1621 rows stored in DB
2026-08-05 05:46:58,151 - INFO - README updated.
2026-08-05 05:46:58,151 - INFO - All done.
2026-08-05 08:09:04,737 - INFO - Processing 25 symbols
2026-08-05 08:09:04,737 - INFO - Processing: RELIANCE.NS
2026-08-05 08:09:05,846 - INFO -   RELIANCE.NS: 1736 rows stored in DB
2026-08-05 08:09:05,846 - INFO - Processing: HDFCBANK.NS
2026-08-05 08:09:07,037 - INFO -   HDFCBANK.NS: 1736 rows stored in DB
2026-08-05 08:09:07,037 - INFO - Processing: ICICIBANK.NS
2026-08-05 08:09:08,356 - INFO -   ICICIBANK.NS: 1736 rows stored in DB
2026-08-05 08:09:08,356 - INFO - Processing: INFY.NS
2026-08-05 08:09:09,278 - INFO -   INFY.NS: 1736 rows stored in DB
2026-08-05 08:09:09,278 - INFO - Processing: TCS.NS
2026-08-05 08:09:10,251 - INFO -   TCS.NS: 1736 rows stored in DB
2026-08-05 08:09:10,251 - INFO - Processing: ITC.NS
2026-08-05 08:09:11,153 - INFO -   ITC.NS: 1735 rows stored in DB
2026-08-05 08:09:11,153 - INFO - Processing: HINDUNILVR.NS
2026-08-05 08:09:12,122 - INFO -   HINDUNILVR.NS: 1735 rows stored in DB
2026-08-05 08:09:12,122 - INFO - Processing: SBIN.NS
2026-08-05 08:09:13,025 - INFO -   SBIN.NS: 1735 rows stored in DB
2026-08-05 08:09:13,025 - INFO - Processing: BHARTIARTL.NS
2026-08-05 08:09:13,938 - INFO -   BHARTIARTL.NS: 1735 rows stored in DB
2026-08-05 08:09:13,938 - INFO - Processing: KOTAKBANK.NS
2026-08-05 08:09:14,847 - INFO -   KOTAKBANK.NS: 1735 rows stored in DB
2026-08-05 08:09:14,847 - INFO - Processing: LT.NS
2026-08-05 08:09:15,770 - INFO -   LT.NS: 1735 rows stored in DB
2026-08-05 08:09:15,770 - INFO - Processing: AXISBANK.NS
2026-08-05 08:09:16,689 - INFO -   AXISBANK.NS: 1735 rows stored in DB
2026-08-05 08:09:16,690 - INFO - Processing: BAJFINANCE.NS
2026-08-05 08:09:17,630 - INFO -   BAJFINANCE.NS: 1735 rows stored in DB
2026-08-05 08:09:17,630 - INFO - Processing: ASIANPAINT.NS
2026-08-05 08:09:18,539 - INFO -   ASIANPAINT.NS: 1735 rows stored in DB
2026-08-05 08:09:18,539 - INFO - Processing: MARUTI.NS
2026-08-05 08:09:19,445 - INFO -   MARUTI.NS: 1736 rows stored in DB
2026-08-05 08:09:19,445 - INFO - Processing: SUNPHARMA.NS
2026-08-05 08:09:20,361 - INFO -   SUNPHARMA.NS: 1735 rows stored in DB
2026-08-05 08:09:20,362 - INFO - Processing: WIPRO.NS
2026-08-05 08:09:21,272 - INFO -   WIPRO.NS: 1736 rows stored in DB
2026-08-05 08:09:21,272 - INFO - Processing: POWERGRID.NS
2026-08-05 08:09:22,172 - INFO -   POWERGRID.NS: 1736 rows stored in DB
2026-08-05 08:09:22,172 - INFO - Processing: NTPC.NS
2026-08-05 08:09:23,084 - INFO -   NTPC.NS: 1735 rows stored in DB
2026-08-05 08:09:23,084 - INFO - Processing: ONGC.NS
2026-08-05 08:09:24,008 - INFO -   ONGC.NS: 1735 rows stored in DB
2026-08-05 08:09:24,008 - INFO - Processing: ^NSEI
2026-08-05 08:09:24,812 - INFO -   ^NSEI: 1764 rows stored in DB
2026-08-05 08:09:24,812 - INFO - Processing: ^NSEBANK
2026-08-05 08:09:25,616 - INFO -   ^NSEBANK: 1764 rows stored in DB
2026-08-05 08:09:25,616 - INFO - Processing: ^BSESN
2026-08-05 08:09:26,398 - INFO -   ^BSESN: 1749 rows stored in DB
2026-08-05 08:09:26,398 - INFO - Processing: ^NSEMDCP50
2026-08-05 08:09:27,217 - INFO -   ^NSEMDCP50: 1764 rows stored in DB
2026-08-05 08:09:27,217 - INFO - Processing: NIFTY_FIN_SERVICE.NS
2026-08-05 08:09:28,036 - INFO -   NIFTY_FIN_SERVICE.NS: 1764 rows stored in DB
2026-08-05 08:09:28,098 - INFO - README updated.
2026-08-05 08:09:28,098 - INFO - All done.
2026-08-05 10:45:43,384 - INFO - Processing 25 symbols
2026-08-05 10:45:43,384 - INFO - Processing: RELIANCE.NS
2026-08-05 10:45:44,556 - INFO -   RELIANCE.NS: 1832 rows stored in DB
2026-08-05 10:45:44,557 - INFO - Processing: HDFCBANK.NS
2026-08-05 10:45:45,503 - INFO -   HDFCBANK.NS: 1831 rows stored in DB
2026-08-05 10:45:45,503 - INFO - Processing: ICICIBANK.NS
2026-08-05 10:45:46,846 - INFO -   ICICIBANK.NS: 1831 rows stored in DB
2026-08-05 10:45:46,846 - INFO - Processing: INFY.NS
2026-08-05 10:45:48,085 - INFO -   INFY.NS: 1831 rows stored in DB
2026-08-05 10:45:48,085 - INFO - Processing: TCS.NS
2026-08-05 10:45:49,730 - INFO -   TCS.NS: 1832 rows stored in DB
2026-08-05 10:45:49,730 - INFO - Processing: ITC.NS
2026-08-05 10:45:51,614 - INFO -   ITC.NS: 1831 rows stored in DB
2026-08-05 10:45:51,614 - INFO - Processing: HINDUNILVR.NS
2026-08-05 10:45:52,744 - INFO -   HINDUNILVR.NS: 1831 rows stored in DB
2026-08-05 10:45:52,744 - INFO - Processing: SBIN.NS
2026-08-05 10:45:53,549 - INFO -   SBIN.NS: 1831 rows stored in DB
2026-08-05 10:45:53,549 - INFO - Processing: BHARTIARTL.NS
2026-08-05 10:45:54,322 - INFO -   BHARTIARTL.NS: 1831 rows stored in DB
2026-08-05 10:45:54,322 - INFO - Processing: KOTAKBANK.NS
2026-08-05 10:45:55,090 - INFO -   KOTAKBANK.NS: 1831 rows stored in DB
2026-08-05 10:45:55,090 - INFO - Processing: LT.NS
2026-08-05 10:45:55,985 - INFO -   LT.NS: 1831 rows stored in DB
2026-08-05 10:45:55,985 - INFO - Processing: AXISBANK.NS
2026-08-05 10:45:56,867 - INFO -   AXISBANK.NS: 1831 rows stored in DB
2026-08-05 10:45:56,867 - INFO - Processing: BAJFINANCE.NS
2026-08-05 10:45:57,734 - INFO -   BAJFINANCE.NS: 1831 rows stored in DB
2026-08-05 10:45:57,734 - INFO - Processing: ASIANPAINT.NS
2026-08-05 10:45:58,593 - INFO -   ASIANPAINT.NS: 1831 rows stored in DB
2026-08-05 10:45:58,593 - INFO - Processing: MARUTI.NS
2026-08-05 10:45:59,524 - INFO -   MARUTI.NS: 1832 rows stored in DB
2026-08-05 10:45:59,525 - INFO - Processing: SUNPHARMA.NS
2026-08-05 10:46:00,447 - INFO -   SUNPHARMA.NS: 1831 rows stored in DB
2026-08-05 10:46:00,448 - INFO - Processing: WIPRO.NS
2026-08-05 10:46:01,221 - INFO -   WIPRO.NS: 1832 rows stored in DB
2026-08-05 10:46:01,221 - INFO - Processing: POWERGRID.NS
2026-08-05 10:46:02,219 - INFO -   POWERGRID.NS: 1832 rows stored in DB
2026-08-05 10:46:02,219 - INFO - Processing: NTPC.NS
2026-08-05 10:46:03,113 - INFO -   NTPC.NS: 1831 rows stored in DB
2026-08-05 10:46:03,113 - INFO - Processing: ONGC.NS
2026-08-05 10:46:04,087 - INFO -   ONGC.NS: 1831 rows stored in DB
2026-08-05 10:46:04,087 - INFO - Processing: ^NSEI
2026-08-05 10:46:04,877 - INFO -   ^NSEI: 1874 rows stored in DB
2026-08-05 10:46:04,877 - INFO - Processing: ^NSEBANK
2026-08-05 10:46:05,690 - INFO -   ^NSEBANK: 1874 rows stored in DB
2026-08-05 10:46:05,690 - INFO - Processing: ^BSESN
2026-08-05 10:46:06,524 - INFO -   ^BSESN: 1874 rows stored in DB
2026-08-05 10:46:06,524 - INFO - Processing: ^NSEMDCP50
2026-08-05 10:46:07,287 - INFO -   ^NSEMDCP50: 1874 rows stored in DB
2026-08-05 10:46:07,287 - INFO - Processing: NIFTY_FIN_SERVICE.NS
2026-08-05 10:46:07,988 - INFO -   NIFTY_FIN_SERVICE.NS: 1874 rows stored in DB
2026-08-05 10:46:08,040 - INFO - README updated.
2026-08-05 10:46:08,041 - INFO - All done.
2026-08-05 12:27:34,218 - INFO - Processing 25 symbols
2026-08-05 12:27:34,218 - INFO - Processing: RELIANCE.NS
2026-08-05 12:27:35,475 - INFO -   RELIANCE.NS: 1832 rows stored in DB
2026-08-05 12:27:35,475 - INFO - Processing: HDFCBANK.NS
2026-08-05 12:27:36,344 - INFO -   HDFCBANK.NS: 1831 rows stored in DB
2026-08-05 12:27:36,344 - INFO - Processing: ICICIBANK.NS
2026-08-05 12:27:37,169 - INFO -   ICICIBANK.NS: 1831 rows stored in DB
2026-08-05 12:27:37,169 - INFO - Processing: INFY.NS
2026-08-05 12:27:37,933 - INFO -   INFY.NS: 1831 rows stored in DB
2026-08-05 12:27:37,933 - INFO - Processing: TCS.NS
2026-08-05 12:27:39,164 - INFO -   TCS.NS: 1832 rows stored in DB
2026-08-05 12:27:39,164 - INFO - Processing: ITC.NS
2026-08-05 12:27:40,226 - INFO -   ITC.NS: 1831 rows stored in DB
2026-08-05 12:27:40,226 - INFO - Processing: HINDUNILVR.NS
2026-08-05 12:27:41,007 - INFO -   HINDUNILVR.NS: 1831 rows stored in DB
2026-08-05 12:27:41,007 - INFO - Processing: SBIN.NS
2026-08-05 12:27:41,759 - INFO -   SBIN.NS: 1831 rows stored in DB
2026-08-05 12:27:41,759 - INFO - Processing: BHARTIARTL.NS
2026-08-05 12:27:42,633 - INFO -   BHARTIARTL.NS: 1831 rows stored in DB
2026-08-05 12:27:42,633 - INFO - Processing: KOTAKBANK.NS
2026-08-05 12:27:43,640 - INFO -   KOTAKBANK.NS: 1831 rows stored in DB
2026-08-05 12:27:43,641 - INFO - Processing: LT.NS
2026-08-05 12:27:44,571 - INFO -   LT.NS: 1831 rows stored in DB
2026-08-05 12:27:44,572 - INFO - Processing: AXISBANK.NS
2026-08-05 12:27:45,681 - INFO -   AXISBANK.NS: 1831 rows stored in DB
2026-08-05 12:27:45,682 - INFO - Processing: BAJFINANCE.NS
2026-08-05 12:27:46,656 - INFO -   BAJFINANCE.NS: 1831 rows stored in DB
2026-08-05 12:27:46,656 - INFO - Processing: ASIANPAINT.NS
2026-08-05 12:27:47,572 - INFO -   ASIANPAINT.NS: 1831 rows stored in DB
2026-08-05 12:27:47,572 - INFO - Processing: MARUTI.NS
2026-08-05 12:27:48,639 - INFO -   MARUTI.NS: 1832 rows stored in DB
2026-08-05 12:27:48,640 - INFO - Processing: SUNPHARMA.NS
2026-08-05 12:27:49,737 - INFO -   SUNPHARMA.NS: 1831 rows stored in DB
2026-08-05 12:27:49,737 - INFO - Processing: WIPRO.NS
2026-08-05 12:27:50,793 - INFO -   WIPRO.NS: 1832 rows stored in DB
2026-08-05 12:27:50,793 - INFO - Processing: POWERGRID.NS
2026-08-05 12:27:51,770 - INFO -   POWERGRID.NS: 1832 rows stored in DB
2026-08-05 12:27:51,770 - INFO - Processing: NTPC.NS
2026-08-05 12:27:52,746 - INFO -   NTPC.NS: 1831 rows stored in DB
2026-08-05 12:27:52,746 - INFO - Processing: ONGC.NS
2026-08-05 12:27:53,739 - INFO -   ONGC.NS: 1831 rows stored in DB
2026-08-05 12:27:53,739 - INFO - Processing: ^NSEI
2026-08-05 12:27:54,597 - INFO -   ^NSEI: 1874 rows stored in DB
2026-08-05 12:27:54,597 - INFO - Processing: ^NSEBANK
2026-08-05 12:27:55,468 - INFO -   ^NSEBANK: 1874 rows stored in DB
2026-08-05 12:27:55,468 - INFO - Processing: ^BSESN
2026-08-05 12:27:56,305 - INFO -   ^BSESN: 1874 rows stored in DB
2026-08-05 12:27:56,305 - INFO - Processing: ^NSEMDCP50
2026-08-05 12:27:57,291 - INFO -   ^NSEMDCP50: 1874 rows stored in DB
2026-08-05 12:27:57,291 - INFO - Processing: NIFTY_FIN_SERVICE.NS
2026-08-05 12:27:58,125 - INFO -   NIFTY_FIN_SERVICE.NS: 1874 rows stored in DB
2026-08-05 12:27:58,168 - INFO - README updated.
2026-08-05 12:27:58,169 - INFO - All done.
2026-08-06 05:49:17,702 - INFO - Processing 25 symbols
2026-08-06 05:49:17,702 - INFO - Processing: RELIANCE.NS
2026-08-06 05:49:18,746 - INFO -   RELIANCE.NS: 1582 rows stored in DB
2026-08-06 05:49:18,746 - INFO - Processing: HDFCBANK.NS
2026-08-06 05:49:19,598 - INFO -   HDFCBANK.NS: 1581 rows stored in DB
2026-08-06 05:49:19,598 - INFO - Processing: ICICIBANK.NS
2026-08-06 05:49:20,436 - INFO -   ICICIBANK.NS: 1581 rows stored in DB
2026-08-06 05:49:20,437 - INFO - Processing: INFY.NS
2026-08-06 05:49:21,269 - INFO -   INFY.NS: 1581 rows stored in DB
2026-08-06 05:49:21,269 - INFO - Processing: TCS.NS
2026-08-06 05:49:22,124 - INFO -   TCS.NS: 1582 rows stored in DB
2026-08-06 05:49:22,124 - INFO - Processing: ITC.NS
2026-08-06 05:49:22,973 - INFO -   ITC.NS: 1581 rows stored in DB
2026-08-06 05:49:22,973 - INFO - Processing: HINDUNILVR.NS
2026-08-06 05:49:23,809 - INFO -   HINDUNILVR.NS: 1581 rows stored in DB
2026-08-06 05:49:23,809 - INFO - Processing: SBIN.NS
2026-08-06 05:49:24,644 - INFO -   SBIN.NS: 1581 rows stored in DB
2026-08-06 05:49:24,644 - INFO - Processing: BHARTIARTL.NS
2026-08-06 05:49:25,467 - INFO -   BHARTIARTL.NS: 1581 rows stored in DB
2026-08-06 05:49:25,467 - INFO - Processing: KOTAKBANK.NS
2026-08-06 05:49:26,346 - INFO -   KOTAKBANK.NS: 1581 rows stored in DB
2026-08-06 05:49:26,346 - INFO - Processing: LT.NS
2026-08-06 05:49:27,199 - INFO -   LT.NS: 1581 rows stored in DB
2026-08-06 05:49:27,199 - INFO - Processing: AXISBANK.NS
2026-08-06 05:49:28,055 - INFO -   AXISBANK.NS: 1581 rows stored in DB
2026-08-06 05:49:28,055 - INFO - Processing: BAJFINANCE.NS
2026-08-06 05:49:28,903 - INFO -   BAJFINANCE.NS: 1581 rows stored in DB
2026-08-06 05:49:28,904 - INFO - Processing: ASIANPAINT.NS
2026-08-06 05:49:29,744 - INFO -   ASIANPAINT.NS: 1581 rows stored in DB
2026-08-06 05:49:29,744 - INFO - Processing: MARUTI.NS
2026-08-06 05:49:30,599 - INFO -   MARUTI.NS: 1582 rows stored in DB
2026-08-06 05:49:30,599 - INFO - Processing: SUNPHARMA.NS
2026-08-06 05:49:31,458 - INFO -   SUNPHARMA.NS: 1581 rows stored in DB
2026-08-06 05:49:31,458 - INFO - Processing: WIPRO.NS
2026-08-06 05:49:32,297 - INFO -   WIPRO.NS: 1582 rows stored in DB
2026-08-06 05:49:32,297 - INFO - Processing: POWERGRID.NS
2026-08-06 05:49:33,166 - INFO -   POWERGRID.NS: 1582 rows stored in DB
2026-08-06 05:49:33,166 - INFO - Processing: NTPC.NS
2026-08-06 05:49:34,073 - INFO -   NTPC.NS: 1581 rows stored in DB
2026-08-06 05:49:34,074 - INFO - Processing: ONGC.NS
2026-08-06 05:49:34,927 - INFO -   ONGC.NS: 1581 rows stored in DB
2026-08-06 05:49:34,927 - INFO - Processing: ^NSEI
2026-08-06 05:49:35,681 - INFO -   ^NSEI: 1624 rows stored in DB
2026-08-06 05:49:35,681 - INFO - Processing: ^NSEBANK
2026-08-06 05:49:36,441 - INFO -   ^NSEBANK: 1624 rows stored in DB
2026-08-06 05:49:36,441 - INFO - Processing: ^BSESN
2026-08-06 05:49:37,199 - INFO -   ^BSESN: 1609 rows stored in DB
2026-08-06 05:49:37,199 - INFO - Processing: ^NSEMDCP50
2026-08-06 05:49:37,965 - INFO -   ^NSEMDCP50: 1624 rows stored in DB
2026-08-06 05:49:37,965 - INFO - Processing: NIFTY_FIN_SERVICE.NS
2026-08-06 05:49:38,730 - INFO -   NIFTY_FIN_SERVICE.NS: 1624 rows stored in DB
2026-08-06 05:49:38,793 - INFO - README updated.
2026-08-06 05:49:38,793 - INFO - All done.
2026-08-06 08:08:08,362 - INFO - Processing 25 symbols
2026-08-06 08:08:08,362 - INFO - Processing: RELIANCE.NS
2026-08-06 08:08:09,454 - INFO -   RELIANCE.NS: 1721 rows stored in DB
2026-08-06 08:08:09,455 - INFO - Processing: HDFCBANK.NS
2026-08-06 08:08:10,400 - INFO -   HDFCBANK.NS: 1720 rows stored in DB
2026-08-06 08:08:10,400 - INFO - Processing: ICICIBANK.NS
2026-08-06 08:08:11,316 - INFO -   ICICIBANK.NS: 1720 rows stored in DB
2026-08-06 08:08:11,316 - INFO - Processing: INFY.NS
2026-08-06 08:08:12,369 - INFO -   INFY.NS: 1720 rows stored in DB
2026-08-06 08:08:12,369 - INFO - Processing: TCS.NS
2026-08-06 08:08:13,368 - INFO -   TCS.NS: 1721 rows stored in DB
2026-08-06 08:08:13,368 - INFO - Processing: ITC.NS
2026-08-06 08:08:14,398 - INFO -   ITC.NS: 1720 rows stored in DB
2026-08-06 08:08:14,398 - INFO - Processing: HINDUNILVR.NS
2026-08-06 08:08:15,456 - INFO -   HINDUNILVR.NS: 1720 rows stored in DB
2026-08-06 08:08:15,456 - INFO - Processing: SBIN.NS
2026-08-06 08:08:16,404 - INFO -   SBIN.NS: 1720 rows stored in DB
2026-08-06 08:08:16,404 - INFO - Processing: BHARTIARTL.NS
2026-08-06 08:08:17,493 - INFO -   BHARTIARTL.NS: 1692 rows stored in DB
2026-08-06 08:08:17,493 - INFO - Processing: KOTAKBANK.NS
2026-08-06 08:08:18,415 - INFO -   KOTAKBANK.NS: 1720 rows stored in DB
2026-08-06 08:08:18,415 - INFO - Processing: LT.NS
2026-08-06 08:08:19,425 - INFO -   LT.NS: 1720 rows stored in DB
2026-08-06 08:08:19,425 - INFO - Processing: AXISBANK.NS
2026-08-06 08:08:20,401 - INFO -   AXISBANK.NS: 1720 rows stored in DB
2026-08-06 08:08:20,401 - INFO - Processing: BAJFINANCE.NS
2026-08-06 08:08:21,320 - INFO -   BAJFINANCE.NS: 1720 rows stored in DB
2026-08-06 08:08:21,320 - INFO - Processing: ASIANPAINT.NS
2026-08-06 08:08:22,242 - INFO -   ASIANPAINT.NS: 1720 rows stored in DB
2026-08-06 08:08:22,242 - INFO - Processing: MARUTI.NS
2026-08-06 08:08:23,218 - INFO -   MARUTI.NS: 1721 rows stored in DB
2026-08-06 08:08:23,218 - INFO - Processing: SUNPHARMA.NS
2026-08-06 08:08:24,146 - INFO -   SUNPHARMA.NS: 1720 rows stored in DB
2026-08-06 08:08:24,146 - INFO - Processing: WIPRO.NS
2026-08-06 08:08:25,199 - INFO -   WIPRO.NS: 1721 rows stored in DB
2026-08-06 08:08:25,199 - INFO - Processing: POWERGRID.NS
2026-08-06 08:08:26,134 - INFO -   POWERGRID.NS: 1721 rows stored in DB
2026-08-06 08:08:26,134 - INFO - Processing: NTPC.NS
2026-08-06 08:08:27,080 - INFO -   NTPC.NS: 1720 rows stored in DB
2026-08-06 08:08:27,080 - INFO - Processing: ONGC.NS
2026-08-06 08:08:28,016 - INFO -   ONGC.NS: 1720 rows stored in DB
2026-08-06 08:08:28,016 - INFO - Processing: ^NSEI
2026-08-06 08:08:28,848 - INFO -   ^NSEI: 1763 rows stored in DB
2026-08-06 08:08:28,848 - INFO - Processing: ^NSEBANK
2026-08-06 08:08:29,775 - INFO -   ^NSEBANK: 1735 rows stored in DB
2026-08-06 08:08:29,775 - INFO - Processing: ^BSESN
2026-08-06 08:08:30,697 - INFO -   ^BSESN: 1748 rows stored in DB
2026-08-06 08:08:30,697 - INFO - Processing: ^NSEMDCP50
2026-08-06 08:08:31,625 - INFO -   ^NSEMDCP50: 1763 rows stored in DB
2026-08-06 08:08:31,625 - INFO - Processing: NIFTY_FIN_SERVICE.NS
2026-08-06 08:08:32,532 - INFO -   NIFTY_FIN_SERVICE.NS: 1763 rows stored in DB
2026-08-06 08:08:32,595 - INFO - README updated.
2026-08-06 08:08:32,595 - INFO - All done.
2026-08-06 10:48:27,681 - INFO - Processing 25 symbols
2026-08-06 10:48:27,681 - INFO - Processing: RELIANCE.NS
2026-08-06 10:48:28,779 - INFO -   RELIANCE.NS: 1695 rows stored in DB
2026-08-06 10:48:28,779 - INFO - Processing: HDFCBANK.NS
2026-08-06 10:48:29,700 - INFO -   HDFCBANK.NS: 1694 rows stored in DB
2026-08-06 10:48:29,700 - INFO - Processing: ICICIBANK.NS
2026-08-06 10:48:30,624 - INFO -   ICICIBANK.NS: 1694 rows stored in DB
2026-08-06 10:48:30,624 - INFO - Processing: INFY.NS
2026-08-06 10:48:31,557 - INFO -   INFY.NS: 1694 rows stored in DB
2026-08-06 10:48:31,557 - INFO - Processing: TCS.NS
2026-08-06 10:48:32,476 - INFO -   TCS.NS: 1695 rows stored in DB
2026-08-06 10:48:32,476 - INFO - Processing: ITC.NS
2026-08-06 10:48:33,393 - INFO -   ITC.NS: 1694 rows stored in DB
2026-08-06 10:48:33,394 - INFO - Processing: HINDUNILVR.NS
2026-08-06 10:48:34,279 - INFO -   HINDUNILVR.NS: 1694 rows stored in DB
2026-08-06 10:48:34,279 - INFO - Processing: SBIN.NS
2026-08-06 10:48:35,184 - INFO -   SBIN.NS: 1694 rows stored in DB
2026-08-06 10:48:35,184 - INFO - Processing: BHARTIARTL.NS
2026-08-06 10:48:36,077 - INFO -   BHARTIARTL.NS: 1691 rows stored in DB
2026-08-06 10:48:36,077 - INFO - Processing: KOTAKBANK.NS
2026-08-06 10:48:36,986 - INFO -   KOTAKBANK.NS: 1694 rows stored in DB
2026-08-06 10:48:36,986 - INFO - Processing: LT.NS
2026-08-06 10:48:37,891 - INFO -   LT.NS: 1690 rows stored in DB
2026-08-06 10:48:37,891 - INFO - Processing: AXISBANK.NS
2026-08-06 10:48:38,789 - INFO -   AXISBANK.NS: 1694 rows stored in DB
2026-08-06 10:48:38,789 - INFO - Processing: BAJFINANCE.NS
2026-08-06 10:48:39,680 - INFO -   BAJFINANCE.NS: 1694 rows stored in DB
2026-08-06 10:48:39,680 - INFO - Processing: ASIANPAINT.NS
2026-08-06 10:48:40,577 - INFO -   ASIANPAINT.NS: 1692 rows stored in DB
2026-08-06 10:48:40,577 - INFO - Processing: MARUTI.NS
2026-08-06 10:48:41,492 - INFO -   MARUTI.NS: 1692 rows stored in DB
2026-08-06 10:48:41,492 - INFO - Processing: SUNPHARMA.NS
2026-08-06 10:48:42,470 - INFO -   SUNPHARMA.NS: 1694 rows stored in DB
2026-08-06 10:48:42,470 - INFO - Processing: WIPRO.NS
2026-08-06 10:48:43,389 - INFO -   WIPRO.NS: 1695 rows stored in DB
2026-08-06 10:48:43,390 - INFO - Processing: POWERGRID.NS
2026-08-06 10:48:44,310 - INFO -   POWERGRID.NS: 1695 rows stored in DB
2026-08-06 10:48:44,311 - INFO - Processing: NTPC.NS
2026-08-06 10:48:45,275 - INFO -   NTPC.NS: 1694 rows stored in DB
2026-08-06 10:48:45,275 - INFO - Processing: ONGC.NS
2026-08-06 10:48:46,240 - INFO -   ONGC.NS: 1694 rows stored in DB
2026-08-06 10:48:46,240 - INFO - Processing: ^NSEI
2026-08-06 10:48:47,054 - INFO -   ^NSEI: 1737 rows stored in DB
2026-08-06 10:48:47,054 - INFO - Processing: ^NSEBANK
2026-08-06 10:48:47,861 - INFO -   ^NSEBANK: 1737 rows stored in DB
2026-08-06 10:48:47,861 - INFO - Processing: ^BSESN
2026-08-06 10:48:48,736 - INFO -   ^BSESN: 1722 rows stored in DB
2026-08-06 10:48:48,736 - INFO - Processing: ^NSEMDCP50
2026-08-06 10:48:49,550 - INFO -   ^NSEMDCP50: 1734 rows stored in DB
2026-08-06 10:48:49,551 - INFO - Processing: NIFTY_FIN_SERVICE.NS
2026-08-06 10:48:50,349 - INFO -   NIFTY_FIN_SERVICE.NS: 1737 rows stored in DB
2026-08-06 10:48:50,411 - INFO - README updated.
2026-08-06 10:48:50,412 - INFO - All done.
2026-08-06 12:31:24,912 - INFO - Processing 25 symbols
2026-08-06 12:31:24,912 - INFO - Processing: RELIANCE.NS
2026-08-06 12:31:26,123 - INFO -   RELIANCE.NS: 1695 rows stored in DB
2026-08-06 12:31:26,123 - INFO - Processing: HDFCBANK.NS
2026-08-06 12:31:27,049 - INFO -   HDFCBANK.NS: 1694 rows stored in DB
2026-08-06 12:31:27,049 - INFO - Processing: ICICIBANK.NS
2026-08-06 12:31:27,981 - INFO -   ICICIBANK.NS: 1694 rows stored in DB
2026-08-06 12:31:27,981 - INFO - Processing: INFY.NS
2026-08-06 12:31:28,900 - INFO -   INFY.NS: 1694 rows stored in DB
2026-08-06 12:31:28,900 - INFO - Processing: TCS.NS
2026-08-06 12:31:29,840 - INFO -   TCS.NS: 1695 rows stored in DB
2026-08-06 12:31:29,840 - INFO - Processing: ITC.NS
2026-08-06 12:31:30,735 - INFO -   ITC.NS: 1694 rows stored in DB
2026-08-06 12:31:30,735 - INFO - Processing: HINDUNILVR.NS
2026-08-06 12:31:31,640 - INFO -   HINDUNILVR.NS: 1694 rows stored in DB
2026-08-06 12:31:31,640 - INFO - Processing: SBIN.NS
2026-08-06 12:31:32,585 - INFO -   SBIN.NS: 1694 rows stored in DB
2026-08-06 12:31:32,586 - INFO - Processing: BHARTIARTL.NS
2026-08-06 12:31:33,490 - INFO -   BHARTIARTL.NS: 1691 rows stored in DB
2026-08-06 12:31:33,490 - INFO - Processing: KOTAKBANK.NS
2026-08-06 12:31:34,393 - INFO -   KOTAKBANK.NS: 1694 rows stored in DB
2026-08-06 12:31:34,393 - INFO - Processing: LT.NS
2026-08-06 12:31:35,314 - INFO -   LT.NS: 1690 rows stored in DB
2026-08-06 12:31:35,314 - INFO - Processing: AXISBANK.NS
2026-08-06 12:31:36,234 - INFO -   AXISBANK.NS: 1694 rows stored in DB
2026-08-06 12:31:36,235 - INFO - Processing: BAJFINANCE.NS
2026-08-06 12:31:37,137 - INFO -   BAJFINANCE.NS: 1694 rows stored in DB
2026-08-06 12:31:37,137 - INFO - Processing: ASIANPAINT.NS
2026-08-06 12:31:38,058 - INFO -   ASIANPAINT.NS: 1692 rows stored in DB
2026-08-06 12:31:38,058 - INFO - Processing: MARUTI.NS
2026-08-06 12:31:38,987 - INFO -   MARUTI.NS: 1692 rows stored in DB
2026-08-06 12:31:38,987 - INFO - Processing: SUNPHARMA.NS
2026-08-06 12:31:39,946 - INFO -   SUNPHARMA.NS: 1694 rows stored in DB
2026-08-06 12:31:39,946 - INFO - Processing: WIPRO.NS
2026-08-06 12:31:40,869 - INFO -   WIPRO.NS: 1695 rows stored in DB
2026-08-06 12:31:40,869 - INFO - Processing: POWERGRID.NS
2026-08-06 12:31:41,792 - INFO -   POWERGRID.NS: 1695 rows stored in DB
2026-08-06 12:31:41,793 - INFO - Processing: NTPC.NS
2026-08-06 12:31:42,710 - INFO -   NTPC.NS: 1694 rows stored in DB
2026-08-06 12:31:42,710 - INFO - Processing: ONGC.NS
2026-08-06 12:31:43,649 - INFO -   ONGC.NS: 1694 rows stored in DB
2026-08-06 12:31:43,649 - INFO - Processing: ^NSEI
2026-08-06 12:31:44,494 - INFO -   ^NSEI: 1737 rows stored in DB
2026-08-06 12:31:44,494 - INFO - Processing: ^NSEBANK
2026-08-06 12:31:45,333 - INFO -   ^NSEBANK: 1737 rows stored in DB
2026-08-06 12:31:45,333 - INFO - Processing: ^BSESN
2026-08-06 12:31:46,137 - INFO -   ^BSESN: 1722 rows stored in DB
2026-08-06 12:31:46,137 - INFO - Processing: ^NSEMDCP50
2026-08-06 12:31:46,951 - INFO -   ^NSEMDCP50: 1734 rows stored in DB
2026-08-06 12:31:46,951 - INFO - Processing: NIFTY_FIN_SERVICE.NS
2026-08-06 12:31:47,772 - INFO -   NIFTY_FIN_SERVICE.NS: 1737 rows stored in DB
2026-08-06 12:31:47,834 - INFO - README updated.
2026-08-06 12:31:47,834 - INFO - All done.
2026-08-07 04:55:03,646 - INFO - Processing 25 symbols
2026-08-07 04:55:03,646 - INFO - Processing: RELIANCE.NS
2026-08-07 04:55:04,621 - INFO -   RELIANCE.NS: 1514 rows stored in DB
2026-08-07 04:55:04,621 - INFO - Processing: HDFCBANK.NS
2026-08-07 04:55:05,443 - INFO -   HDFCBANK.NS: 1513 rows stored in DB
2026-08-07 04:55:05,444 - INFO - Processing: ICICIBANK.NS
2026-08-07 04:55:06,275 - INFO -   ICICIBANK.NS: 1512 rows stored in DB
2026-08-07 04:55:06,275 - INFO - Processing: INFY.NS
2026-08-07 04:55:07,102 - INFO -   INFY.NS: 1513 rows stored in DB
2026-08-07 04:55:07,102 - INFO - Processing: TCS.NS
2026-08-07 04:55:07,928 - INFO -   TCS.NS: 1514 rows stored in DB
2026-08-07 04:55:07,928 - INFO - Processing: ITC.NS
2026-08-07 04:55:08,732 - INFO -   ITC.NS: 1513 rows stored in DB
2026-08-07 04:55:08,733 - INFO - Processing: HINDUNILVR.NS
2026-08-07 04:55:09,587 - INFO -   HINDUNILVR.NS: 1513 rows stored in DB
2026-08-07 04:55:09,588 - INFO - Processing: SBIN.NS
2026-08-07 04:55:10,430 - INFO -   SBIN.NS: 1513 rows stored in DB
2026-08-07 04:55:10,430 - INFO - Processing: BHARTIARTL.NS
2026-08-07 04:55:11,266 - INFO -   BHARTIARTL.NS: 1513 rows stored in DB
2026-08-07 04:55:11,266 - INFO - Processing: KOTAKBANK.NS
2026-08-07 04:55:12,088 - INFO -   KOTAKBANK.NS: 1513 rows stored in DB
2026-08-07 04:55:12,088 - INFO - Processing: LT.NS
2026-08-07 04:55:12,915 - INFO -   LT.NS: 1513 rows stored in DB
2026-08-07 04:55:12,915 - INFO - Processing: AXISBANK.NS
2026-08-07 04:55:13,761 - INFO -   AXISBANK.NS: 1513 rows stored in DB
2026-08-07 04:55:13,761 - INFO - Processing: BAJFINANCE.NS
2026-08-07 04:55:14,573 - INFO -   BAJFINANCE.NS: 1513 rows stored in DB
2026-08-07 04:55:14,574 - INFO - Processing: ASIANPAINT.NS
2026-08-07 04:55:15,398 - INFO -   ASIANPAINT.NS: 1513 rows stored in DB
2026-08-07 04:55:15,398 - INFO - Processing: MARUTI.NS
2026-08-07 04:55:16,207 - INFO -   MARUTI.NS: 1514 rows stored in DB
2026-08-07 04:55:16,207 - INFO - Processing: SUNPHARMA.NS
2026-08-07 04:55:17,043 - INFO -   SUNPHARMA.NS: 1513 rows stored in DB
2026-08-07 04:55:17,043 - INFO - Processing: WIPRO.NS
2026-08-07 04:55:17,872 - INFO -   WIPRO.NS: 1514 rows stored in DB
2026-08-07 04:55:17,872 - INFO - Processing: POWERGRID.NS
2026-08-07 04:55:18,715 - INFO -   POWERGRID.NS: 1514 rows stored in DB
2026-08-07 04:55:18,715 - INFO - Processing: NTPC.NS
2026-08-07 04:55:19,529 - INFO -   NTPC.NS: 1513 rows stored in DB
2026-08-07 04:55:19,529 - INFO - Processing: ONGC.NS
2026-08-07 04:55:20,366 - INFO -   ONGC.NS: 1513 rows stored in DB
2026-08-07 04:55:20,366 - INFO - Processing: ^NSEI
2026-08-07 04:55:21,130 - INFO -   ^NSEI: 1570 rows stored in DB
2026-08-07 04:55:21,130 - INFO - Processing: ^NSEBANK
2026-08-07 04:55:21,898 - INFO -   ^NSEBANK: 1570 rows stored in DB
2026-08-07 04:55:21,898 - INFO - Processing: ^BSESN
2026-08-07 04:55:22,664 - INFO -   ^BSESN: 1555 rows stored in DB
2026-08-07 04:55:22,664 - INFO - Processing: ^NSEMDCP50
2026-08-07 04:55:23,400 - INFO -   ^NSEMDCP50: 1570 rows stored in DB
2026-08-07 04:55:23,400 - INFO - Processing: NIFTY_FIN_SERVICE.NS
2026-08-07 04:55:24,133 - INFO -   NIFTY_FIN_SERVICE.NS: 1570 rows stored in DB
2026-08-07 04:55:24,196 - INFO - README updated.
2026-08-07 04:55:24,196 - INFO - All done.
2026-08-07 06:09:13,883 - INFO - Processing 25 symbols
2026-08-07 06:09:13,883 - INFO - Processing: RELIANCE.NS
2026-08-07 06:09:14,825 - INFO -   RELIANCE.NS: 1585 rows stored in DB
2026-08-07 06:09:14,825 - INFO - Processing: HDFCBANK.NS
2026-08-07 06:09:15,661 - INFO -   HDFCBANK.NS: 1587 rows stored in DB
2026-08-07 06:09:15,661 - INFO - Processing: ICICIBANK.NS
2026-08-07 06:09:16,484 - INFO -   ICICIBANK.NS: 1587 rows stored in DB
2026-08-07 06:09:16,484 - INFO - Processing: INFY.NS
2026-08-07 06:09:17,320 - INFO -   INFY.NS: 1587 rows stored in DB
2026-08-07 06:09:17,320 - INFO - Processing: TCS.NS
2026-08-07 06:09:18,149 - INFO -   TCS.NS: 1588 rows stored in DB
2026-08-07 06:09:18,149 - INFO - Processing: ITC.NS
2026-08-07 06:09:18,972 - INFO -   ITC.NS: 1587 rows stored in DB
2026-08-07 06:09:18,973 - INFO - Processing: HINDUNILVR.NS
2026-08-07 06:09:19,797 - INFO -   HINDUNILVR.NS: 1585 rows stored in DB
2026-08-07 06:09:19,797 - INFO - Processing: SBIN.NS
2026-08-07 06:09:20,631 - INFO -   SBIN.NS: 1584 rows stored in DB
2026-08-07 06:09:20,631 - INFO - Processing: BHARTIARTL.NS
2026-08-07 06:09:21,461 - INFO -   BHARTIARTL.NS: 1584 rows stored in DB
2026-08-07 06:09:21,461 - INFO - Processing: KOTAKBANK.NS
2026-08-07 06:09:22,292 - INFO -   KOTAKBANK.NS: 1587 rows stored in DB
2026-08-07 06:09:22,292 - INFO - Processing: LT.NS
2026-08-07 06:09:23,128 - INFO -   LT.NS: 1584 rows stored in DB
2026-08-07 06:09:23,128 - INFO - Processing: AXISBANK.NS
2026-08-07 06:09:23,949 - INFO -   AXISBANK.NS: 1587 rows stored in DB
2026-08-07 06:09:23,949 - INFO - Processing: BAJFINANCE.NS
2026-08-07 06:09:24,763 - INFO -   BAJFINANCE.NS: 1587 rows stored in DB
2026-08-07 06:09:24,763 - INFO - Processing: ASIANPAINT.NS
2026-08-07 06:09:25,597 - INFO -   ASIANPAINT.NS: 1585 rows stored in DB
2026-08-07 06:09:25,597 - INFO - Processing: MARUTI.NS
2026-08-07 06:09:26,421 - INFO -   MARUTI.NS: 1586 rows stored in DB
2026-08-07 06:09:26,421 - INFO - Processing: SUNPHARMA.NS
2026-08-07 06:09:27,237 - INFO -   SUNPHARMA.NS: 1584 rows stored in DB
2026-08-07 06:09:27,237 - INFO - Processing: WIPRO.NS
2026-08-07 06:09:28,059 - INFO -   WIPRO.NS: 1588 rows stored in DB
2026-08-07 06:09:28,059 - INFO - Processing: POWERGRID.NS
2026-08-07 06:09:28,880 - INFO -   POWERGRID.NS: 1588 rows stored in DB
2026-08-07 06:09:28,880 - INFO - Processing: NTPC.NS
2026-08-07 06:09:29,700 - INFO -   NTPC.NS: 1584 rows stored in DB
2026-08-07 06:09:29,700 - INFO - Processing: ONGC.NS
2026-08-07 06:09:30,536 - INFO -   ONGC.NS: 1587 rows stored in DB
2026-08-07 06:09:30,536 - INFO - Processing: ^NSEI
2026-08-07 06:09:31,273 - INFO -   ^NSEI: 1641 rows stored in DB
2026-08-07 06:09:31,273 - INFO - Processing: ^NSEBANK
2026-08-07 06:09:32,018 - INFO -   ^NSEBANK: 1644 rows stored in DB
2026-08-07 06:09:32,018 - INFO - Processing: ^BSESN
2026-08-07 06:09:32,761 - INFO -   ^BSESN: 1629 rows stored in DB
2026-08-07 06:09:32,761 - INFO - Processing: ^NSEMDCP50
2026-08-07 06:09:33,505 - INFO -   ^NSEMDCP50: 1641 rows stored in DB
2026-08-07 06:09:33,505 - INFO - Processing: NIFTY_FIN_SERVICE.NS
2026-08-07 06:09:34,252 - INFO -   NIFTY_FIN_SERVICE.NS: 1641 rows stored in DB
2026-08-07 06:09:34,313 - INFO - README updated.
2026-08-07 06:09:34,314 - INFO - All done.
2026-08-07 07:40:10,972 - INFO - Processing 25 symbols
2026-08-07 07:40:10,972 - INFO - Processing: RELIANCE.NS
2026-08-07 07:40:11,875 - INFO -   RELIANCE.NS: 1679 rows stored in DB
2026-08-07 07:40:11,875 - INFO - Processing: HDFCBANK.NS
2026-08-07 07:40:12,654 - INFO -   HDFCBANK.NS: 1678 rows stored in DB
2026-08-07 07:40:12,654 - INFO - Processing: ICICIBANK.NS
2026-08-07 07:40:13,387 - INFO -   ICICIBANK.NS: 1678 rows stored in DB
2026-08-07 07:40:13,387 - INFO - Processing: INFY.NS
2026-08-07 07:40:14,123 - INFO -   INFY.NS: 1678 rows stored in DB
2026-08-07 07:40:14,123 - INFO - Processing: TCS.NS
2026-08-07 07:40:14,864 - INFO -   TCS.NS: 1679 rows stored in DB
2026-08-07 07:40:14,864 - INFO - Processing: ITC.NS
2026-08-07 07:40:15,606 - INFO -   ITC.NS: 1678 rows stored in DB
2026-08-07 07:40:15,606 - INFO - Processing: HINDUNILVR.NS
2026-08-07 07:40:16,332 - INFO -   HINDUNILVR.NS: 1678 rows stored in DB
2026-08-07 07:40:16,332 - INFO - Processing: SBIN.NS
2026-08-07 07:40:17,071 - INFO -   SBIN.NS: 1678 rows stored in DB
2026-08-07 07:40:17,071 - INFO - Processing: BHARTIARTL.NS
2026-08-07 07:40:17,903 - INFO -   BHARTIARTL.NS: 1678 rows stored in DB
2026-08-07 07:40:17,903 - INFO - Processing: KOTAKBANK.NS
2026-08-07 07:40:18,638 - INFO -   KOTAKBANK.NS: 1678 rows stored in DB
2026-08-07 07:40:18,638 - INFO - Processing: LT.NS
2026-08-07 07:40:19,367 - INFO -   LT.NS: 1678 rows stored in DB
2026-08-07 07:40:19,367 - INFO - Processing: AXISBANK.NS
2026-08-07 07:40:20,117 - INFO -   AXISBANK.NS: 1678 rows stored in DB
2026-08-07 07:40:20,117 - INFO - Processing: BAJFINANCE.NS
2026-08-07 07:40:20,833 - INFO -   BAJFINANCE.NS: 1678 rows stored in DB
2026-08-07 07:40:20,833 - INFO - Processing: ASIANPAINT.NS
2026-08-07 07:40:21,566 - INFO -   ASIANPAINT.NS: 1678 rows stored in DB
2026-08-07 07:40:21,566 - INFO - Processing: MARUTI.NS
2026-08-07 07:40:22,284 - INFO -   MARUTI.NS: 1679 rows stored in DB
2026-08-07 07:40:22,284 - INFO - Processing: SUNPHARMA.NS
2026-08-07 07:40:23,004 - INFO -   SUNPHARMA.NS: 1678 rows stored in DB
2026-08-07 07:40:23,004 - INFO - Processing: WIPRO.NS
2026-08-07 07:40:23,735 - INFO -   WIPRO.NS: 1679 rows stored in DB
2026-08-07 07:40:23,735 - INFO - Processing: POWERGRID.NS
2026-08-07 07:40:24,491 - INFO -   POWERGRID.NS: 1679 rows stored in DB
2026-08-07 07:40:24,491 - INFO - Processing: NTPC.NS
2026-08-07 07:40:25,242 - INFO -   NTPC.NS: 1678 rows stored in DB
2026-08-07 07:40:25,242 - INFO - Processing: ONGC.NS
2026-08-07 07:40:25,979 - INFO -   ONGC.NS: 1678 rows stored in DB
2026-08-07 07:40:25,979 - INFO - Processing: ^NSEI
2026-08-07 07:40:26,642 - INFO -   ^NSEI: 1735 rows stored in DB
2026-08-07 07:40:26,642 - INFO - Processing: ^NSEBANK
2026-08-07 07:40:27,293 - INFO -   ^NSEBANK: 1735 rows stored in DB
2026-08-07 07:40:27,293 - INFO - Processing: ^BSESN
2026-08-07 07:40:27,954 - INFO -   ^BSESN: 1720 rows stored in DB
2026-08-07 07:40:27,954 - INFO - Processing: ^NSEMDCP50
2026-08-07 07:40:28,605 - INFO -   ^NSEMDCP50: 1735 rows stored in DB
2026-08-07 07:40:28,605 - INFO - Processing: NIFTY_FIN_SERVICE.NS
2026-08-07 07:40:29,279 - INFO -   NIFTY_FIN_SERVICE.NS: 1735 rows stored in DB
2026-08-07 07:40:29,338 - INFO - README updated.
2026-08-07 07:40:29,338 - INFO - All done.
2026-08-07 08:39:22,948 - INFO - Processing 25 symbols
2026-08-07 08:39:22,948 - INFO - Processing: RELIANCE.NS
2026-08-07 08:39:23,797 - INFO -   RELIANCE.NS: 1738 rows stored in DB
2026-08-07 08:39:23,798 - INFO - Processing: HDFCBANK.NS
2026-08-07 08:39:24,398 - INFO -   HDFCBANK.NS: 1737 rows stored in DB
2026-08-07 08:39:24,398 - INFO - Processing: ICICIBANK.NS
2026-08-07 08:39:25,082 - INFO -   ICICIBANK.NS: 1737 rows stored in DB
2026-08-07 08:39:25,083 - INFO - Processing: INFY.NS
2026-08-07 08:39:25,796 - INFO -   INFY.NS: 1737 rows stored in DB
2026-08-07 08:39:25,796 - INFO - Processing: TCS.NS
2026-08-07 08:39:26,418 - INFO -   TCS.NS: 1738 rows stored in DB
2026-08-07 08:39:26,418 - INFO - Processing: ITC.NS
2026-08-07 08:39:27,241 - INFO -   ITC.NS: 1737 rows stored in DB
2026-08-07 08:39:27,241 - INFO - Processing: HINDUNILVR.NS
2026-08-07 08:39:27,942 - INFO -   HINDUNILVR.NS: 1737 rows stored in DB
2026-08-07 08:39:27,942 - INFO - Processing: SBIN.NS
2026-08-07 08:39:28,808 - INFO -   SBIN.NS: 1737 rows stored in DB
2026-08-07 08:39:28,809 - INFO - Processing: BHARTIARTL.NS
2026-08-07 08:39:29,538 - INFO -   BHARTIARTL.NS: 1734 rows stored in DB
2026-08-07 08:39:29,538 - INFO - Processing: KOTAKBANK.NS
2026-08-07 08:39:30,130 - INFO -   KOTAKBANK.NS: 1737 rows stored in DB
2026-08-07 08:39:30,130 - INFO - Processing: LT.NS
2026-08-07 08:39:30,732 - INFO -   LT.NS: 1737 rows stored in DB
2026-08-07 08:39:30,732 - INFO - Processing: AXISBANK.NS
2026-08-07 08:39:31,384 - INFO -   AXISBANK.NS: 1737 rows stored in DB
2026-08-07 08:39:31,384 - INFO - Processing: BAJFINANCE.NS
2026-08-07 08:39:31,976 - INFO -   BAJFINANCE.NS: 1737 rows stored in DB
2026-08-07 08:39:31,976 - INFO - Processing: ASIANPAINT.NS
2026-08-07 08:39:32,678 - INFO -   ASIANPAINT.NS: 1737 rows stored in DB
2026-08-07 08:39:32,678 - INFO - Processing: MARUTI.NS
2026-08-07 08:39:33,271 - INFO -   MARUTI.NS: 1738 rows stored in DB
2026-08-07 08:39:33,271 - INFO - Processing: SUNPHARMA.NS
2026-08-07 08:39:34,014 - INFO -   SUNPHARMA.NS: 1737 rows stored in DB
2026-08-07 08:39:34,014 - INFO - Processing: WIPRO.NS
2026-08-07 08:39:35,005 - INFO -   WIPRO.NS: 1738 rows stored in DB
2026-08-07 08:39:35,006 - INFO - Processing: POWERGRID.NS
2026-08-07 08:39:35,829 - INFO -   POWERGRID.NS: 1738 rows stored in DB
2026-08-07 08:39:35,829 - INFO - Processing: NTPC.NS
2026-08-07 08:39:36,520 - INFO -   NTPC.NS: 1737 rows stored in DB
2026-08-07 08:39:36,521 - INFO - Processing: ONGC.NS
2026-08-07 08:39:37,223 - INFO -   ONGC.NS: 1737 rows stored in DB
2026-08-07 08:39:37,223 - INFO - Processing: ^NSEI
2026-08-07 08:39:38,005 - INFO -   ^NSEI: 1794 rows stored in DB
2026-08-07 08:39:38,006 - INFO - Processing: ^NSEBANK
2026-08-07 08:39:38,687 - INFO -   ^NSEBANK: 1794 rows stored in DB
2026-08-07 08:39:38,687 - INFO - Processing: ^BSESN
2026-08-07 08:39:39,299 - INFO -   ^BSESN: 1779 rows stored in DB
2026-08-07 08:39:39,299 - INFO - Processing: ^NSEMDCP50
2026-08-07 08:39:41,024 - INFO -   ^NSEMDCP50: 1794 rows stored in DB
2026-08-07 08:39:41,024 - INFO - Processing: NIFTY_FIN_SERVICE.NS
2026-08-07 08:39:42,025 - INFO -   NIFTY_FIN_SERVICE.NS: 1794 rows stored in DB
2026-08-07 08:39:42,070 - INFO - README updated.
2026-08-07 08:39:42,070 - INFO - All done.
2026-08-07 09:40:31,729 - INFO - Processing 25 symbols
2026-08-07 09:40:31,729 - INFO - Processing: RELIANCE.NS
2026-08-07 09:40:32,843 - INFO -   RELIANCE.NS: 1796 rows stored in DB
2026-08-07 09:40:32,843 - INFO - Processing: HDFCBANK.NS
2026-08-07 09:40:33,748 - INFO -   HDFCBANK.NS: 1798 rows stored in DB
2026-08-07 09:40:33,748 - INFO - Processing: ICICIBANK.NS
2026-08-07 09:40:34,643 - INFO -   ICICIBANK.NS: 1798 rows stored in DB
2026-08-07 09:40:34,643 - INFO - Processing: INFY.NS
2026-08-07 09:40:35,542 - INFO -   INFY.NS: 1798 rows stored in DB
2026-08-07 09:40:35,542 - INFO - Processing: TCS.NS
2026-08-07 09:40:36,431 - INFO -   TCS.NS: 1799 rows stored in DB
2026-08-07 09:40:36,431 - INFO - Processing: ITC.NS
2026-08-07 09:40:37,352 - INFO -   ITC.NS: 1798 rows stored in DB
2026-08-07 09:40:37,352 - INFO - Processing: HINDUNILVR.NS
2026-08-07 09:40:38,251 - INFO -   HINDUNILVR.NS: 1796 rows stored in DB
2026-08-07 09:40:38,251 - INFO - Processing: SBIN.NS
2026-08-07 09:40:39,129 - INFO -   SBIN.NS: 1795 rows stored in DB
2026-08-07 09:40:39,130 - INFO - Processing: BHARTIARTL.NS
2026-08-07 09:40:40,039 - INFO -   BHARTIARTL.NS: 1795 rows stored in DB
2026-08-07 09:40:40,039 - INFO - Processing: KOTAKBANK.NS
2026-08-07 09:40:40,933 - INFO -   KOTAKBANK.NS: 1798 rows stored in DB
2026-08-07 09:40:40,933 - INFO - Processing: LT.NS
2026-08-07 09:40:41,821 - INFO -   LT.NS: 1795 rows stored in DB
2026-08-07 09:40:41,822 - INFO - Processing: AXISBANK.NS
2026-08-07 09:40:42,721 - INFO -   AXISBANK.NS: 1798 rows stored in DB
2026-08-07 09:40:42,721 - INFO - Processing: BAJFINANCE.NS
2026-08-07 09:40:43,603 - INFO -   BAJFINANCE.NS: 1798 rows stored in DB
2026-08-07 09:40:43,604 - INFO - Processing: ASIANPAINT.NS
2026-08-07 09:40:44,506 - INFO -   ASIANPAINT.NS: 1796 rows stored in DB
2026-08-07 09:40:44,506 - INFO - Processing: MARUTI.NS
2026-08-07 09:40:45,425 - INFO -   MARUTI.NS: 1797 rows stored in DB
2026-08-07 09:40:45,425 - INFO - Processing: SUNPHARMA.NS
2026-08-07 09:40:46,331 - INFO -   SUNPHARMA.NS: 1795 rows stored in DB
2026-08-07 09:40:46,331 - INFO - Processing: WIPRO.NS
2026-08-07 09:40:47,227 - INFO -   WIPRO.NS: 1799 rows stored in DB
2026-08-07 09:40:47,227 - INFO - Processing: POWERGRID.NS
2026-08-07 09:40:48,117 - INFO -   POWERGRID.NS: 1799 rows stored in DB
2026-08-07 09:40:48,117 - INFO - Processing: NTPC.NS
2026-08-07 09:40:49,015 - INFO -   NTPC.NS: 1795 rows stored in DB
2026-08-07 09:40:49,015 - INFO - Processing: ONGC.NS
2026-08-07 09:40:49,914 - INFO -   ONGC.NS: 1798 rows stored in DB
2026-08-07 09:40:49,915 - INFO - Processing: ^NSEI
2026-08-07 09:40:50,712 - INFO -   ^NSEI: 1852 rows stored in DB
2026-08-07 09:40:50,712 - INFO - Processing: ^NSEBANK
2026-08-07 09:40:51,523 - INFO -   ^NSEBANK: 1855 rows stored in DB
2026-08-07 09:40:51,523 - INFO - Processing: ^BSESN
2026-08-07 09:40:52,343 - INFO -   ^BSESN: 1840 rows stored in DB
2026-08-07 09:40:52,343 - INFO - Processing: ^NSEMDCP50
2026-08-07 09:40:53,177 - INFO -   ^NSEMDCP50: 1852 rows stored in DB
2026-08-07 09:40:53,177 - INFO - Processing: NIFTY_FIN_SERVICE.NS
2026-08-07 09:40:53,991 - INFO -   NIFTY_FIN_SERVICE.NS: 1852 rows stored in DB
2026-08-07 09:40:54,052 - INFO - README updated.
2026-08-07 09:40:54,052 - INFO - All done.
2026-08-07 10:33:43,729 - INFO - Processing 25 symbols
2026-08-07 10:33:43,729 - INFO - Processing: RELIANCE.NS
2026-08-07 10:33:44,681 - INFO -   RELIANCE.NS: 1804 rows stored in DB
2026-08-07 10:33:44,681 - INFO - Processing: HDFCBANK.NS
2026-08-07 10:33:45,454 - INFO -   HDFCBANK.NS: 1803 rows stored in DB
2026-08-07 10:33:45,454 - INFO - Processing: ICICIBANK.NS
2026-08-07 10:33:46,259 - INFO -   ICICIBANK.NS: 1803 rows stored in DB
2026-08-07 10:33:46,259 - INFO - Processing: INFY.NS
2026-08-07 10:33:47,080 - INFO -   INFY.NS: 1803 rows stored in DB
2026-08-07 10:33:47,080 - INFO - Processing: TCS.NS
2026-08-07 10:33:47,842 - INFO -   TCS.NS: 1804 rows stored in DB
2026-08-07 10:33:47,842 - INFO - Processing: ITC.NS
2026-08-07 10:33:48,629 - INFO -   ITC.NS: 1803 rows stored in DB
2026-08-07 10:33:48,629 - INFO - Processing: HINDUNILVR.NS
2026-08-07 10:33:49,431 - INFO -   HINDUNILVR.NS: 1802 rows stored in DB
2026-08-07 10:33:49,431 - INFO - Processing: SBIN.NS
2026-08-07 10:33:50,217 - INFO -   SBIN.NS: 1802 rows stored in DB
2026-08-07 10:33:50,217 - INFO - Processing: BHARTIARTL.NS
2026-08-07 10:33:50,986 - INFO -   BHARTIARTL.NS: 1803 rows stored in DB
2026-08-07 10:33:50,987 - INFO - Processing: KOTAKBANK.NS
2026-08-07 10:33:51,745 - INFO -   KOTAKBANK.NS: 1803 rows stored in DB
2026-08-07 10:33:51,745 - INFO - Processing: LT.NS
2026-08-07 10:33:52,520 - INFO -   LT.NS: 1803 rows stored in DB
2026-08-07 10:33:52,520 - INFO - Processing: AXISBANK.NS
2026-08-07 10:33:53,321 - INFO -   AXISBANK.NS: 1803 rows stored in DB
2026-08-07 10:33:53,321 - INFO - Processing: BAJFINANCE.NS
2026-08-07 10:33:54,088 - INFO -   BAJFINANCE.NS: 1803 rows stored in DB
2026-08-07 10:33:54,088 - INFO - Processing: ASIANPAINT.NS
2026-08-07 10:33:54,926 - INFO -   ASIANPAINT.NS: 1803 rows stored in DB
2026-08-07 10:33:54,926 - INFO - Processing: MARUTI.NS
2026-08-07 10:33:55,701 - INFO -   MARUTI.NS: 1804 rows stored in DB
2026-08-07 10:33:55,701 - INFO - Processing: SUNPHARMA.NS
2026-08-07 10:33:56,498 - INFO -   SUNPHARMA.NS: 1803 rows stored in DB
2026-08-07 10:33:56,499 - INFO - Processing: WIPRO.NS
2026-08-07 10:33:57,279 - INFO -   WIPRO.NS: 1804 rows stored in DB
2026-08-07 10:33:57,280 - INFO - Processing: POWERGRID.NS
2026-08-07 10:33:58,054 - INFO -   POWERGRID.NS: 1804 rows stored in DB
2026-08-07 10:33:58,054 - INFO - Processing: NTPC.NS
2026-08-07 10:33:58,827 - INFO -   NTPC.NS: 1803 rows stored in DB
2026-08-07 10:33:58,827 - INFO - Processing: ONGC.NS
2026-08-07 10:33:59,606 - INFO -   ONGC.NS: 1803 rows stored in DB
2026-08-07 10:33:59,607 - INFO - Processing: ^NSEI
2026-08-07 10:34:00,295 - INFO -   ^NSEI: 1874 rows stored in DB
2026-08-07 10:34:00,296 - INFO - Processing: ^NSEBANK
2026-08-07 10:34:01,067 - INFO -   ^NSEBANK: 1874 rows stored in DB
2026-08-07 10:34:01,067 - INFO - Processing: ^BSESN
2026-08-07 10:34:01,803 - INFO -   ^BSESN: 1874 rows stored in DB
2026-08-07 10:34:01,803 - INFO - Processing: ^NSEMDCP50
2026-08-07 10:34:02,516 - INFO -   ^NSEMDCP50: 1874 rows stored in DB
2026-08-07 10:34:02,516 - INFO - Processing: NIFTY_FIN_SERVICE.NS
2026-08-07 10:34:03,215 - INFO -   NIFTY_FIN_SERVICE.NS: 1874 rows stored in DB
2026-08-07 10:34:03,273 - INFO - README updated.
2026-08-07 10:34:03,273 - INFO - All done.
2026-08-07 11:27:32,738 - INFO - Processing 25 symbols
2026-08-07 11:27:32,738 - INFO - Processing: RELIANCE.NS
2026-08-07 11:27:33,947 - INFO -   RELIANCE.NS: 1804 rows stored in DB
2026-08-07 11:27:33,948 - INFO - Processing: HDFCBANK.NS
2026-08-07 11:27:34,958 - INFO -   HDFCBANK.NS: 1803 rows stored in DB
2026-08-07 11:27:34,958 - INFO - Processing: ICICIBANK.NS
2026-08-07 11:27:35,914 - INFO -   ICICIBANK.NS: 1803 rows stored in DB
2026-08-07 11:27:35,914 - INFO - Processing: INFY.NS
2026-08-07 11:27:36,882 - INFO -   INFY.NS: 1803 rows stored in DB
2026-08-07 11:27:36,882 - INFO - Processing: TCS.NS
2026-08-07 11:27:38,093 - INFO -   TCS.NS: 1804 rows stored in DB
2026-08-07 11:27:38,093 - INFO - Processing: ITC.NS
2026-08-07 11:27:39,058 - INFO -   ITC.NS: 1803 rows stored in DB
2026-08-07 11:27:39,058 - INFO - Processing: HINDUNILVR.NS
2026-08-07 11:27:39,991 - INFO -   HINDUNILVR.NS: 1802 rows stored in DB
2026-08-07 11:27:39,991 - INFO - Processing: SBIN.NS
2026-08-07 11:27:41,051 - INFO -   SBIN.NS: 1802 rows stored in DB
2026-08-07 11:27:41,051 - INFO - Processing: BHARTIARTL.NS
2026-08-07 11:27:42,001 - INFO -   BHARTIARTL.NS: 1803 rows stored in DB
2026-08-07 11:27:42,001 - INFO - Processing: KOTAKBANK.NS
2026-08-07 11:27:42,930 - INFO -   KOTAKBANK.NS: 1803 rows stored in DB
2026-08-07 11:27:42,930 - INFO - Processing: LT.NS
2026-08-07 11:27:44,021 - INFO -   LT.NS: 1803 rows stored in DB
2026-08-07 11:27:44,022 - INFO - Processing: AXISBANK.NS
2026-08-07 11:27:44,996 - INFO -   AXISBANK.NS: 1803 rows stored in DB
2026-08-07 11:27:44,996 - INFO - Processing: BAJFINANCE.NS
2026-08-07 11:27:45,918 - INFO -   BAJFINANCE.NS: 1803 rows stored in DB
2026-08-07 11:27:45,919 - INFO - Processing: ASIANPAINT.NS
2026-08-07 11:27:46,900 - INFO -   ASIANPAINT.NS: 1803 rows stored in DB
2026-08-07 11:27:46,900 - INFO - Processing: MARUTI.NS
2026-08-07 11:27:47,929 - INFO -   MARUTI.NS: 1804 rows stored in DB
2026-08-07 11:27:47,929 - INFO - Processing: SUNPHARMA.NS
2026-08-07 11:27:48,951 - INFO -   SUNPHARMA.NS: 1803 rows stored in DB
2026-08-07 11:27:48,951 - INFO - Processing: WIPRO.NS
2026-08-07 11:27:49,938 - INFO -   WIPRO.NS: 1804 rows stored in DB
2026-08-07 11:27:49,938 - INFO - Processing: POWERGRID.NS
2026-08-07 11:27:50,862 - INFO -   POWERGRID.NS: 1804 rows stored in DB
2026-08-07 11:27:50,862 - INFO - Processing: NTPC.NS
2026-08-07 11:27:51,846 - INFO -   NTPC.NS: 1803 rows stored in DB
2026-08-07 11:27:51,847 - INFO - Processing: ONGC.NS
2026-08-07 11:27:52,762 - INFO -   ONGC.NS: 1803 rows stored in DB
2026-08-07 11:27:52,762 - INFO - Processing: ^NSEI
2026-08-07 11:27:53,619 - INFO -   ^NSEI: 1874 rows stored in DB
2026-08-07 11:27:53,619 - INFO - Processing: ^NSEBANK
2026-08-07 11:27:54,440 - INFO -   ^NSEBANK: 1874 rows stored in DB
2026-08-07 11:27:54,440 - INFO - Processing: ^BSESN
2026-08-07 11:27:55,280 - INFO -   ^BSESN: 1874 rows stored in DB
2026-08-07 11:27:55,280 - INFO - Processing: ^NSEMDCP50
2026-08-07 11:27:56,145 - INFO -   ^NSEMDCP50: 1874 rows stored in DB
2026-08-07 11:27:56,145 - INFO - Processing: NIFTY_FIN_SERVICE.NS
2026-08-07 11:27:57,089 - INFO -   NIFTY_FIN_SERVICE.NS: 1874 rows stored in DB
2026-08-07 11:27:57,150 - INFO - README updated.
2026-08-07 11:27:57,150 - INFO - All done.
2026-08-10 04:38:36,976 - INFO - Processing 25 symbols
2026-08-10 04:38:36,976 - INFO - Processing: RELIANCE.NS
2026-08-10 04:38:38,241 - INFO -   RELIANCE.NS: 1494 rows stored in DB
2026-08-10 04:38:38,241 - INFO - Processing: HDFCBANK.NS
2026-08-10 04:38:39,152 - INFO -   HDFCBANK.NS: 1496 rows stored in DB
2026-08-10 04:38:39,153 - INFO - Processing: ICICIBANK.NS
2026-08-10 04:38:40,046 - INFO -   ICICIBANK.NS: 1496 rows stored in DB
2026-08-10 04:38:40,046 - INFO - Processing: INFY.NS
2026-08-10 04:38:40,960 - INFO -   INFY.NS: 1496 rows stored in DB
2026-08-10 04:38:40,960 - INFO - Processing: TCS.NS
2026-08-10 04:38:41,897 - INFO -   TCS.NS: 1497 rows stored in DB
2026-08-10 04:38:41,897 - INFO - Processing: ITC.NS
2026-08-10 04:38:42,841 - INFO -   ITC.NS: 1496 rows stored in DB
2026-08-10 04:38:42,841 - INFO - Processing: HINDUNILVR.NS
2026-08-10 04:38:43,790 - INFO -   HINDUNILVR.NS: 1493 rows stored in DB
2026-08-10 04:38:43,790 - INFO - Processing: SBIN.NS
2026-08-10 04:38:44,706 - INFO -   SBIN.NS: 1493 rows stored in DB
2026-08-10 04:38:44,706 - INFO - Processing: BHARTIARTL.NS
2026-08-10 04:38:45,616 - INFO -   BHARTIARTL.NS: 1493 rows stored in DB
2026-08-10 04:38:45,616 - INFO - Processing: KOTAKBANK.NS
2026-08-10 04:38:46,523 - INFO -   KOTAKBANK.NS: 1496 rows stored in DB
2026-08-10 04:38:46,524 - INFO - Processing: LT.NS
2026-08-10 04:38:47,475 - INFO -   LT.NS: 1493 rows stored in DB
2026-08-10 04:38:47,475 - INFO - Processing: AXISBANK.NS
2026-08-10 04:38:48,414 - INFO -   AXISBANK.NS: 1496 rows stored in DB
2026-08-10 04:38:48,414 - INFO - Processing: BAJFINANCE.NS
2026-08-10 04:38:49,326 - INFO -   BAJFINANCE.NS: 1496 rows stored in DB
2026-08-10 04:38:49,326 - INFO - Processing: ASIANPAINT.NS
2026-08-10 04:38:50,240 - INFO -   ASIANPAINT.NS: 1494 rows stored in DB
2026-08-10 04:38:50,240 - INFO - Processing: MARUTI.NS
2026-08-10 04:38:51,165 - INFO -   MARUTI.NS: 1495 rows stored in DB
2026-08-10 04:38:51,165 - INFO - Processing: SUNPHARMA.NS
2026-08-10 04:38:52,078 - INFO -   SUNPHARMA.NS: 1493 rows stored in DB
2026-08-10 04:38:52,078 - INFO - Processing: WIPRO.NS
2026-08-10 04:38:52,993 - INFO -   WIPRO.NS: 1497 rows stored in DB
2026-08-10 04:38:52,993 - INFO - Processing: POWERGRID.NS
2026-08-10 04:38:53,927 - INFO -   POWERGRID.NS: 1497 rows stored in DB
2026-08-10 04:38:53,927 - INFO - Processing: NTPC.NS
2026-08-10 04:38:54,833 - INFO -   NTPC.NS: 1494 rows stored in DB
2026-08-10 04:38:54,833 - INFO - Processing: ONGC.NS
2026-08-10 04:38:55,771 - INFO -   ONGC.NS: 1496 rows stored in DB
2026-08-10 04:38:55,771 - INFO - Processing: ^NSEI
2026-08-10 04:38:56,607 - INFO -   ^NSEI: 1550 rows stored in DB
2026-08-10 04:38:56,607 - INFO - Processing: ^NSEBANK
2026-08-10 04:38:57,447 - INFO -   ^NSEBANK: 1553 rows stored in DB
2026-08-10 04:38:57,447 - INFO - Processing: ^BSESN
2026-08-10 04:38:58,291 - INFO -   ^BSESN: 1538 rows stored in DB
2026-08-10 04:38:58,291 - INFO - Processing: ^NSEMDCP50
2026-08-10 04:38:59,137 - INFO -   ^NSEMDCP50: 1550 rows stored in DB
2026-08-10 04:38:59,137 - INFO - Processing: NIFTY_FIN_SERVICE.NS
2026-08-10 04:39:00,043 - INFO -   NIFTY_FIN_SERVICE.NS: 1550 rows stored in DB
2026-08-10 04:39:00,106 - INFO - README updated.
2026-08-10 04:39:00,106 - INFO - All done.
2026-08-10 06:01:43,861 - INFO - Processing 25 symbols
2026-08-10 06:01:43,861 - INFO - Processing: RELIANCE.NS
2026-08-10 06:01:45,113 - INFO -   RELIANCE.NS: 1577 rows stored in DB
2026-08-10 06:01:45,113 - INFO - Processing: HDFCBANK.NS
2026-08-10 06:01:45,789 - INFO -   HDFCBANK.NS: 1579 rows stored in DB
2026-08-10 06:01:45,790 - INFO - Processing: ICICIBANK.NS
2026-08-10 06:01:46,473 - INFO -   ICICIBANK.NS: 1579 rows stored in DB
2026-08-10 06:01:46,474 - INFO - Processing: INFY.NS
2026-08-10 06:01:47,172 - INFO -   INFY.NS: 1579 rows stored in DB
2026-08-10 06:01:47,172 - INFO - Processing: TCS.NS
2026-08-10 06:01:47,861 - INFO -   TCS.NS: 1580 rows stored in DB
2026-08-10 06:01:47,861 - INFO - Processing: ITC.NS
2026-08-10 06:01:48,544 - INFO -   ITC.NS: 1579 rows stored in DB
2026-08-10 06:01:48,544 - INFO - Processing: HINDUNILVR.NS
2026-08-10 06:01:49,307 - INFO -   HINDUNILVR.NS: 1576 rows stored in DB
2026-08-10 06:01:49,307 - INFO - Processing: SBIN.NS
2026-08-10 06:01:50,285 - INFO -   SBIN.NS: 1576 rows stored in DB
2026-08-10 06:01:50,285 - INFO - Processing: BHARTIARTL.NS
2026-08-10 06:01:51,819 - INFO -   BHARTIARTL.NS: 1576 rows stored in DB
2026-08-10 06:01:51,819 - INFO - Processing: KOTAKBANK.NS
2026-08-10 06:01:54,112 - INFO -   KOTAKBANK.NS: 1579 rows stored in DB
2026-08-10 06:01:54,112 - INFO - Processing: LT.NS
2026-08-10 06:01:54,889 - INFO -   LT.NS: 1576 rows stored in DB
2026-08-10 06:01:54,889 - INFO - Processing: AXISBANK.NS
2026-08-10 06:01:55,691 - INFO -   AXISBANK.NS: 1579 rows stored in DB
2026-08-10 06:01:55,691 - INFO - Processing: BAJFINANCE.NS
2026-08-10 06:01:56,526 - INFO -   BAJFINANCE.NS: 1579 rows stored in DB
2026-08-10 06:01:56,526 - INFO - Processing: ASIANPAINT.NS
2026-08-10 06:01:57,312 - INFO -   ASIANPAINT.NS: 1577 rows stored in DB
2026-08-10 06:01:57,312 - INFO - Processing: MARUTI.NS
2026-08-10 06:01:58,084 - INFO -   MARUTI.NS: 1578 rows stored in DB
2026-08-10 06:01:58,084 - INFO - Processing: SUNPHARMA.NS
2026-08-10 06:01:58,816 - INFO -   SUNPHARMA.NS: 1576 rows stored in DB
2026-08-10 06:01:58,817 - INFO - Processing: WIPRO.NS
2026-08-10 06:01:59,726 - INFO -   WIPRO.NS: 1580 rows stored in DB
2026-08-10 06:01:59,726 - INFO - Processing: POWERGRID.NS
2026-08-10 06:02:00,413 - INFO -   POWERGRID.NS: 1580 rows stored in DB
2026-08-10 06:02:00,413 - INFO - Processing: NTPC.NS
2026-08-10 06:02:01,252 - INFO -   NTPC.NS: 1577 rows stored in DB
2026-08-10 06:02:01,252 - INFO - Processing: ONGC.NS
2026-08-10 06:02:01,961 - INFO -   ONGC.NS: 1579 rows stored in DB
2026-08-10 06:02:01,961 - INFO - Processing: ^NSEI
2026-08-10 06:02:02,885 - INFO -   ^NSEI: 1634 rows stored in DB
2026-08-10 06:02:02,885 - INFO - Processing: ^NSEBANK
2026-08-10 06:02:03,721 - INFO -   ^NSEBANK: 1637 rows stored in DB
2026-08-10 06:02:03,721 - INFO - Processing: ^BSESN
2026-08-10 06:02:04,452 - INFO -   ^BSESN: 1622 rows stored in DB
2026-08-10 06:02:04,452 - INFO - Processing: ^NSEMDCP50
2026-08-10 06:02:05,490 - INFO -   ^NSEMDCP50: 1634 rows stored in DB
2026-08-10 06:02:05,490 - INFO - Processing: NIFTY_FIN_SERVICE.NS
2026-08-10 06:02:06,095 - INFO -   NIFTY_FIN_SERVICE.NS: 1634 rows stored in DB
2026-08-10 06:02:06,141 - INFO - README updated.
2026-08-10 06:02:06,141 - INFO - All done.
2026-08-10 07:59:09,866 - INFO - Processing 25 symbols
2026-08-10 07:59:09,866 - INFO - Processing: RELIANCE.NS
2026-08-10 07:59:11,095 - INFO -   RELIANCE.NS: 1695 rows stored in DB
2026-08-10 07:59:11,095 - INFO - Processing: HDFCBANK.NS
2026-08-10 07:59:12,008 - INFO -   HDFCBANK.NS: 1697 rows stored in DB
2026-08-10 07:59:12,008 - INFO - Processing: ICICIBANK.NS
2026-08-10 07:59:12,911 - INFO -   ICICIBANK.NS: 1697 rows stored in DB
2026-08-10 07:59:12,911 - INFO - Processing: INFY.NS
2026-08-10 07:59:13,845 - INFO -   INFY.NS: 1697 rows stored in DB
2026-08-10 07:59:13,845 - INFO - Processing: TCS.NS
2026-08-10 07:59:14,833 - INFO -   TCS.NS: 1698 rows stored in DB
2026-08-10 07:59:14,833 - INFO - Processing: ITC.NS
2026-08-10 07:59:15,734 - INFO -   ITC.NS: 1697 rows stored in DB
2026-08-10 07:59:15,734 - INFO - Processing: HINDUNILVR.NS
2026-08-10 07:59:16,737 - INFO -   HINDUNILVR.NS: 1694 rows stored in DB
2026-08-10 07:59:16,737 - INFO - Processing: SBIN.NS
2026-08-10 07:59:17,696 - INFO -   SBIN.NS: 1694 rows stored in DB
2026-08-10 07:59:17,696 - INFO - Processing: BHARTIARTL.NS
2026-08-10 07:59:18,605 - INFO -   BHARTIARTL.NS: 1694 rows stored in DB
2026-08-10 07:59:18,605 - INFO - Processing: KOTAKBANK.NS
2026-08-10 07:59:19,528 - INFO -   KOTAKBANK.NS: 1697 rows stored in DB
2026-08-10 07:59:19,528 - INFO - Processing: LT.NS
2026-08-10 07:59:20,468 - INFO -   LT.NS: 1694 rows stored in DB
2026-08-10 07:59:20,468 - INFO - Processing: AXISBANK.NS
2026-08-10 07:59:21,381 - INFO -   AXISBANK.NS: 1697 rows stored in DB
2026-08-10 07:59:21,381 - INFO - Processing: BAJFINANCE.NS
2026-08-10 07:59:22,305 - INFO -   BAJFINANCE.NS: 1697 rows stored in DB
2026-08-10 07:59:22,305 - INFO - Processing: ASIANPAINT.NS
2026-08-10 07:59:23,216 - INFO -   ASIANPAINT.NS: 1695 rows stored in DB
2026-08-10 07:59:23,216 - INFO - Processing: MARUTI.NS
2026-08-10 07:59:24,108 - INFO -   MARUTI.NS: 1696 rows stored in DB
2026-08-10 07:59:24,108 - INFO - Processing: SUNPHARMA.NS
2026-08-10 07:59:25,032 - INFO -   SUNPHARMA.NS: 1694 rows stored in DB
2026-08-10 07:59:25,032 - INFO - Processing: WIPRO.NS
2026-08-10 07:59:25,978 - INFO -   WIPRO.NS: 1698 rows stored in DB
2026-08-10 07:59:25,978 - INFO - Processing: POWERGRID.NS
2026-08-10 07:59:26,870 - INFO -   POWERGRID.NS: 1698 rows stored in DB
2026-08-10 07:59:26,870 - INFO - Processing: NTPC.NS
2026-08-10 07:59:27,841 - INFO -   NTPC.NS: 1695 rows stored in DB
2026-08-10 07:59:27,841 - INFO - Processing: ONGC.NS
2026-08-10 07:59:28,758 - INFO -   ONGC.NS: 1697 rows stored in DB
2026-08-10 07:59:28,758 - INFO - Processing: ^NSEI
2026-08-10 07:59:29,567 - INFO -   ^NSEI: 1751 rows stored in DB
2026-08-10 07:59:29,567 - INFO - Processing: ^NSEBANK
2026-08-10 07:59:30,410 - INFO -   ^NSEBANK: 1754 rows stored in DB
2026-08-10 07:59:30,410 - INFO - Processing: ^BSESN
2026-08-10 07:59:31,242 - INFO -   ^BSESN: 1739 rows stored in DB
2026-08-10 07:59:31,242 - INFO - Processing: ^NSEMDCP50
2026-08-10 07:59:32,086 - INFO -   ^NSEMDCP50: 1751 rows stored in DB
2026-08-10 07:59:32,086 - INFO - Processing: NIFTY_FIN_SERVICE.NS
2026-08-10 07:59:32,969 - INFO -   NIFTY_FIN_SERVICE.NS: 1751 rows stored in DB
2026-08-10 07:59:33,031 - INFO - README updated.
2026-08-10 07:59:33,031 - INFO - All done.
2026-08-10 09:41:53,913 - INFO - Processing 25 symbols
2026-08-10 09:41:53,913 - INFO - Processing: RELIANCE.NS
2026-08-10 09:41:55,063 - INFO -   RELIANCE.NS: 1797 rows stored in DB
2026-08-10 09:41:55,063 - INFO - Processing: HDFCBANK.NS
2026-08-10 09:41:56,017 - INFO -   HDFCBANK.NS: 1799 rows stored in DB
2026-08-10 09:41:56,017 - INFO - Processing: ICICIBANK.NS
2026-08-10 09:41:56,946 - INFO -   ICICIBANK.NS: 1799 rows stored in DB
2026-08-10 09:41:56,946 - INFO - Processing: INFY.NS
2026-08-10 09:41:57,882 - INFO -   INFY.NS: 1799 rows stored in DB
2026-08-10 09:41:57,883 - INFO - Processing: TCS.NS
2026-08-10 09:41:58,811 - INFO -   TCS.NS: 1800 rows stored in DB
2026-08-10 09:41:58,811 - INFO - Processing: ITC.NS
2026-08-10 09:41:59,734 - INFO -   ITC.NS: 1799 rows stored in DB
2026-08-10 09:41:59,734 - INFO - Processing: HINDUNILVR.NS
2026-08-10 09:42:00,663 - INFO -   HINDUNILVR.NS: 1796 rows stored in DB
2026-08-10 09:42:00,663 - INFO - Processing: SBIN.NS
2026-08-10 09:42:01,616 - INFO -   SBIN.NS: 1796 rows stored in DB
2026-08-10 09:42:01,616 - INFO - Processing: BHARTIARTL.NS
2026-08-10 09:42:02,545 - INFO -   BHARTIARTL.NS: 1796 rows stored in DB
2026-08-10 09:42:02,545 - INFO - Processing: KOTAKBANK.NS
2026-08-10 09:42:03,688 - INFO -   KOTAKBANK.NS: 1800 rows stored in DB
2026-08-10 09:42:03,688 - INFO - Processing: LT.NS
2026-08-10 09:42:04,646 - INFO -   LT.NS: 1796 rows stored in DB
2026-08-10 09:42:04,646 - INFO - Processing: AXISBANK.NS
2026-08-10 09:42:05,641 - INFO -   AXISBANK.NS: 1799 rows stored in DB
2026-08-10 09:42:05,642 - INFO - Processing: BAJFINANCE.NS
2026-08-10 09:42:06,584 - INFO -   BAJFINANCE.NS: 1799 rows stored in DB
2026-08-10 09:42:06,584 - INFO - Processing: ASIANPAINT.NS
2026-08-10 09:42:07,567 - INFO -   ASIANPAINT.NS: 1798 rows stored in DB
2026-08-10 09:42:07,567 - INFO - Processing: MARUTI.NS
2026-08-10 09:42:08,509 - INFO -   MARUTI.NS: 1799 rows stored in DB
2026-08-10 09:42:08,509 - INFO - Processing: SUNPHARMA.NS
2026-08-10 09:42:09,477 - INFO -   SUNPHARMA.NS: 1797 rows stored in DB
2026-08-10 09:42:09,478 - INFO - Processing: WIPRO.NS
2026-08-10 09:42:10,425 - INFO -   WIPRO.NS: 1801 rows stored in DB
2026-08-10 09:42:10,425 - INFO - Processing: POWERGRID.NS
2026-08-10 09:42:11,346 - INFO -   POWERGRID.NS: 1801 rows stored in DB
2026-08-10 09:42:11,346 - INFO - Processing: NTPC.NS
2026-08-10 09:42:12,299 - INFO -   NTPC.NS: 1798 rows stored in DB
2026-08-10 09:42:12,299 - INFO - Processing: ONGC.NS
2026-08-10 09:42:13,323 - INFO -   ONGC.NS: 1800 rows stored in DB
2026-08-10 09:42:13,323 - INFO - Processing: ^NSEI
2026-08-10 09:42:14,188 - INFO -   ^NSEI: 1854 rows stored in DB
2026-08-10 09:42:14,189 - INFO - Processing: ^NSEBANK
2026-08-10 09:42:15,024 - INFO -   ^NSEBANK: 1857 rows stored in DB
2026-08-10 09:42:15,024 - INFO - Processing: ^BSESN
2026-08-10 09:42:15,894 - INFO -   ^BSESN: 1842 rows stored in DB
2026-08-10 09:42:15,894 - INFO - Processing: ^NSEMDCP50
2026-08-10 09:42:16,774 - INFO -   ^NSEMDCP50: 1854 rows stored in DB
2026-08-10 09:42:16,775 - INFO - Processing: NIFTY_FIN_SERVICE.NS
2026-08-10 09:42:17,638 - INFO -   NIFTY_FIN_SERVICE.NS: 1854 rows stored in DB
2026-08-10 09:42:17,700 - INFO - README updated.
2026-08-10 09:42:17,700 - INFO - All done.
2026-08-10 10:48:01,988 - INFO - Processing 25 symbols
2026-08-10 10:48:01,988 - INFO - Processing: RELIANCE.NS
2026-08-10 10:48:03,193 - INFO -   RELIANCE.NS: 1801 rows stored in DB
2026-08-10 10:48:03,193 - INFO - Processing: HDFCBANK.NS
2026-08-10 10:48:04,213 - INFO -   HDFCBANK.NS: 1803 rows stored in DB
2026-08-10 10:48:04,213 - INFO - Processing: ICICIBANK.NS
2026-08-10 10:48:05,160 - INFO -   ICICIBANK.NS: 1803 rows stored in DB
2026-08-10 10:48:05,160 - INFO - Processing: INFY.NS
2026-08-10 10:48:06,111 - INFO -   INFY.NS: 1803 rows stored in DB
2026-08-10 10:48:06,111 - INFO - Processing: TCS.NS
2026-08-10 10:48:07,064 - INFO -   TCS.NS: 1804 rows stored in DB
2026-08-10 10:48:07,065 - INFO - Processing: ITC.NS
2026-08-10 10:48:08,002 - INFO -   ITC.NS: 1803 rows stored in DB
2026-08-10 10:48:08,002 - INFO - Processing: HINDUNILVR.NS
2026-08-10 10:48:08,952 - INFO -   HINDUNILVR.NS: 1800 rows stored in DB
2026-08-10 10:48:08,953 - INFO - Processing: SBIN.NS
2026-08-10 10:48:09,892 - INFO -   SBIN.NS: 1800 rows stored in DB
2026-08-10 10:48:09,892 - INFO - Processing: BHARTIARTL.NS
2026-08-10 10:48:10,837 - INFO -   BHARTIARTL.NS: 1800 rows stored in DB
2026-08-10 10:48:10,837 - INFO - Processing: KOTAKBANK.NS
2026-08-10 10:48:11,831 - INFO -   KOTAKBANK.NS: 1803 rows stored in DB
2026-08-10 10:48:11,831 - INFO - Processing: LT.NS
2026-08-10 10:48:12,807 - INFO -   LT.NS: 1800 rows stored in DB
2026-08-10 10:48:12,807 - INFO - Processing: AXISBANK.NS
2026-08-10 10:48:13,774 - INFO -   AXISBANK.NS: 1803 rows stored in DB
2026-08-10 10:48:13,775 - INFO - Processing: BAJFINANCE.NS
2026-08-10 10:48:14,705 - INFO -   BAJFINANCE.NS: 1803 rows stored in DB
2026-08-10 10:48:14,705 - INFO - Processing: ASIANPAINT.NS
2026-08-10 10:48:15,648 - INFO -   ASIANPAINT.NS: 1801 rows stored in DB
2026-08-10 10:48:15,648 - INFO - Processing: MARUTI.NS
2026-08-10 10:48:16,564 - INFO -   MARUTI.NS: 1802 rows stored in DB
2026-08-10 10:48:16,564 - INFO - Processing: SUNPHARMA.NS
2026-08-10 10:48:17,543 - INFO -   SUNPHARMA.NS: 1800 rows stored in DB
2026-08-10 10:48:17,544 - INFO - Processing: WIPRO.NS
2026-08-10 10:48:18,507 - INFO -   WIPRO.NS: 1804 rows stored in DB
2026-08-10 10:48:18,507 - INFO - Processing: POWERGRID.NS
2026-08-10 10:48:19,468 - INFO -   POWERGRID.NS: 1804 rows stored in DB
2026-08-10 10:48:19,468 - INFO - Processing: NTPC.NS
2026-08-10 10:48:20,416 - INFO -   NTPC.NS: 1801 rows stored in DB
2026-08-10 10:48:20,416 - INFO - Processing: ONGC.NS
2026-08-10 10:48:21,370 - INFO -   ONGC.NS: 1803 rows stored in DB
2026-08-10 10:48:21,370 - INFO - Processing: ^NSEI
2026-08-10 10:48:22,255 - INFO -   ^NSEI: 1871 rows stored in DB
2026-08-10 10:48:22,255 - INFO - Processing: ^NSEBANK
2026-08-10 10:48:23,107 - INFO -   ^NSEBANK: 1874 rows stored in DB
2026-08-10 10:48:23,107 - INFO - Processing: ^BSESN
2026-08-10 10:48:23,954 - INFO -   ^BSESN: 1874 rows stored in DB
2026-08-10 10:48:23,954 - INFO - Processing: ^NSEMDCP50
2026-08-10 10:48:24,822 - INFO -   ^NSEMDCP50: 1871 rows stored in DB
2026-08-10 10:48:24,822 - INFO - Processing: NIFTY_FIN_SERVICE.NS
2026-08-10 10:48:26,122 - INFO -   NIFTY_FIN_SERVICE.NS: 1871 rows stored in DB
2026-08-10 10:48:26,185 - INFO - README updated.
2026-08-10 10:48:26,185 - INFO - All done.
2026-08-10 11:36:59,742 - INFO - Processing 25 symbols
2026-08-10 11:36:59,742 - INFO - Processing: RELIANCE.NS
2026-08-10 11:37:00,827 - INFO -   RELIANCE.NS: 1804 rows stored in DB
2026-08-10 11:37:00,827 - INFO - Processing: HDFCBANK.NS
2026-08-10 11:37:01,617 - INFO -   HDFCBANK.NS: 1803 rows stored in DB
2026-08-10 11:37:01,617 - INFO - Processing: ICICIBANK.NS
2026-08-10 11:37:02,378 - INFO -   ICICIBANK.NS: 1803 rows stored in DB
2026-08-10 11:37:02,378 - INFO - Processing: INFY.NS
2026-08-10 11:37:03,181 - INFO -   INFY.NS: 1803 rows stored in DB
2026-08-10 11:37:03,181 - INFO - Processing: TCS.NS
2026-08-10 11:37:04,009 - INFO -   TCS.NS: 1804 rows stored in DB
2026-08-10 11:37:04,009 - INFO - Processing: ITC.NS
2026-08-10 11:37:04,795 - INFO -   ITC.NS: 1803 rows stored in DB
2026-08-10 11:37:04,795 - INFO - Processing: HINDUNILVR.NS
2026-08-10 11:37:06,314 - INFO -   HINDUNILVR.NS: 1802 rows stored in DB
2026-08-10 11:37:06,314 - INFO - Processing: SBIN.NS
2026-08-10 11:37:07,124 - INFO -   SBIN.NS: 1803 rows stored in DB
2026-08-10 11:37:07,125 - INFO - Processing: BHARTIARTL.NS
2026-08-10 11:37:07,891 - INFO -   BHARTIARTL.NS: 1803 rows stored in DB
2026-08-10 11:37:07,891 - INFO - Processing: KOTAKBANK.NS
2026-08-10 11:37:08,729 - INFO -   KOTAKBANK.NS: 1803 rows stored in DB
2026-08-10 11:37:08,729 - INFO - Processing: LT.NS
2026-08-10 11:37:09,501 - INFO -   LT.NS: 1803 rows stored in DB
2026-08-10 11:37:09,501 - INFO - Processing: AXISBANK.NS
2026-08-10 11:37:10,304 - INFO -   AXISBANK.NS: 1803 rows stored in DB
2026-08-10 11:37:10,305 - INFO - Processing: BAJFINANCE.NS
2026-08-10 11:37:11,095 - INFO -   BAJFINANCE.NS: 1803 rows stored in DB
2026-08-10 11:37:11,095 - INFO - Processing: ASIANPAINT.NS
2026-08-10 11:37:11,908 - INFO -   ASIANPAINT.NS: 1803 rows stored in DB
2026-08-10 11:37:11,908 - INFO - Processing: MARUTI.NS
2026-08-10 11:37:12,690 - INFO -   MARUTI.NS: 1804 rows stored in DB
2026-08-10 11:37:12,690 - INFO - Processing: SUNPHARMA.NS
2026-08-10 11:37:13,472 - INFO -   SUNPHARMA.NS: 1803 rows stored in DB
2026-08-10 11:37:13,473 - INFO - Processing: WIPRO.NS
2026-08-10 11:37:14,253 - INFO -   WIPRO.NS: 1804 rows stored in DB
2026-08-10 11:37:14,253 - INFO - Processing: POWERGRID.NS
2026-08-10 11:37:15,076 - INFO -   POWERGRID.NS: 1804 rows stored in DB
2026-08-10 11:37:15,077 - INFO - Processing: NTPC.NS
2026-08-10 11:37:15,849 - INFO -   NTPC.NS: 1804 rows stored in DB
2026-08-10 11:37:15,850 - INFO - Processing: ONGC.NS
2026-08-10 11:37:16,652 - INFO -   ONGC.NS: 1803 rows stored in DB
2026-08-10 11:37:16,653 - INFO - Processing: ^NSEI
2026-08-10 11:37:17,368 - INFO -   ^NSEI: 1874 rows stored in DB
2026-08-10 11:37:17,368 - INFO - Processing: ^NSEBANK
2026-08-10 11:37:18,070 - INFO -   ^NSEBANK: 1874 rows stored in DB
2026-08-10 11:37:18,071 - INFO - Processing: ^BSESN
2026-08-10 11:37:18,961 - INFO -   ^BSESN: 1874 rows stored in DB
2026-08-10 11:37:18,961 - INFO - Processing: ^NSEMDCP50
2026-08-10 11:37:19,682 - INFO -   ^NSEMDCP50: 1874 rows stored in DB
2026-08-10 11:37:19,683 - INFO - Processing: NIFTY_FIN_SERVICE.NS
2026-08-10 11:37:20,387 - INFO -   NIFTY_FIN_SERVICE.NS: 1874 rows stored in DB
2026-08-10 11:37:20,446 - INFO - README updated.
2026-08-10 11:37:20,446 - INFO - All done.
2026-08-11 04:20:19,283 - INFO - Processing 25 symbols
2026-08-11 04:20:19,283 - INFO - Processing: RELIANCE.NS
2026-08-11 04:20:20,320 - INFO -   RELIANCE.NS: 1476 rows stored in DB
2026-08-11 04:20:20,320 - INFO - Processing: HDFCBANK.NS
2026-08-11 04:20:21,131 - INFO -   HDFCBANK.NS: 1478 rows stored in DB
2026-08-11 04:20:21,131 - INFO - Processing: ICICIBANK.NS
2026-08-11 04:20:21,937 - INFO -   ICICIBANK.NS: 1478 rows stored in DB
2026-08-11 04:20:21,937 - INFO - Processing: INFY.NS
2026-08-11 04:20:22,750 - INFO -   INFY.NS: 1478 rows stored in DB
2026-08-11 04:20:22,750 - INFO - Processing: TCS.NS
2026-08-11 04:20:23,579 - INFO -   TCS.NS: 1479 rows stored in DB
2026-08-11 04:20:23,579 - INFO - Processing: ITC.NS
2026-08-11 04:20:24,402 - INFO -   ITC.NS: 1479 rows stored in DB
2026-08-11 04:20:24,402 - INFO - Processing: HINDUNILVR.NS
2026-08-11 04:20:25,226 - INFO -   HINDUNILVR.NS: 1476 rows stored in DB
2026-08-11 04:20:25,226 - INFO - Processing: SBIN.NS
2026-08-11 04:20:26,016 - INFO -   SBIN.NS: 1475 rows stored in DB
2026-08-11 04:20:26,016 - INFO - Processing: BHARTIARTL.NS
2026-08-11 04:20:26,826 - INFO -   BHARTIARTL.NS: 1476 rows stored in DB
2026-08-11 04:20:26,826 - INFO - Processing: KOTAKBANK.NS
2026-08-11 04:20:27,636 - INFO -   KOTAKBANK.NS: 1479 rows stored in DB
2026-08-11 04:20:27,636 - INFO - Processing: LT.NS
2026-08-11 04:20:28,426 - INFO -   LT.NS: 1476 rows stored in DB
2026-08-11 04:20:28,427 - INFO - Processing: AXISBANK.NS
2026-08-11 04:20:29,286 - INFO -   AXISBANK.NS: 1479 rows stored in DB
2026-08-11 04:20:29,286 - INFO - Processing: BAJFINANCE.NS
2026-08-11 04:20:30,078 - INFO -   BAJFINANCE.NS: 1479 rows stored in DB
2026-08-11 04:20:30,078 - INFO - Processing: ASIANPAINT.NS
2026-08-11 04:20:30,871 - INFO -   ASIANPAINT.NS: 1477 rows stored in DB
2026-08-11 04:20:30,872 - INFO - Processing: MARUTI.NS
2026-08-11 04:20:31,674 - INFO -   MARUTI.NS: 1477 rows stored in DB
2026-08-11 04:20:31,675 - INFO - Processing: SUNPHARMA.NS
2026-08-11 04:20:32,480 - INFO -   SUNPHARMA.NS: 1476 rows stored in DB
2026-08-11 04:20:32,481 - INFO - Processing: WIPRO.NS
2026-08-11 04:20:33,311 - INFO -   WIPRO.NS: 1479 rows stored in DB
2026-08-11 04:20:33,311 - INFO - Processing: POWERGRID.NS
2026-08-11 04:20:34,129 - INFO -   POWERGRID.NS: 1479 rows stored in DB
2026-08-11 04:20:34,130 - INFO - Processing: NTPC.NS
2026-08-11 04:20:34,915 - INFO -   NTPC.NS: 1476 rows stored in DB
2026-08-11 04:20:34,915 - INFO - Processing: ONGC.NS
2026-08-11 04:20:35,731 - INFO -   ONGC.NS: 1479 rows stored in DB
2026-08-11 04:20:35,731 - INFO - Processing: ^NSEI
2026-08-11 04:20:36,457 - INFO -   ^NSEI: 1532 rows stored in DB
2026-08-11 04:20:36,457 - INFO - Processing: ^NSEBANK
2026-08-11 04:20:37,207 - INFO -   ^NSEBANK: 1535 rows stored in DB
2026-08-11 04:20:37,207 - INFO - Processing: ^BSESN
2026-08-11 04:20:37,911 - INFO -   ^BSESN: 1520 rows stored in DB
2026-08-11 04:20:37,911 - INFO - Processing: ^NSEMDCP50
2026-08-11 04:20:38,628 - INFO -   ^NSEMDCP50: 1532 rows stored in DB
2026-08-11 04:20:38,628 - INFO - Processing: NIFTY_FIN_SERVICE.NS
2026-08-11 04:20:39,353 - INFO -   NIFTY_FIN_SERVICE.NS: 1532 rows stored in DB
2026-08-11 04:20:39,415 - INFO - README updated.
2026-08-11 04:20:39,416 - INFO - All done.
2026-08-11 05:32:29,527 - INFO - Processing 25 symbols
2026-08-11 05:32:29,527 - INFO - Processing: RELIANCE.NS
2026-08-11 05:32:30,963 - INFO -   RELIANCE.NS: 1551 rows stored in DB
2026-08-11 05:32:30,963 - INFO - Processing: HDFCBANK.NS
2026-08-11 05:32:31,985 - INFO -   HDFCBANK.NS: 1550 rows stored in DB
2026-08-11 05:32:31,985 - INFO - Processing: ICICIBANK.NS
2026-08-11 05:32:33,019 - INFO -   ICICIBANK.NS: 1550 rows stored in DB
2026-08-11 05:32:33,019 - INFO - Processing: INFY.NS
2026-08-11 05:32:34,036 - INFO -   INFY.NS: 1550 rows stored in DB
2026-08-11 05:32:34,036 - INFO - Processing: TCS.NS
2026-08-11 05:32:35,154 - INFO -   TCS.NS: 1551 rows stored in DB
2026-08-11 05:32:35,155 - INFO - Processing: ITC.NS
2026-08-11 05:32:36,310 - INFO -   ITC.NS: 1551 rows stored in DB
2026-08-11 05:32:36,310 - INFO - Processing: HINDUNILVR.NS
2026-08-11 05:32:37,357 - INFO -   HINDUNILVR.NS: 1550 rows stored in DB
2026-08-11 05:32:37,357 - INFO - Processing: SBIN.NS
2026-08-11 05:32:38,347 - INFO -   SBIN.NS: 1550 rows stored in DB
2026-08-11 05:32:38,347 - INFO - Processing: BHARTIARTL.NS
2026-08-11 05:32:39,364 - INFO -   BHARTIARTL.NS: 1551 rows stored in DB
2026-08-11 05:32:39,364 - INFO - Processing: KOTAKBANK.NS
2026-08-11 05:32:40,402 - INFO -   KOTAKBANK.NS: 1551 rows stored in DB
2026-08-11 05:32:40,402 - INFO - Processing: LT.NS
2026-08-11 05:32:41,532 - INFO -   LT.NS: 1551 rows stored in DB
2026-08-11 05:32:41,532 - INFO - Processing: AXISBANK.NS
2026-08-11 05:32:42,593 - INFO -   AXISBANK.NS: 1551 rows stored in DB
2026-08-11 05:32:42,593 - INFO - Processing: BAJFINANCE.NS
2026-08-11 05:32:43,668 - INFO -   BAJFINANCE.NS: 1551 rows stored in DB
2026-08-11 05:32:43,668 - INFO - Processing: ASIANPAINT.NS
2026-08-11 05:32:44,819 - INFO -   ASIANPAINT.NS: 1551 rows stored in DB
2026-08-11 05:32:44,819 - INFO - Processing: MARUTI.NS
2026-08-11 05:32:45,843 - INFO -   MARUTI.NS: 1551 rows stored in DB
2026-08-11 05:32:45,843 - INFO - Processing: SUNPHARMA.NS
2026-08-11 05:32:46,885 - INFO -   SUNPHARMA.NS: 1551 rows stored in DB
2026-08-11 05:32:46,885 - INFO - Processing: WIPRO.NS
2026-08-11 05:32:47,965 - INFO -   WIPRO.NS: 1551 rows stored in DB
2026-08-11 05:32:47,965 - INFO - Processing: POWERGRID.NS
2026-08-11 05:32:49,128 - INFO -   POWERGRID.NS: 1551 rows stored in DB
2026-08-11 05:32:49,129 - INFO - Processing: NTPC.NS
2026-08-11 05:32:50,213 - INFO -   NTPC.NS: 1551 rows stored in DB
2026-08-11 05:32:50,213 - INFO - Processing: ONGC.NS
2026-08-11 05:32:51,329 - INFO -   ONGC.NS: 1551 rows stored in DB
2026-08-11 05:32:51,329 - INFO - Processing: ^NSEI
2026-08-11 05:32:52,410 - INFO -   ^NSEI: 1607 rows stored in DB
2026-08-11 05:32:52,411 - INFO - Processing: ^NSEBANK
2026-08-11 05:32:53,332 - INFO -   ^NSEBANK: 1607 rows stored in DB
2026-08-11 05:32:53,332 - INFO - Processing: ^BSESN
2026-08-11 05:32:54,311 - INFO -   ^BSESN: 1592 rows stored in DB
2026-08-11 05:32:54,311 - INFO - Processing: ^NSEMDCP50
2026-08-11 05:32:55,356 - INFO -   ^NSEMDCP50: 1607 rows stored in DB
2026-08-11 05:32:55,356 - INFO - Processing: NIFTY_FIN_SERVICE.NS
2026-08-11 05:32:56,338 - INFO -   NIFTY_FIN_SERVICE.NS: 1607 rows stored in DB
2026-08-11 05:32:56,400 - INFO - README updated.
2026-08-11 05:32:56,400 - INFO - All done.
2026-08-11 06:30:45,876 - INFO - Processing 25 symbols
2026-08-11 06:30:45,877 - INFO - Processing: RELIANCE.NS
2026-08-11 06:30:46,879 - INFO -   RELIANCE.NS: 1609 rows stored in DB
2026-08-11 06:30:46,879 - INFO - Processing: HDFCBANK.NS
2026-08-11 06:30:47,736 - INFO -   HDFCBANK.NS: 1608 rows stored in DB
2026-08-11 06:30:47,736 - INFO - Processing: ICICIBANK.NS
2026-08-11 06:30:48,565 - INFO -   ICICIBANK.NS: 1608 rows stored in DB
2026-08-11 06:30:48,566 - INFO - Processing: INFY.NS
2026-08-11 06:30:49,403 - INFO -   INFY.NS: 1608 rows stored in DB
2026-08-11 06:30:49,403 - INFO - Processing: TCS.NS
2026-08-11 06:30:50,269 - INFO -   TCS.NS: 1609 rows stored in DB
2026-08-11 06:30:50,269 - INFO - Processing: ITC.NS
2026-08-11 06:30:51,101 - INFO -   ITC.NS: 1609 rows stored in DB
2026-08-11 06:30:51,101 - INFO - Processing: HINDUNILVR.NS
2026-08-11 06:30:51,917 - INFO -   HINDUNILVR.NS: 1608 rows stored in DB
2026-08-11 06:30:51,917 - INFO - Processing: SBIN.NS
2026-08-11 06:30:52,758 - INFO -   SBIN.NS: 1608 rows stored in DB
2026-08-11 06:30:52,758 - INFO - Processing: BHARTIARTL.NS
2026-08-11 06:30:53,571 - INFO -   BHARTIARTL.NS: 1609 rows stored in DB
2026-08-11 06:30:53,571 - INFO - Processing: KOTAKBANK.NS
2026-08-11 06:30:54,466 - INFO -   KOTAKBANK.NS: 1609 rows stored in DB
2026-08-11 06:30:54,466 - INFO - Processing: LT.NS
2026-08-11 06:30:55,322 - INFO -   LT.NS: 1609 rows stored in DB
2026-08-11 06:30:55,322 - INFO - Processing: AXISBANK.NS
2026-08-11 06:30:56,153 - INFO -   AXISBANK.NS: 1609 rows stored in DB
2026-08-11 06:30:56,153 - INFO - Processing: BAJFINANCE.NS
2026-08-11 06:30:56,998 - INFO -   BAJFINANCE.NS: 1609 rows stored in DB
2026-08-11 06:30:56,998 - INFO - Processing: ASIANPAINT.NS
2026-08-11 06:30:57,827 - INFO -   ASIANPAINT.NS: 1609 rows stored in DB
2026-08-11 06:30:57,827 - INFO - Processing: MARUTI.NS
2026-08-11 06:30:58,642 - INFO -   MARUTI.NS: 1609 rows stored in DB
2026-08-11 06:30:58,642 - INFO - Processing: SUNPHARMA.NS
2026-08-11 06:30:59,464 - INFO -   SUNPHARMA.NS: 1609 rows stored in DB
2026-08-11 06:30:59,465 - INFO - Processing: WIPRO.NS
2026-08-11 06:31:00,297 - INFO -   WIPRO.NS: 1609 rows stored in DB
2026-08-11 06:31:00,298 - INFO - Processing: POWERGRID.NS
2026-08-11 06:31:01,125 - INFO -   POWERGRID.NS: 1609 rows stored in DB
2026-08-11 06:31:01,126 - INFO - Processing: NTPC.NS
2026-08-11 06:31:01,968 - INFO -   NTPC.NS: 1609 rows stored in DB
2026-08-11 06:31:01,968 - INFO - Processing: ONGC.NS
2026-08-11 06:31:02,800 - INFO -   ONGC.NS: 1609 rows stored in DB
2026-08-11 06:31:02,800 - INFO - Processing: ^NSEI
2026-08-11 06:31:03,538 - INFO -   ^NSEI: 1666 rows stored in DB
2026-08-11 06:31:03,538 - INFO - Processing: ^NSEBANK
2026-08-11 06:31:04,284 - INFO -   ^NSEBANK: 1666 rows stored in DB
2026-08-11 06:31:04,284 - INFO - Processing: ^BSESN
2026-08-11 06:31:05,045 - INFO -   ^BSESN: 1651 rows stored in DB
2026-08-11 06:31:05,046 - INFO - Processing: ^NSEMDCP50
2026-08-11 06:31:05,799 - INFO -   ^NSEMDCP50: 1666 rows stored in DB
2026-08-11 06:31:05,799 - INFO - Processing: NIFTY_FIN_SERVICE.NS
2026-08-11 06:31:06,553 - INFO -   NIFTY_FIN_SERVICE.NS: 1666 rows stored in DB
2026-08-11 06:31:06,613 - INFO - README updated.
2026-08-11 06:31:06,613 - INFO - All done.
2026-08-11 07:49:15,673 - INFO - Processing 25 symbols
2026-08-11 07:49:15,673 - INFO - Processing: RELIANCE.NS
2026-08-11 07:49:17,210 - INFO -   RELIANCE.NS: 1688 rows stored in DB
2026-08-11 07:49:17,210 - INFO - Processing: HDFCBANK.NS
2026-08-11 07:49:18,178 - INFO -   HDFCBANK.NS: 1687 rows stored in DB
2026-08-11 07:49:18,178 - INFO - Processing: ICICIBANK.NS
2026-08-11 07:49:19,270 - INFO -   ICICIBANK.NS: 1687 rows stored in DB
2026-08-11 07:49:19,270 - INFO - Processing: INFY.NS
2026-08-11 07:49:20,306 - INFO -   INFY.NS: 1687 rows stored in DB
2026-08-11 07:49:20,306 - INFO - Processing: TCS.NS
2026-08-11 07:49:21,453 - INFO -   TCS.NS: 1688 rows stored in DB
2026-08-11 07:49:21,453 - INFO - Processing: ITC.NS
2026-08-11 07:49:22,485 - INFO -   ITC.NS: 1688 rows stored in DB
2026-08-11 07:49:22,485 - INFO - Processing: HINDUNILVR.NS
2026-08-11 07:49:23,664 - INFO -   HINDUNILVR.NS: 1687 rows stored in DB
2026-08-11 07:49:23,664 - INFO - Processing: SBIN.NS
2026-08-11 07:49:24,573 - INFO -   SBIN.NS: 1687 rows stored in DB
2026-08-11 07:49:24,573 - INFO - Processing: BHARTIARTL.NS
2026-08-11 07:49:25,519 - INFO -   BHARTIARTL.NS: 1688 rows stored in DB
2026-08-11 07:49:25,519 - INFO - Processing: KOTAKBANK.NS
2026-08-11 07:49:26,398 - INFO -   KOTAKBANK.NS: 1688 rows stored in DB
2026-08-11 07:49:26,398 - INFO - Processing: LT.NS
2026-08-11 07:49:27,400 - INFO -   LT.NS: 1688 rows stored in DB
2026-08-11 07:49:27,400 - INFO - Processing: AXISBANK.NS
2026-08-11 07:49:28,492 - INFO -   AXISBANK.NS: 1688 rows stored in DB
2026-08-11 07:49:28,492 - INFO - Processing: BAJFINANCE.NS
2026-08-11 07:49:29,332 - INFO -   BAJFINANCE.NS: 1688 rows stored in DB
2026-08-11 07:49:29,332 - INFO - Processing: ASIANPAINT.NS
2026-08-11 07:49:30,255 - INFO -   ASIANPAINT.NS: 1688 rows stored in DB
2026-08-11 07:49:30,255 - INFO - Processing: MARUTI.NS
2026-08-11 07:49:31,205 - INFO -   MARUTI.NS: 1688 rows stored in DB
2026-08-11 07:49:31,205 - INFO - Processing: SUNPHARMA.NS
2026-08-11 07:49:32,066 - INFO -   SUNPHARMA.NS: 1688 rows stored in DB
2026-08-11 07:49:32,066 - INFO - Processing: WIPRO.NS
2026-08-11 07:49:32,938 - INFO -   WIPRO.NS: 1688 rows stored in DB
2026-08-11 07:49:32,939 - INFO - Processing: POWERGRID.NS
2026-08-11 07:49:33,789 - INFO -   POWERGRID.NS: 1688 rows stored in DB
2026-08-11 07:49:33,789 - INFO - Processing: NTPC.NS
2026-08-11 07:49:34,641 - INFO -   NTPC.NS: 1688 rows stored in DB
2026-08-11 07:49:34,641 - INFO - Processing: ONGC.NS
2026-08-11 07:49:35,535 - INFO -   ONGC.NS: 1688 rows stored in DB
2026-08-11 07:49:35,536 - INFO - Processing: ^NSEI
2026-08-11 07:49:36,313 - INFO -   ^NSEI: 1744 rows stored in DB
2026-08-11 07:49:36,313 - INFO - Processing: ^NSEBANK
2026-08-11 07:49:37,180 - INFO -   ^NSEBANK: 1744 rows stored in DB
2026-08-11 07:49:37,180 - INFO - Processing: ^BSESN
2026-08-11 07:49:38,359 - INFO -   ^BSESN: 1729 rows stored in DB
2026-08-11 07:49:38,359 - INFO - Processing: ^NSEMDCP50
2026-08-11 07:49:39,296 - INFO -   ^NSEMDCP50: 1741 rows stored in DB
2026-08-11 07:49:39,296 - INFO - Processing: NIFTY_FIN_SERVICE.NS
2026-08-11 07:49:40,048 - INFO -   NIFTY_FIN_SERVICE.NS: 1744 rows stored in DB
2026-08-11 07:49:40,094 - INFO - README updated.
2026-08-11 07:49:40,095 - INFO - All done.
2026-08-11 08:40:03,102 - INFO - Processing 25 symbols
2026-08-11 08:40:03,102 - INFO - Processing: RELIANCE.NS
2026-08-11 08:40:04,182 - INFO -   RELIANCE.NS: 1735 rows stored in DB
2026-08-11 08:40:04,182 - INFO - Processing: HDFCBANK.NS
2026-08-11 08:40:04,890 - INFO -   HDFCBANK.NS: 1738 rows stored in DB
2026-08-11 08:40:04,890 - INFO - Processing: ICICIBANK.NS
2026-08-11 08:40:05,604 - INFO -   ICICIBANK.NS: 1738 rows stored in DB
2026-08-11 08:40:05,605 - INFO - Processing: INFY.NS
2026-08-11 08:40:06,613 - INFO -   INFY.NS: 1738 rows stored in DB
2026-08-11 08:40:06,613 - INFO - Processing: TCS.NS
2026-08-11 08:40:07,872 - INFO -   TCS.NS: 1739 rows stored in DB
2026-08-11 08:40:07,872 - INFO - Processing: ITC.NS
2026-08-11 08:40:09,682 - INFO -   ITC.NS: 1739 rows stored in DB
2026-08-11 08:40:09,682 - INFO - Processing: HINDUNILVR.NS
2026-08-11 08:40:10,826 - INFO -   HINDUNILVR.NS: 1736 rows stored in DB
2026-08-11 08:40:10,826 - INFO - Processing: SBIN.NS
2026-08-11 08:40:11,653 - INFO -   SBIN.NS: 1735 rows stored in DB
2026-08-11 08:40:11,653 - INFO - Processing: BHARTIARTL.NS
2026-08-11 08:40:12,378 - INFO -   BHARTIARTL.NS: 1736 rows stored in DB
2026-08-11 08:40:12,378 - INFO - Processing: KOTAKBANK.NS
2026-08-11 08:40:13,165 - INFO -   KOTAKBANK.NS: 1739 rows stored in DB
2026-08-11 08:40:13,166 - INFO - Processing: LT.NS
2026-08-11 08:40:13,936 - INFO -   LT.NS: 1736 rows stored in DB
2026-08-11 08:40:13,937 - INFO - Processing: AXISBANK.NS
2026-08-11 08:40:14,794 - INFO -   AXISBANK.NS: 1739 rows stored in DB
2026-08-11 08:40:14,794 - INFO - Processing: BAJFINANCE.NS
2026-08-11 08:40:15,642 - INFO -   BAJFINANCE.NS: 1739 rows stored in DB
2026-08-11 08:40:15,642 - INFO - Processing: ASIANPAINT.NS
2026-08-11 08:40:16,654 - INFO -   ASIANPAINT.NS: 1737 rows stored in DB
2026-08-11 08:40:16,654 - INFO - Processing: MARUTI.NS
2026-08-11 08:40:17,507 - INFO -   MARUTI.NS: 1737 rows stored in DB
2026-08-11 08:40:17,507 - INFO - Processing: SUNPHARMA.NS
2026-08-11 08:40:18,237 - INFO -   SUNPHARMA.NS: 1736 rows stored in DB
2026-08-11 08:40:18,237 - INFO - Processing: WIPRO.NS
2026-08-11 08:40:19,046 - INFO -   WIPRO.NS: 1739 rows stored in DB
2026-08-11 08:40:19,046 - INFO - Processing: POWERGRID.NS
2026-08-11 08:40:19,776 - INFO -   POWERGRID.NS: 1739 rows stored in DB
2026-08-11 08:40:19,776 - INFO - Processing: NTPC.NS
2026-08-11 08:40:20,608 - INFO -   NTPC.NS: 1736 rows stored in DB
2026-08-11 08:40:20,608 - INFO - Processing: ONGC.NS
2026-08-11 08:40:22,186 - INFO -   ONGC.NS: 1739 rows stored in DB
2026-08-11 08:40:22,186 - INFO - Processing: ^NSEI
2026-08-11 08:40:22,865 - INFO -   ^NSEI: 1792 rows stored in DB
2026-08-11 08:40:22,866 - INFO - Processing: ^NSEBANK
2026-08-11 08:40:23,629 - INFO -   ^NSEBANK: 1795 rows stored in DB
2026-08-11 08:40:23,629 - INFO - Processing: ^BSESN
2026-08-11 08:40:24,456 - INFO -   ^BSESN: 1780 rows stored in DB
2026-08-11 08:40:24,457 - INFO - Processing: ^NSEMDCP50
2026-08-11 08:40:25,242 - INFO -   ^NSEMDCP50: 1792 rows stored in DB
2026-08-11 08:40:25,242 - INFO - Processing: NIFTY_FIN_SERVICE.NS
2026-08-11 08:40:26,159 - INFO -   NIFTY_FIN_SERVICE.NS: 1792 rows stored in DB
2026-08-11 08:40:26,205 - INFO - README updated.
2026-08-11 08:40:26,205 - INFO - All done.
2026-08-11 09:42:12,641 - INFO - Processing 25 symbols
2026-08-11 09:42:12,641 - INFO - Processing: RELIANCE.NS
2026-08-11 09:42:13,697 - INFO -   RELIANCE.NS: 1798 rows stored in DB
2026-08-11 09:42:13,697 - INFO - Processing: HDFCBANK.NS
2026-08-11 09:42:14,426 - INFO -   HDFCBANK.NS: 1800 rows stored in DB
2026-08-11 09:42:14,426 - INFO - Processing: ICICIBANK.NS
2026-08-11 09:42:15,154 - INFO -   ICICIBANK.NS: 1800 rows stored in DB
2026-08-11 09:42:15,154 - INFO - Processing: INFY.NS
2026-08-11 09:42:15,930 - INFO -   INFY.NS: 1800 rows stored in DB
2026-08-11 09:42:15,930 - INFO - Processing: TCS.NS
2026-08-11 09:42:16,754 - INFO -   TCS.NS: 1801 rows stored in DB
2026-08-11 09:42:16,754 - INFO - Processing: ITC.NS
2026-08-11 09:42:17,464 - INFO -   ITC.NS: 1801 rows stored in DB
2026-08-11 09:42:17,464 - INFO - Processing: HINDUNILVR.NS
2026-08-11 09:42:18,186 - INFO -   HINDUNILVR.NS: 1798 rows stored in DB
2026-08-11 09:42:18,187 - INFO - Processing: SBIN.NS
2026-08-11 09:42:18,928 - INFO -   SBIN.NS: 1797 rows stored in DB
2026-08-11 09:42:18,929 - INFO - Processing: BHARTIARTL.NS
2026-08-11 09:42:19,661 - INFO -   BHARTIARTL.NS: 1798 rows stored in DB
2026-08-11 09:42:19,661 - INFO - Processing: KOTAKBANK.NS
2026-08-11 09:42:20,403 - INFO -   KOTAKBANK.NS: 1801 rows stored in DB
2026-08-11 09:42:20,403 - INFO - Processing: LT.NS
2026-08-11 09:42:21,114 - INFO -   LT.NS: 1798 rows stored in DB
2026-08-11 09:42:21,114 - INFO - Processing: AXISBANK.NS
2026-08-11 09:42:21,837 - INFO -   AXISBANK.NS: 1801 rows stored in DB
2026-08-11 09:42:21,837 - INFO - Processing: BAJFINANCE.NS
2026-08-11 09:42:22,570 - INFO -   BAJFINANCE.NS: 1801 rows stored in DB
2026-08-11 09:42:22,570 - INFO - Processing: ASIANPAINT.NS
2026-08-11 09:42:23,302 - INFO -   ASIANPAINT.NS: 1799 rows stored in DB
2026-08-11 09:42:23,302 - INFO - Processing: MARUTI.NS
2026-08-11 09:42:24,044 - INFO -   MARUTI.NS: 1799 rows stored in DB
2026-08-11 09:42:24,044 - INFO - Processing: SUNPHARMA.NS
2026-08-11 09:42:24,797 - INFO -   SUNPHARMA.NS: 1798 rows stored in DB
2026-08-11 09:42:24,797 - INFO - Processing: WIPRO.NS
2026-08-11 09:42:25,539 - INFO -   WIPRO.NS: 1801 rows stored in DB
2026-08-11 09:42:25,539 - INFO - Processing: POWERGRID.NS
2026-08-11 09:42:26,251 - INFO -   POWERGRID.NS: 1801 rows stored in DB
2026-08-11 09:42:26,251 - INFO - Processing: NTPC.NS
2026-08-11 09:42:26,984 - INFO -   NTPC.NS: 1798 rows stored in DB
2026-08-11 09:42:26,984 - INFO - Processing: ONGC.NS
2026-08-11 09:42:27,695 - INFO -   ONGC.NS: 1801 rows stored in DB
2026-08-11 09:42:27,695 - INFO - Processing: ^NSEI
2026-08-11 09:42:28,359 - INFO -   ^NSEI: 1854 rows stored in DB
2026-08-11 09:42:28,359 - INFO - Processing: ^NSEBANK
2026-08-11 09:42:29,051 - INFO -   ^NSEBANK: 1857 rows stored in DB
2026-08-11 09:42:29,051 - INFO - Processing: ^BSESN
2026-08-11 09:42:29,732 - INFO -   ^BSESN: 1842 rows stored in DB
2026-08-11 09:42:29,733 - INFO - Processing: ^NSEMDCP50
2026-08-11 09:42:30,414 - INFO -   ^NSEMDCP50: 1854 rows stored in DB
2026-08-11 09:42:30,414 - INFO - Processing: NIFTY_FIN_SERVICE.NS
2026-08-11 09:42:31,086 - INFO -   NIFTY_FIN_SERVICE.NS: 1854 rows stored in DB
2026-08-11 09:42:31,131 - INFO - README updated.
2026-08-11 09:42:31,132 - INFO - All done.
2026-08-11 10:35:22,696 - INFO - Processing 25 symbols
2026-08-11 10:35:22,696 - INFO - Processing: RELIANCE.NS
2026-08-11 10:35:23,783 - INFO -   RELIANCE.NS: 1801 rows stored in DB
2026-08-11 10:35:23,783 - INFO - Processing: HDFCBANK.NS
2026-08-11 10:35:24,725 - INFO -   HDFCBANK.NS: 1803 rows stored in DB
2026-08-11 10:35:24,725 - INFO - Processing: ICICIBANK.NS
2026-08-11 10:35:25,713 - INFO -   ICICIBANK.NS: 1803 rows stored in DB
2026-08-11 10:35:25,713 - INFO - Processing: INFY.NS
2026-08-11 10:35:26,679 - INFO -   INFY.NS: 1803 rows stored in DB
2026-08-11 10:35:26,679 - INFO - Processing: TCS.NS
2026-08-11 10:35:27,618 - INFO -   TCS.NS: 1803 rows stored in DB
2026-08-11 10:35:27,618 - INFO - Processing: ITC.NS
2026-08-11 10:35:28,562 - INFO -   ITC.NS: 1803 rows stored in DB
2026-08-11 10:35:28,562 - INFO - Processing: HINDUNILVR.NS
2026-08-11 10:35:29,516 - INFO -   HINDUNILVR.NS: 1800 rows stored in DB
2026-08-11 10:35:29,516 - INFO - Processing: SBIN.NS
2026-08-11 10:35:30,454 - INFO -   SBIN.NS: 1800 rows stored in DB
2026-08-11 10:35:30,454 - INFO - Processing: BHARTIARTL.NS
2026-08-11 10:35:31,398 - INFO -   BHARTIARTL.NS: 1800 rows stored in DB
2026-08-11 10:35:31,398 - INFO - Processing: KOTAKBANK.NS
2026-08-11 10:35:32,322 - INFO -   KOTAKBANK.NS: 1804 rows stored in DB
2026-08-11 10:35:32,323 - INFO - Processing: LT.NS
2026-08-11 10:35:33,254 - INFO -   LT.NS: 1801 rows stored in DB
2026-08-11 10:35:33,254 - INFO - Processing: AXISBANK.NS
2026-08-11 10:35:34,208 - INFO -   AXISBANK.NS: 1804 rows stored in DB
2026-08-11 10:35:34,208 - INFO - Processing: BAJFINANCE.NS
2026-08-11 10:35:35,137 - INFO -   BAJFINANCE.NS: 1803 rows stored in DB
2026-08-11 10:35:35,137 - INFO - Processing: ASIANPAINT.NS
2026-08-11 10:35:36,123 - INFO -   ASIANPAINT.NS: 1801 rows stored in DB
2026-08-11 10:35:36,123 - INFO - Processing: MARUTI.NS
2026-08-11 10:35:37,081 - INFO -   MARUTI.NS: 1802 rows stored in DB
2026-08-11 10:35:37,081 - INFO - Processing: SUNPHARMA.NS
2026-08-11 10:35:38,050 - INFO -   SUNPHARMA.NS: 1801 rows stored in DB
2026-08-11 10:35:38,050 - INFO - Processing: WIPRO.NS
2026-08-11 10:35:39,020 - INFO -   WIPRO.NS: 1804 rows stored in DB
2026-08-11 10:35:39,020 - INFO - Processing: POWERGRID.NS
2026-08-11 10:35:40,021 - INFO -   POWERGRID.NS: 1804 rows stored in DB
2026-08-11 10:35:40,021 - INFO - Processing: NTPC.NS
2026-08-11 10:35:40,942 - INFO -   NTPC.NS: 1801 rows stored in DB
2026-08-11 10:35:40,942 - INFO - Processing: ONGC.NS
2026-08-11 10:35:41,913 - INFO -   ONGC.NS: 1804 rows stored in DB
2026-08-11 10:35:41,914 - INFO - Processing: ^NSEI
2026-08-11 10:35:42,772 - INFO -   ^NSEI: 1871 rows stored in DB
2026-08-11 10:35:42,772 - INFO - Processing: ^NSEBANK
2026-08-11 10:35:43,645 - INFO -   ^NSEBANK: 1874 rows stored in DB
2026-08-11 10:35:43,645 - INFO - Processing: ^BSESN
2026-08-11 10:35:44,512 - INFO -   ^BSESN: 1874 rows stored in DB
2026-08-11 10:35:44,512 - INFO - Processing: ^NSEMDCP50
2026-08-11 10:35:45,408 - INFO -   ^NSEMDCP50: 1871 rows stored in DB
2026-08-11 10:35:45,408 - INFO - Processing: NIFTY_FIN_SERVICE.NS
2026-08-11 10:35:46,271 - INFO -   NIFTY_FIN_SERVICE.NS: 1871 rows stored in DB
2026-08-11 10:35:46,333 - INFO - README updated.
2026-08-11 10:35:46,333 - INFO - All done.
2026-08-11 11:26:21,799 - INFO - Processing 25 symbols
2026-08-11 11:26:21,799 - INFO - Processing: RELIANCE.NS
2026-08-11 11:26:22,902 - INFO -   RELIANCE.NS: 1801 rows stored in DB
2026-08-11 11:26:22,902 - INFO - Processing: HDFCBANK.NS
2026-08-11 11:26:23,683 - INFO -   HDFCBANK.NS: 1803 rows stored in DB
2026-08-11 11:26:23,683 - INFO - Processing: ICICIBANK.NS
2026-08-11 11:26:24,725 - INFO -   ICICIBANK.NS: 1803 rows stored in DB
2026-08-11 11:26:24,725 - INFO - Processing: INFY.NS
2026-08-11 11:26:25,513 - INFO -   INFY.NS: 1803 rows stored in DB
2026-08-11 11:26:25,513 - INFO - Processing: TCS.NS
2026-08-11 11:26:26,266 - INFO -   TCS.NS: 1803 rows stored in DB
2026-08-11 11:26:26,266 - INFO - Processing: ITC.NS
2026-08-11 11:26:27,130 - INFO -   ITC.NS: 1803 rows stored in DB
2026-08-11 11:26:27,131 - INFO - Processing: HINDUNILVR.NS
2026-08-11 11:26:27,906 - INFO -   HINDUNILVR.NS: 1800 rows stored in DB
2026-08-11 11:26:27,906 - INFO - Processing: SBIN.NS
2026-08-11 11:26:28,685 - INFO -   SBIN.NS: 1800 rows stored in DB
2026-08-11 11:26:28,685 - INFO - Processing: BHARTIARTL.NS
2026-08-11 11:26:29,436 - INFO -   BHARTIARTL.NS: 1800 rows stored in DB
2026-08-11 11:26:29,436 - INFO - Processing: KOTAKBANK.NS
2026-08-11 11:26:30,315 - INFO -   KOTAKBANK.NS: 1804 rows stored in DB
2026-08-11 11:26:30,315 - INFO - Processing: LT.NS
2026-08-11 11:26:31,483 - INFO -   LT.NS: 1801 rows stored in DB
2026-08-11 11:26:31,484 - INFO - Processing: AXISBANK.NS
2026-08-11 11:26:32,592 - INFO -   AXISBANK.NS: 1804 rows stored in DB
2026-08-11 11:26:32,592 - INFO - Processing: BAJFINANCE.NS
2026-08-11 11:26:34,929 - INFO -   BAJFINANCE.NS: 1803 rows stored in DB
2026-08-11 11:26:34,929 - INFO - Processing: ASIANPAINT.NS
2026-08-11 11:26:36,368 - INFO -   ASIANPAINT.NS: 1801 rows stored in DB
2026-08-11 11:26:36,368 - INFO - Processing: MARUTI.NS
2026-08-11 11:26:37,133 - INFO -   MARUTI.NS: 1802 rows stored in DB
2026-08-11 11:26:37,133 - INFO - Processing: SUNPHARMA.NS
2026-08-11 11:26:37,961 - INFO -   SUNPHARMA.NS: 1801 rows stored in DB
2026-08-11 11:26:37,961 - INFO - Processing: WIPRO.NS
2026-08-11 11:26:38,801 - INFO -   WIPRO.NS: 1804 rows stored in DB
2026-08-11 11:26:38,801 - INFO - Processing: POWERGRID.NS
2026-08-11 11:26:39,579 - INFO -   POWERGRID.NS: 1804 rows stored in DB
2026-08-11 11:26:39,579 - INFO - Processing: NTPC.NS
2026-08-11 11:26:40,367 - INFO -   NTPC.NS: 1801 rows stored in DB
2026-08-11 11:26:40,367 - INFO - Processing: ONGC.NS
2026-08-11 11:26:41,156 - INFO -   ONGC.NS: 1804 rows stored in DB
2026-08-11 11:26:41,156 - INFO - Processing: ^NSEI
2026-08-11 11:26:42,023 - INFO -   ^NSEI: 1871 rows stored in DB
2026-08-11 11:26:42,023 - INFO - Processing: ^NSEBANK
2026-08-11 11:26:42,744 - INFO -   ^NSEBANK: 1874 rows stored in DB
2026-08-11 11:26:42,744 - INFO - Processing: ^BSESN
2026-08-11 11:26:43,482 - INFO -   ^BSESN: 1874 rows stored in DB
2026-08-11 11:26:43,483 - INFO - Processing: ^NSEMDCP50
2026-08-11 11:26:44,211 - INFO -   ^NSEMDCP50: 1871 rows stored in DB
2026-08-11 11:26:44,211 - INFO - Processing: NIFTY_FIN_SERVICE.NS
2026-08-11 11:26:44,939 - INFO -   NIFTY_FIN_SERVICE.NS: 1871 rows stored in DB
2026-08-11 11:26:44,982 - INFO - README updated.
2026-08-11 11:26:44,982 - INFO - All done.
2026-08-12 04:47:04,346 - INFO - Processing 25 symbols
2026-08-12 04:47:04,346 - INFO - Processing: RELIANCE.NS
2026-08-12 04:47:05,785 - INFO -   RELIANCE.NS: 1506 rows stored in DB
2026-08-12 04:47:05,785 - INFO - Processing: HDFCBANK.NS
2026-08-12 04:47:06,834 - INFO -   HDFCBANK.NS: 1506 rows stored in DB
2026-08-12 04:47:06,834 - INFO - Processing: ICICIBANK.NS
2026-08-12 04:47:07,862 - INFO -   ICICIBANK.NS: 1506 rows stored in DB
2026-08-12 04:47:07,862 - INFO - Processing: INFY.NS
2026-08-12 04:47:08,914 - INFO -   INFY.NS: 1506 rows stored in DB
2026-08-12 04:47:08,914 - INFO - Processing: TCS.NS
2026-08-12 04:47:09,990 - INFO -   TCS.NS: 1505 rows stored in DB
2026-08-12 04:47:09,990 - INFO - Processing: ITC.NS
2026-08-12 04:47:10,998 - INFO -   ITC.NS: 1505 rows stored in DB
2026-08-12 04:47:10,998 - INFO - Processing: HINDUNILVR.NS
2026-08-12 04:47:11,983 - INFO -   HINDUNILVR.NS: 1504 rows stored in DB
2026-08-12 04:47:11,983 - INFO - Processing: SBIN.NS
2026-08-12 04:47:13,042 - INFO -   SBIN.NS: 1502 rows stored in DB
2026-08-12 04:47:13,042 - INFO - Processing: BHARTIARTL.NS
2026-08-12 04:47:14,037 - INFO -   BHARTIARTL.NS: 1505 rows stored in DB
2026-08-12 04:47:14,037 - INFO - Processing: KOTAKBANK.NS
2026-08-12 04:47:15,055 - INFO -   KOTAKBANK.NS: 1506 rows stored in DB
2026-08-12 04:47:15,056 - INFO - Processing: LT.NS
2026-08-12 04:47:16,079 - INFO -   LT.NS: 1503 rows stored in DB
2026-08-12 04:47:16,079 - INFO - Processing: AXISBANK.NS
2026-08-12 04:47:17,114 - INFO -   AXISBANK.NS: 1506 rows stored in DB
2026-08-12 04:47:17,114 - INFO - Processing: BAJFINANCE.NS
2026-08-12 04:47:18,171 - INFO -   BAJFINANCE.NS: 1505 rows stored in DB
2026-08-12 04:47:18,171 - INFO - Processing: ASIANPAINT.NS
2026-08-12 04:47:19,284 - INFO -   ASIANPAINT.NS: 1505 rows stored in DB
2026-08-12 04:47:19,284 - INFO - Processing: MARUTI.NS
2026-08-12 04:47:20,334 - INFO -   MARUTI.NS: 1506 rows stored in DB
2026-08-12 04:47:20,334 - INFO - Processing: SUNPHARMA.NS
2026-08-12 04:47:21,373 - INFO -   SUNPHARMA.NS: 1503 rows stored in DB
2026-08-12 04:47:21,373 - INFO - Processing: WIPRO.NS
2026-08-12 04:47:22,367 - INFO -   WIPRO.NS: 1506 rows stored in DB
2026-08-12 04:47:22,368 - INFO - Processing: POWERGRID.NS
2026-08-12 04:47:23,437 - INFO -   POWERGRID.NS: 1506 rows stored in DB
2026-08-12 04:47:23,438 - INFO - Processing: NTPC.NS
2026-08-12 04:47:24,472 - INFO -   NTPC.NS: 1506 rows stored in DB
2026-08-12 04:47:24,472 - INFO - Processing: ONGC.NS
2026-08-12 04:47:25,479 - INFO -   ONGC.NS: 1506 rows stored in DB
2026-08-12 04:47:25,479 - INFO - Processing: ^NSEI
2026-08-12 04:47:26,419 - INFO -   ^NSEI: 1559 rows stored in DB
2026-08-12 04:47:26,419 - INFO - Processing: ^NSEBANK
2026-08-12 04:47:27,354 - INFO -   ^NSEBANK: 1562 rows stored in DB
2026-08-12 04:47:27,354 - INFO - Processing: ^BSESN
2026-08-12 04:47:28,332 - INFO -   ^BSESN: 1547 rows stored in DB
2026-08-12 04:47:28,332 - INFO - Processing: ^NSEMDCP50
2026-08-12 04:47:29,281 - INFO -   ^NSEMDCP50: 1562 rows stored in DB
2026-08-12 04:47:29,282 - INFO - Processing: NIFTY_FIN_SERVICE.NS
2026-08-12 04:47:30,222 - INFO -   NIFTY_FIN_SERVICE.NS: 1562 rows stored in DB
2026-08-12 04:47:30,282 - INFO - README updated.
2026-08-12 04:47:30,283 - INFO - All done.
2026-08-12 06:05:51,773 - INFO - Processing 25 symbols
2026-08-12 06:05:51,773 - INFO - Processing: RELIANCE.NS
2026-08-12 06:05:52,726 - INFO -   RELIANCE.NS: 1584 rows stored in DB
2026-08-12 06:05:52,726 - INFO - Processing: HDFCBANK.NS
2026-08-12 06:05:53,557 - INFO -   HDFCBANK.NS: 1584 rows stored in DB
2026-08-12 06:05:53,558 - INFO - Processing: ICICIBANK.NS
2026-08-12 06:05:54,442 - INFO -   ICICIBANK.NS: 1584 rows stored in DB
2026-08-12 06:05:54,442 - INFO - Processing: INFY.NS
2026-08-12 06:05:55,296 - INFO -   INFY.NS: 1584 rows stored in DB
2026-08-12 06:05:55,296 - INFO - Processing: TCS.NS
2026-08-12 06:05:56,139 - INFO -   TCS.NS: 1583 rows stored in DB
2026-08-12 06:05:56,139 - INFO - Processing: ITC.NS
2026-08-12 06:05:56,985 - INFO -   ITC.NS: 1583 rows stored in DB
2026-08-12 06:05:56,985 - INFO - Processing: HINDUNILVR.NS
2026-08-12 06:05:57,819 - INFO -   HINDUNILVR.NS: 1582 rows stored in DB
2026-08-12 06:05:57,819 - INFO - Processing: SBIN.NS
2026-08-12 06:05:58,654 - INFO -   SBIN.NS: 1583 rows stored in DB
2026-08-12 06:05:58,654 - INFO - Processing: BHARTIARTL.NS
2026-08-12 06:05:59,496 - INFO -   BHARTIARTL.NS: 1583 rows stored in DB
2026-08-12 06:05:59,496 - INFO - Processing: KOTAKBANK.NS
2026-08-12 06:06:00,323 - INFO -   KOTAKBANK.NS: 1584 rows stored in DB
2026-08-12 06:06:00,323 - INFO - Processing: LT.NS
2026-08-12 06:06:01,138 - INFO -   LT.NS: 1584 rows stored in DB
2026-08-12 06:06:01,138 - INFO - Processing: AXISBANK.NS
2026-08-12 06:06:01,969 - INFO -   AXISBANK.NS: 1584 rows stored in DB
2026-08-12 06:06:01,969 - INFO - Processing: BAJFINANCE.NS
2026-08-12 06:06:02,797 - INFO -   BAJFINANCE.NS: 1583 rows stored in DB
2026-08-12 06:06:02,797 - INFO - Processing: ASIANPAINT.NS
2026-08-12 06:06:03,660 - INFO -   ASIANPAINT.NS: 1583 rows stored in DB
2026-08-12 06:06:03,660 - INFO - Processing: MARUTI.NS
2026-08-12 06:06:04,483 - INFO -   MARUTI.NS: 1584 rows stored in DB
2026-08-12 06:06:04,483 - INFO - Processing: SUNPHARMA.NS
2026-08-12 06:06:05,325 - INFO -   SUNPHARMA.NS: 1585 rows stored in DB
2026-08-12 06:06:05,325 - INFO - Processing: WIPRO.NS
2026-08-12 06:06:06,176 - INFO -   WIPRO.NS: 1584 rows stored in DB
2026-08-12 06:06:06,176 - INFO - Processing: POWERGRID.NS
2026-08-12 06:06:07,019 - INFO -   POWERGRID.NS: 1585 rows stored in DB
2026-08-12 06:06:07,019 - INFO - Processing: NTPC.NS
2026-08-12 06:06:07,883 - INFO -   NTPC.NS: 1585 rows stored in DB
2026-08-12 06:06:07,883 - INFO - Processing: ONGC.NS
2026-08-12 06:06:08,734 - INFO -   ONGC.NS: 1585 rows stored in DB
2026-08-12 06:06:08,734 - INFO - Processing: ^NSEI
2026-08-12 06:06:09,479 - INFO -   ^NSEI: 1641 rows stored in DB
2026-08-12 06:06:09,479 - INFO - Processing: ^NSEBANK
2026-08-12 06:06:10,231 - INFO -   ^NSEBANK: 1641 rows stored in DB
2026-08-12 06:06:10,231 - INFO - Processing: ^BSESN
2026-08-12 06:06:11,012 - INFO -   ^BSESN: 1626 rows stored in DB
2026-08-12 06:06:11,012 - INFO - Processing: ^NSEMDCP50
2026-08-12 06:06:11,761 - INFO -   ^NSEMDCP50: 1641 rows stored in DB
2026-08-12 06:06:11,761 - INFO - Processing: NIFTY_FIN_SERVICE.NS
2026-08-12 06:06:12,527 - INFO -   NIFTY_FIN_SERVICE.NS: 1641 rows stored in DB
2026-08-12 06:06:12,589 - INFO - README updated.
2026-08-12 06:06:12,590 - INFO - All done.
2026-08-12 07:48:10,455 - INFO - Processing 25 symbols
2026-08-12 07:48:10,455 - INFO - Processing: RELIANCE.NS
2026-08-12 07:48:11,513 - INFO -   RELIANCE.NS: 1687 rows stored in DB
2026-08-12 07:48:11,513 - INFO - Processing: HDFCBANK.NS
2026-08-12 07:48:12,393 - INFO -   HDFCBANK.NS: 1687 rows stored in DB
2026-08-12 07:48:12,394 - INFO - Processing: ICICIBANK.NS
2026-08-12 07:48:13,257 - INFO -   ICICIBANK.NS: 1687 rows stored in DB
2026-08-12 07:48:13,257 - INFO - Processing: INFY.NS
2026-08-12 07:48:14,114 - INFO -   INFY.NS: 1687 rows stored in DB
2026-08-12 07:48:14,115 - INFO - Processing: TCS.NS
2026-08-12 07:48:14,987 - INFO -   TCS.NS: 1686 rows stored in DB
2026-08-12 07:48:14,987 - INFO - Processing: ITC.NS
2026-08-12 07:48:15,855 - INFO -   ITC.NS: 1686 rows stored in DB
2026-08-12 07:48:15,856 - INFO - Processing: HINDUNILVR.NS
2026-08-12 07:48:16,740 - INFO -   HINDUNILVR.NS: 1685 rows stored in DB
2026-08-12 07:48:16,741 - INFO - Processing: SBIN.NS
2026-08-12 07:48:17,636 - INFO -   SBIN.NS: 1686 rows stored in DB
2026-08-12 07:48:17,636 - INFO - Processing: BHARTIARTL.NS
2026-08-12 07:48:18,500 - INFO -   BHARTIARTL.NS: 1686 rows stored in DB
2026-08-12 07:48:18,500 - INFO - Processing: KOTAKBANK.NS
2026-08-12 07:48:19,363 - INFO -   KOTAKBANK.NS: 1687 rows stored in DB
2026-08-12 07:48:19,364 - INFO - Processing: LT.NS
2026-08-12 07:48:20,276 - INFO -   LT.NS: 1687 rows stored in DB
2026-08-12 07:48:20,276 - INFO - Processing: AXISBANK.NS
2026-08-12 07:48:21,226 - INFO -   AXISBANK.NS: 1687 rows stored in DB
2026-08-12 07:48:21,226 - INFO - Processing: BAJFINANCE.NS
2026-08-12 07:48:22,099 - INFO -   BAJFINANCE.NS: 1686 rows stored in DB
2026-08-12 07:48:22,099 - INFO - Processing: ASIANPAINT.NS
2026-08-12 07:48:22,954 - INFO -   ASIANPAINT.NS: 1686 rows stored in DB
2026-08-12 07:48:22,954 - INFO - Processing: MARUTI.NS
2026-08-12 07:48:23,879 - INFO -   MARUTI.NS: 1687 rows stored in DB
2026-08-12 07:48:23,879 - INFO - Processing: SUNPHARMA.NS
2026-08-12 07:48:24,750 - INFO -   SUNPHARMA.NS: 1687 rows stored in DB
2026-08-12 07:48:24,750 - INFO - Processing: WIPRO.NS
2026-08-12 07:48:25,653 - INFO -   WIPRO.NS: 1687 rows stored in DB
2026-08-12 07:48:25,653 - INFO - Processing: POWERGRID.NS
2026-08-12 07:48:26,510 - INFO -   POWERGRID.NS: 1687 rows stored in DB
2026-08-12 07:48:26,510 - INFO - Processing: NTPC.NS
2026-08-12 07:48:27,399 - INFO -   NTPC.NS: 1687 rows stored in DB
2026-08-12 07:48:27,399 - INFO - Processing: ONGC.NS
2026-08-12 07:48:28,312 - INFO -   ONGC.NS: 1687 rows stored in DB
2026-08-12 07:48:28,312 - INFO - Processing: ^NSEI
2026-08-12 07:48:29,092 - INFO -   ^NSEI: 1743 rows stored in DB
2026-08-12 07:48:29,092 - INFO - Processing: ^NSEBANK
2026-08-12 07:48:29,883 - INFO -   ^NSEBANK: 1743 rows stored in DB
2026-08-12 07:48:29,883 - INFO - Processing: ^BSESN
2026-08-12 07:48:30,676 - INFO -   ^BSESN: 1728 rows stored in DB
2026-08-12 07:48:30,677 - INFO - Processing: ^NSEMDCP50
2026-08-12 07:48:31,447 - INFO -   ^NSEMDCP50: 1743 rows stored in DB
2026-08-12 07:48:31,447 - INFO - Processing: NIFTY_FIN_SERVICE.NS
2026-08-12 07:48:32,229 - INFO -   NIFTY_FIN_SERVICE.NS: 1743 rows stored in DB
2026-08-12 07:48:32,292 - INFO - README updated.
2026-08-12 07:48:32,292 - INFO - All done.
2026-08-12 08:55:10,454 - INFO - Processing 25 symbols
2026-08-12 08:55:10,455 - INFO - Processing: RELIANCE.NS
2026-08-12 08:55:11,396 - INFO -   RELIANCE.NS: 1754 rows stored in DB
2026-08-12 08:55:11,396 - INFO - Processing: HDFCBANK.NS
2026-08-12 08:55:12,146 - INFO -   HDFCBANK.NS: 1754 rows stored in DB
2026-08-12 08:55:12,146 - INFO - Processing: ICICIBANK.NS
2026-08-12 08:55:12,923 - INFO -   ICICIBANK.NS: 1754 rows stored in DB
2026-08-12 08:55:12,923 - INFO - Processing: INFY.NS
2026-08-12 08:55:13,665 - INFO -   INFY.NS: 1754 rows stored in DB
2026-08-12 08:55:13,666 - INFO - Processing: TCS.NS
2026-08-12 08:55:14,414 - INFO -   TCS.NS: 1753 rows stored in DB
2026-08-12 08:55:14,415 - INFO - Processing: ITC.NS
2026-08-12 08:55:15,171 - INFO -   ITC.NS: 1753 rows stored in DB
2026-08-12 08:55:15,171 - INFO - Processing: HINDUNILVR.NS
2026-08-12 08:55:15,934 - INFO -   HINDUNILVR.NS: 1752 rows stored in DB
2026-08-12 08:55:15,934 - INFO - Processing: SBIN.NS
2026-08-12 08:55:16,687 - INFO -   SBIN.NS: 1753 rows stored in DB
2026-08-12 08:55:16,687 - INFO - Processing: BHARTIARTL.NS
2026-08-12 08:55:17,440 - INFO -   BHARTIARTL.NS: 1753 rows stored in DB
2026-08-12 08:55:17,440 - INFO - Processing: KOTAKBANK.NS
2026-08-12 08:55:18,181 - INFO -   KOTAKBANK.NS: 1754 rows stored in DB
2026-08-12 08:55:18,181 - INFO - Processing: LT.NS
2026-08-12 08:55:18,926 - INFO -   LT.NS: 1754 rows stored in DB
2026-08-12 08:55:18,927 - INFO - Processing: AXISBANK.NS
2026-08-12 08:55:19,672 - INFO -   AXISBANK.NS: 1754 rows stored in DB
2026-08-12 08:55:19,672 - INFO - Processing: BAJFINANCE.NS
2026-08-12 08:55:20,419 - INFO -   BAJFINANCE.NS: 1753 rows stored in DB
2026-08-12 08:55:20,419 - INFO - Processing: ASIANPAINT.NS
2026-08-12 08:55:21,159 - INFO -   ASIANPAINT.NS: 1753 rows stored in DB
2026-08-12 08:55:21,159 - INFO - Processing: MARUTI.NS
2026-08-12 08:55:21,889 - INFO -   MARUTI.NS: 1754 rows stored in DB
2026-08-12 08:55:21,889 - INFO - Processing: SUNPHARMA.NS
2026-08-12 08:55:22,659 - INFO -   SUNPHARMA.NS: 1754 rows stored in DB
2026-08-12 08:55:22,659 - INFO - Processing: WIPRO.NS
2026-08-12 08:55:23,404 - INFO -   WIPRO.NS: 1754 rows stored in DB
2026-08-12 08:55:23,405 - INFO - Processing: POWERGRID.NS
2026-08-12 08:55:24,174 - INFO -   POWERGRID.NS: 1754 rows stored in DB
2026-08-12 08:55:24,174 - INFO - Processing: NTPC.NS
2026-08-12 08:55:24,933 - INFO -   NTPC.NS: 1754 rows stored in DB
2026-08-12 08:55:24,933 - INFO - Processing: ONGC.NS
2026-08-12 08:55:25,703 - INFO -   ONGC.NS: 1754 rows stored in DB
2026-08-12 08:55:25,703 - INFO - Processing: ^NSEI
2026-08-12 08:55:26,358 - INFO -   ^NSEI: 1810 rows stored in DB
2026-08-12 08:55:26,358 - INFO - Processing: ^NSEBANK
2026-08-12 08:55:27,034 - INFO -   ^NSEBANK: 1810 rows stored in DB
2026-08-12 08:55:27,034 - INFO - Processing: ^BSESN
2026-08-12 08:55:27,706 - INFO -   ^BSESN: 1795 rows stored in DB
2026-08-12 08:55:27,707 - INFO - Processing: ^NSEMDCP50
2026-08-12 08:55:28,394 - INFO -   ^NSEMDCP50: 1810 rows stored in DB
2026-08-12 08:55:28,394 - INFO - Processing: NIFTY_FIN_SERVICE.NS
2026-08-12 08:55:29,106 - INFO -   NIFTY_FIN_SERVICE.NS: 1810 rows stored in DB
2026-08-12 08:55:29,164 - INFO - README updated.
2026-08-12 08:55:29,164 - INFO - All done.
2026-08-12 10:05:29,805 - INFO - Processing 25 symbols
2026-08-12 10:05:29,805 - INFO - Processing: RELIANCE.NS
2026-08-12 10:05:30,799 - INFO -   RELIANCE.NS: 1803 rows stored in DB
2026-08-12 10:05:30,799 - INFO - Processing: HDFCBANK.NS
2026-08-12 10:05:31,570 - INFO -   HDFCBANK.NS: 1803 rows stored in DB
2026-08-12 10:05:31,570 - INFO - Processing: ICICIBANK.NS
2026-08-12 10:05:32,365 - INFO -   ICICIBANK.NS: 1803 rows stored in DB
2026-08-12 10:05:32,365 - INFO - Processing: INFY.NS
2026-08-12 10:05:33,133 - INFO -   INFY.NS: 1803 rows stored in DB
2026-08-12 10:05:33,133 - INFO - Processing: TCS.NS
2026-08-12 10:05:34,031 - INFO -   TCS.NS: 1802 rows stored in DB
2026-08-12 10:05:34,031 - INFO - Processing: ITC.NS
2026-08-12 10:05:34,882 - INFO -   ITC.NS: 1802 rows stored in DB
2026-08-12 10:05:34,883 - INFO - Processing: HINDUNILVR.NS
2026-08-12 10:05:35,640 - INFO -   HINDUNILVR.NS: 1801 rows stored in DB
2026-08-12 10:05:35,640 - INFO - Processing: SBIN.NS
2026-08-12 10:05:36,472 - INFO -   SBIN.NS: 1802 rows stored in DB
2026-08-12 10:05:36,472 - INFO - Processing: BHARTIARTL.NS
2026-08-12 10:05:37,306 - INFO -   BHARTIARTL.NS: 1802 rows stored in DB
2026-08-12 10:05:37,306 - INFO - Processing: KOTAKBANK.NS
2026-08-12 10:05:38,032 - INFO -   KOTAKBANK.NS: 1803 rows stored in DB
2026-08-12 10:05:38,032 - INFO - Processing: LT.NS
2026-08-12 10:05:38,767 - INFO -   LT.NS: 1803 rows stored in DB
2026-08-12 10:05:38,767 - INFO - Processing: AXISBANK.NS
2026-08-12 10:05:39,563 - INFO -   AXISBANK.NS: 1803 rows stored in DB
2026-08-12 10:05:39,564 - INFO - Processing: BAJFINANCE.NS
2026-08-12 10:05:40,346 - INFO -   BAJFINANCE.NS: 1802 rows stored in DB
2026-08-12 10:05:40,346 - INFO - Processing: ASIANPAINT.NS
2026-08-12 10:05:41,201 - INFO -   ASIANPAINT.NS: 1801 rows stored in DB
2026-08-12 10:05:41,201 - INFO - Processing: MARUTI.NS
2026-08-12 10:05:42,041 - INFO -   MARUTI.NS: 1803 rows stored in DB
2026-08-12 10:05:42,042 - INFO - Processing: SUNPHARMA.NS
2026-08-12 10:05:42,938 - INFO -   SUNPHARMA.NS: 1802 rows stored in DB
2026-08-12 10:05:42,938 - INFO - Processing: WIPRO.NS
2026-08-12 10:05:43,775 - INFO -   WIPRO.NS: 1803 rows stored in DB
2026-08-12 10:05:43,775 - INFO - Processing: POWERGRID.NS
2026-08-12 10:05:44,631 - INFO -   POWERGRID.NS: 1803 rows stored in DB
2026-08-12 10:05:44,631 - INFO - Processing: NTPC.NS
2026-08-12 10:05:45,447 - INFO -   NTPC.NS: 1803 rows stored in DB
2026-08-12 10:05:45,447 - INFO - Processing: ONGC.NS
2026-08-12 10:05:46,204 - INFO -   ONGC.NS: 1803 rows stored in DB
2026-08-12 10:05:46,204 - INFO - Processing: ^NSEI
2026-08-12 10:05:46,923 - INFO -   ^NSEI: 1874 rows stored in DB
2026-08-12 10:05:46,924 - INFO - Processing: ^NSEBANK
2026-08-12 10:05:47,741 - INFO -   ^NSEBANK: 1874 rows stored in DB
2026-08-12 10:05:47,741 - INFO - Processing: ^BSESN
2026-08-12 10:05:48,458 - INFO -   ^BSESN: 1864 rows stored in DB
2026-08-12 10:05:48,458 - INFO - Processing: ^NSEMDCP50
2026-08-12 10:05:49,302 - INFO -   ^NSEMDCP50: 1874 rows stored in DB
2026-08-12 10:05:49,302 - INFO - Processing: NIFTY_FIN_SERVICE.NS
2026-08-12 10:05:50,004 - INFO -   NIFTY_FIN_SERVICE.NS: 1874 rows stored in DB
2026-08-12 10:05:50,063 - INFO - README updated.
2026-08-12 10:05:50,063 - INFO - All done.
2026-08-12 11:09:09,797 - INFO - Processing 25 symbols
2026-08-12 11:09:09,797 - INFO - Processing: RELIANCE.NS
2026-08-12 11:09:10,917 - INFO -   RELIANCE.NS: 1801 rows stored in DB
2026-08-12 11:09:10,917 - INFO - Processing: HDFCBANK.NS
2026-08-12 11:09:11,848 - INFO -   HDFCBANK.NS: 1804 rows stored in DB
2026-08-12 11:09:11,848 - INFO - Processing: ICICIBANK.NS
2026-08-12 11:09:12,776 - INFO -   ICICIBANK.NS: 1804 rows stored in DB
2026-08-12 11:09:12,776 - INFO - Processing: INFY.NS
2026-08-12 11:09:13,730 - INFO -   INFY.NS: 1804 rows stored in DB
2026-08-12 11:09:13,730 - INFO - Processing: TCS.NS
2026-08-12 11:09:14,656 - INFO -   TCS.NS: 1803 rows stored in DB
2026-08-12 11:09:14,656 - INFO - Processing: ITC.NS
2026-08-12 11:09:15,573 - INFO -   ITC.NS: 1803 rows stored in DB
2026-08-12 11:09:15,573 - INFO - Processing: HINDUNILVR.NS
2026-08-12 11:09:16,508 - INFO -   HINDUNILVR.NS: 1800 rows stored in DB
2026-08-12 11:09:16,508 - INFO - Processing: SBIN.NS
2026-08-12 11:09:17,426 - INFO -   SBIN.NS: 1800 rows stored in DB
2026-08-12 11:09:17,426 - INFO - Processing: BHARTIARTL.NS
2026-08-12 11:09:18,339 - INFO -   BHARTIARTL.NS: 1800 rows stored in DB
2026-08-12 11:09:18,339 - INFO - Processing: KOTAKBANK.NS
2026-08-12 11:09:19,279 - INFO -   KOTAKBANK.NS: 1804 rows stored in DB
2026-08-12 11:09:19,280 - INFO - Processing: LT.NS
2026-08-12 11:09:20,206 - INFO -   LT.NS: 1801 rows stored in DB
2026-08-12 11:09:20,206 - INFO - Processing: AXISBANK.NS
2026-08-12 11:09:21,113 - INFO -   AXISBANK.NS: 1804 rows stored in DB
2026-08-12 11:09:21,113 - INFO - Processing: BAJFINANCE.NS
2026-08-12 11:09:22,043 - INFO -   BAJFINANCE.NS: 1803 rows stored in DB
2026-08-12 11:09:22,044 - INFO - Processing: ASIANPAINT.NS
2026-08-12 11:09:22,993 - INFO -   ASIANPAINT.NS: 1802 rows stored in DB
2026-08-12 11:09:22,993 - INFO - Processing: MARUTI.NS
2026-08-12 11:09:23,918 - INFO -   MARUTI.NS: 1802 rows stored in DB
2026-08-12 11:09:23,918 - INFO - Processing: SUNPHARMA.NS
2026-08-12 11:09:24,854 - INFO -   SUNPHARMA.NS: 1800 rows stored in DB
2026-08-12 11:09:24,854 - INFO - Processing: WIPRO.NS
2026-08-12 11:09:25,817 - INFO -   WIPRO.NS: 1804 rows stored in DB
2026-08-12 11:09:25,817 - INFO - Processing: POWERGRID.NS
2026-08-12 11:09:26,732 - INFO -   POWERGRID.NS: 1804 rows stored in DB
2026-08-12 11:09:26,732 - INFO - Processing: NTPC.NS
2026-08-12 11:09:27,655 - INFO -   NTPC.NS: 1801 rows stored in DB
2026-08-12 11:09:27,655 - INFO - Processing: ONGC.NS
2026-08-12 11:09:28,609 - INFO -   ONGC.NS: 1804 rows stored in DB
2026-08-12 11:09:28,609 - INFO - Processing: ^NSEI
2026-08-12 11:09:29,437 - INFO -   ^NSEI: 1871 rows stored in DB
2026-08-12 11:09:29,438 - INFO - Processing: ^NSEBANK
2026-08-12 11:09:30,258 - INFO -   ^NSEBANK: 1874 rows stored in DB
2026-08-12 11:09:30,258 - INFO - Processing: ^BSESN
2026-08-12 11:09:31,102 - INFO -   ^BSESN: 1874 rows stored in DB
2026-08-12 11:09:31,102 - INFO - Processing: ^NSEMDCP50
2026-08-12 11:09:31,961 - INFO -   ^NSEMDCP50: 1871 rows stored in DB
2026-08-12 11:09:31,961 - INFO - Processing: NIFTY_FIN_SERVICE.NS
2026-08-12 11:09:32,804 - INFO -   NIFTY_FIN_SERVICE.NS: 1871 rows stored in DB
2026-08-12 11:09:32,866 - INFO - README updated.
2026-08-12 11:09:32,866 - INFO - All done.
2026-08-13 04:50:52,465 - INFO - Processing 25 symbols
2026-08-13 04:50:52,465 - INFO - Processing: RELIANCE.NS
2026-08-13 04:50:53,720 - INFO -   RELIANCE.NS: 1509 rows stored in DB
2026-08-13 04:50:53,720 - INFO - Processing: HDFCBANK.NS
2026-08-13 04:50:54,769 - INFO -   HDFCBANK.NS: 1509 rows stored in DB
2026-08-13 04:50:54,769 - INFO - Processing: ICICIBANK.NS
2026-08-13 04:50:55,813 - INFO -   ICICIBANK.NS: 1509 rows stored in DB
2026-08-13 04:50:55,813 - INFO - Processing: INFY.NS
2026-08-13 04:50:56,865 - INFO -   INFY.NS: 1509 rows stored in DB
2026-08-13 04:50:56,865 - INFO - Processing: TCS.NS
2026-08-13 04:50:57,858 - INFO -   TCS.NS: 1508 rows stored in DB
2026-08-13 04:50:57,858 - INFO - Processing: ITC.NS
2026-08-13 04:50:58,949 - INFO -   ITC.NS: 1508 rows stored in DB
2026-08-13 04:50:58,950 - INFO - Processing: HINDUNILVR.NS
2026-08-13 04:50:59,959 - INFO -   HINDUNILVR.NS: 1507 rows stored in DB
2026-08-13 04:50:59,959 - INFO - Processing: SBIN.NS
2026-08-13 04:51:01,005 - INFO -   SBIN.NS: 1508 rows stored in DB
2026-08-13 04:51:01,006 - INFO - Processing: BHARTIARTL.NS
2026-08-13 04:51:02,043 - INFO -   BHARTIARTL.NS: 1508 rows stored in DB
2026-08-13 04:51:02,043 - INFO - Processing: KOTAKBANK.NS
2026-08-13 04:51:03,123 - INFO -   KOTAKBANK.NS: 1509 rows stored in DB
2026-08-13 04:51:03,123 - INFO - Processing: LT.NS
2026-08-13 04:51:04,337 - INFO -   LT.NS: 1510 rows stored in DB
2026-08-13 04:51:04,337 - INFO - Processing: AXISBANK.NS
2026-08-13 04:51:05,357 - INFO -   AXISBANK.NS: 1509 rows stored in DB
2026-08-13 04:51:05,357 - INFO - Processing: BAJFINANCE.NS
2026-08-13 04:51:06,487 - INFO -   BAJFINANCE.NS: 1508 rows stored in DB
2026-08-13 04:51:06,487 - INFO - Processing: ASIANPAINT.NS
2026-08-13 04:51:07,532 - INFO -   ASIANPAINT.NS: 1508 rows stored in DB
2026-08-13 04:51:07,532 - INFO - Processing: MARUTI.NS
2026-08-13 04:51:08,531 - INFO -   MARUTI.NS: 1510 rows stored in DB
2026-08-13 04:51:08,531 - INFO - Processing: SUNPHARMA.NS
2026-08-13 04:51:09,607 - INFO -   SUNPHARMA.NS: 1509 rows stored in DB
2026-08-13 04:51:09,607 - INFO - Processing: WIPRO.NS
2026-08-13 04:51:10,614 - INFO -   WIPRO.NS: 1510 rows stored in DB
2026-08-13 04:51:10,614 - INFO - Processing: POWERGRID.NS
2026-08-13 04:51:11,665 - INFO -   POWERGRID.NS: 1510 rows stored in DB
2026-08-13 04:51:11,665 - INFO - Processing: NTPC.NS
2026-08-13 04:51:12,681 - INFO -   NTPC.NS: 1510 rows stored in DB
2026-08-13 04:51:12,681 - INFO - Processing: ONGC.NS
2026-08-13 04:51:13,733 - INFO -   ONGC.NS: 1510 rows stored in DB
2026-08-13 04:51:13,733 - INFO - Processing: ^NSEI
2026-08-13 04:51:14,693 - INFO -   ^NSEI: 1566 rows stored in DB
2026-08-13 04:51:14,693 - INFO - Processing: ^NSEBANK
2026-08-13 04:51:15,639 - INFO -   ^NSEBANK: 1566 rows stored in DB
2026-08-13 04:51:15,639 - INFO - Processing: ^BSESN
2026-08-13 04:51:16,595 - INFO -   ^BSESN: 1551 rows stored in DB
2026-08-13 04:51:16,595 - INFO - Processing: ^NSEMDCP50
2026-08-13 04:51:17,582 - INFO -   ^NSEMDCP50: 1566 rows stored in DB
2026-08-13 04:51:17,582 - INFO - Processing: NIFTY_FIN_SERVICE.NS
2026-08-13 04:51:18,556 - INFO -   NIFTY_FIN_SERVICE.NS: 1566 rows stored in DB
2026-08-13 04:51:18,620 - INFO - README updated.
2026-08-13 04:51:18,621 - INFO - All done.
2026-08-13 06:08:12,221 - INFO - Processing 25 symbols
2026-08-13 06:08:12,222 - INFO - Processing: RELIANCE.NS
2026-08-13 06:08:13,075 - INFO -   RELIANCE.NS: 1587 rows stored in DB
2026-08-13 06:08:13,075 - INFO - Processing: HDFCBANK.NS
2026-08-13 06:08:13,763 - INFO -   HDFCBANK.NS: 1587 rows stored in DB
2026-08-13 06:08:13,763 - INFO - Processing: ICICIBANK.NS
2026-08-13 06:08:14,460 - INFO -   ICICIBANK.NS: 1587 rows stored in DB
2026-08-13 06:08:14,461 - INFO - Processing: INFY.NS
2026-08-13 06:08:15,528 - INFO -   INFY.NS: 1587 rows stored in DB
2026-08-13 06:08:15,528 - INFO - Processing: TCS.NS
2026-08-13 06:08:16,235 - INFO -   TCS.NS: 1586 rows stored in DB
2026-08-13 06:08:16,235 - INFO - Processing: ITC.NS
2026-08-13 06:08:16,942 - INFO -   ITC.NS: 1586 rows stored in DB
2026-08-13 06:08:16,942 - INFO - Processing: HINDUNILVR.NS
2026-08-13 06:08:17,646 - INFO -   HINDUNILVR.NS: 1585 rows stored in DB
2026-08-13 06:08:17,646 - INFO - Processing: SBIN.NS
2026-08-13 06:08:18,361 - INFO -   SBIN.NS: 1586 rows stored in DB
2026-08-13 06:08:18,361 - INFO - Processing: BHARTIARTL.NS
2026-08-13 06:08:19,088 - INFO -   BHARTIARTL.NS: 1586 rows stored in DB
2026-08-13 06:08:19,089 - INFO - Processing: KOTAKBANK.NS
2026-08-13 06:08:19,777 - INFO -   KOTAKBANK.NS: 1587 rows stored in DB
2026-08-13 06:08:19,778 - INFO - Processing: LT.NS
2026-08-13 06:08:20,468 - INFO -   LT.NS: 1587 rows stored in DB
2026-08-13 06:08:20,468 - INFO - Processing: AXISBANK.NS
2026-08-13 06:08:21,186 - INFO -   AXISBANK.NS: 1587 rows stored in DB
2026-08-13 06:08:21,186 - INFO - Processing: BAJFINANCE.NS
2026-08-13 06:08:21,902 - INFO -   BAJFINANCE.NS: 1586 rows stored in DB
2026-08-13 06:08:21,902 - INFO - Processing: ASIANPAINT.NS
2026-08-13 06:08:22,605 - INFO -   ASIANPAINT.NS: 1585 rows stored in DB
2026-08-13 06:08:22,605 - INFO - Processing: MARUTI.NS
2026-08-13 06:08:23,293 - INFO -   MARUTI.NS: 1587 rows stored in DB
2026-08-13 06:08:23,293 - INFO - Processing: SUNPHARMA.NS
2026-08-13 06:08:24,012 - INFO -   SUNPHARMA.NS: 1586 rows stored in DB
2026-08-13 06:08:24,012 - INFO - Processing: WIPRO.NS
2026-08-13 06:08:24,717 - INFO -   WIPRO.NS: 1587 rows stored in DB
2026-08-13 06:08:24,718 - INFO - Processing: POWERGRID.NS
2026-08-13 06:08:25,444 - INFO -   POWERGRID.NS: 1587 rows stored in DB
2026-08-13 06:08:25,444 - INFO - Processing: NTPC.NS
2026-08-13 06:08:26,179 - INFO -   NTPC.NS: 1587 rows stored in DB
2026-08-13 06:08:26,179 - INFO - Processing: ONGC.NS
2026-08-13 06:08:26,893 - INFO -   ONGC.NS: 1587 rows stored in DB
2026-08-13 06:08:26,893 - INFO - Processing: ^NSEI
2026-08-13 06:08:27,538 - INFO -   ^NSEI: 1643 rows stored in DB
2026-08-13 06:08:27,538 - INFO - Processing: ^NSEBANK
2026-08-13 06:08:28,174 - INFO -   ^NSEBANK: 1643 rows stored in DB
2026-08-13 06:08:28,174 - INFO - Processing: ^BSESN
2026-08-13 06:08:28,802 - INFO -   ^BSESN: 1628 rows stored in DB
2026-08-13 06:08:28,802 - INFO - Processing: ^NSEMDCP50
2026-08-13 06:08:29,433 - INFO -   ^NSEMDCP50: 1643 rows stored in DB
2026-08-13 06:08:29,434 - INFO - Processing: NIFTY_FIN_SERVICE.NS
2026-08-13 06:08:30,078 - INFO -   NIFTY_FIN_SERVICE.NS: 1643 rows stored in DB
2026-08-13 06:08:30,136 - INFO - README updated.
2026-08-13 06:08:30,137 - INFO - All done.
2026-08-13 07:50:56,245 - INFO - Processing 25 symbols
2026-08-13 07:50:56,245 - INFO - Processing: RELIANCE.NS
2026-08-13 07:50:57,296 - INFO -   RELIANCE.NS: 1689 rows stored in DB
2026-08-13 07:50:57,296 - INFO - Processing: HDFCBANK.NS
2026-08-13 07:50:58,004 - INFO -   HDFCBANK.NS: 1689 rows stored in DB
2026-08-13 07:50:58,004 - INFO - Processing: ICICIBANK.NS
2026-08-13 07:50:58,702 - INFO -   ICICIBANK.NS: 1689 rows stored in DB
2026-08-13 07:50:58,702 - INFO - Processing: INFY.NS
2026-08-13 07:50:59,497 - INFO -   INFY.NS: 1689 rows stored in DB
2026-08-13 07:50:59,497 - INFO - Processing: TCS.NS
2026-08-13 07:51:00,226 - INFO -   TCS.NS: 1688 rows stored in DB
2026-08-13 07:51:00,226 - INFO - Processing: ITC.NS
2026-08-13 07:51:00,922 - INFO -   ITC.NS: 1688 rows stored in DB
2026-08-13 07:51:00,922 - INFO - Processing: HINDUNILVR.NS
2026-08-13 07:51:01,618 - INFO -   HINDUNILVR.NS: 1687 rows stored in DB
2026-08-13 07:51:01,619 - INFO - Processing: SBIN.NS
2026-08-13 07:51:02,424 - INFO -   SBIN.NS: 1689 rows stored in DB
2026-08-13 07:51:02,424 - INFO - Processing: BHARTIARTL.NS
2026-08-13 07:51:03,566 - INFO -   BHARTIARTL.NS: 1689 rows stored in DB
2026-08-13 07:51:03,566 - INFO - Processing: KOTAKBANK.NS
2026-08-13 07:51:05,399 - INFO -   KOTAKBANK.NS: 1690 rows stored in DB
2026-08-13 07:51:05,399 - INFO - Processing: LT.NS
2026-08-13 07:51:06,749 - INFO -   LT.NS: 1690 rows stored in DB
2026-08-13 07:51:06,749 - INFO - Processing: AXISBANK.NS
2026-08-13 07:51:07,462 - INFO -   AXISBANK.NS: 1690 rows stored in DB
2026-08-13 07:51:07,463 - INFO - Processing: BAJFINANCE.NS
2026-08-13 07:51:08,156 - INFO -   BAJFINANCE.NS: 1689 rows stored in DB
2026-08-13 07:51:08,156 - INFO - Processing: ASIANPAINT.NS
2026-08-13 07:51:08,960 - INFO -   ASIANPAINT.NS: 1688 rows stored in DB
2026-08-13 07:51:08,961 - INFO - Processing: MARUTI.NS
2026-08-13 07:51:09,658 - INFO -   MARUTI.NS: 1689 rows stored in DB
2026-08-13 07:51:09,658 - INFO - Processing: SUNPHARMA.NS
2026-08-13 07:51:10,368 - INFO -   SUNPHARMA.NS: 1689 rows stored in DB
2026-08-13 07:51:10,368 - INFO - Processing: WIPRO.NS
2026-08-13 07:51:11,159 - INFO -   WIPRO.NS: 1690 rows stored in DB
2026-08-13 07:51:11,159 - INFO - Processing: POWERGRID.NS
2026-08-13 07:51:11,854 - INFO -   POWERGRID.NS: 1690 rows stored in DB
2026-08-13 07:51:11,854 - INFO - Processing: NTPC.NS
2026-08-13 07:51:12,782 - INFO -   NTPC.NS: 1690 rows stored in DB
2026-08-13 07:51:12,782 - INFO - Processing: ONGC.NS
2026-08-13 07:51:13,515 - INFO -   ONGC.NS: 1690 rows stored in DB
2026-08-13 07:51:13,515 - INFO - Processing: ^NSEI
2026-08-13 07:51:14,156 - INFO -   ^NSEI: 1746 rows stored in DB
2026-08-13 07:51:14,157 - INFO - Processing: ^NSEBANK
2026-08-13 07:51:14,801 - INFO -   ^NSEBANK: 1746 rows stored in DB
2026-08-13 07:51:14,801 - INFO - Processing: ^BSESN
2026-08-13 07:51:15,442 - INFO -   ^BSESN: 1731 rows stored in DB
2026-08-13 07:51:15,442 - INFO - Processing: ^NSEMDCP50
2026-08-13 07:51:16,125 - INFO -   ^NSEMDCP50: 1746 rows stored in DB
2026-08-13 07:51:16,125 - INFO - Processing: NIFTY_FIN_SERVICE.NS
2026-08-13 07:51:17,449 - INFO -   NIFTY_FIN_SERVICE.NS: 1746 rows stored in DB
2026-08-13 07:51:17,494 - INFO - README updated.
2026-08-13 07:51:17,495 - INFO - All done.
2026-08-13 09:01:21,786 - INFO - Processing 25 symbols
2026-08-13 09:01:21,786 - INFO - Processing: RELIANCE.NS
2026-08-13 09:01:22,843 - INFO -   RELIANCE.NS: 1760 rows stored in DB
2026-08-13 09:01:22,843 - INFO - Processing: HDFCBANK.NS
2026-08-13 09:01:23,776 - INFO -   HDFCBANK.NS: 1760 rows stored in DB
2026-08-13 09:01:23,776 - INFO - Processing: ICICIBANK.NS
2026-08-13 09:01:24,739 - INFO -   ICICIBANK.NS: 1760 rows stored in DB
2026-08-13 09:01:24,740 - INFO - Processing: INFY.NS
2026-08-13 09:01:25,698 - INFO -   INFY.NS: 1760 rows stored in DB
2026-08-13 09:01:25,698 - INFO - Processing: TCS.NS
2026-08-13 09:01:26,673 - INFO -   TCS.NS: 1759 rows stored in DB
2026-08-13 09:01:26,673 - INFO - Processing: ITC.NS
2026-08-13 09:01:27,652 - INFO -   ITC.NS: 1759 rows stored in DB
2026-08-13 09:01:27,653 - INFO - Processing: HINDUNILVR.NS
2026-08-13 09:01:28,635 - INFO -   HINDUNILVR.NS: 1758 rows stored in DB
2026-08-13 09:01:28,635 - INFO - Processing: SBIN.NS
2026-08-13 09:01:29,572 - INFO -   SBIN.NS: 1759 rows stored in DB
2026-08-13 09:01:29,572 - INFO - Processing: BHARTIARTL.NS
2026-08-13 09:01:30,496 - INFO -   BHARTIARTL.NS: 1759 rows stored in DB
2026-08-13 09:01:30,496 - INFO - Processing: KOTAKBANK.NS
2026-08-13 09:01:31,454 - INFO -   KOTAKBANK.NS: 1760 rows stored in DB
2026-08-13 09:01:31,454 - INFO - Processing: LT.NS
2026-08-13 09:01:32,391 - INFO -   LT.NS: 1760 rows stored in DB
2026-08-13 09:01:32,391 - INFO - Processing: AXISBANK.NS
2026-08-13 09:01:33,284 - INFO -   AXISBANK.NS: 1760 rows stored in DB
2026-08-13 09:01:33,284 - INFO - Processing: BAJFINANCE.NS
2026-08-13 09:01:34,248 - INFO -   BAJFINANCE.NS: 1759 rows stored in DB
2026-08-13 09:01:34,248 - INFO - Processing: ASIANPAINT.NS
2026-08-13 09:01:35,168 - INFO -   ASIANPAINT.NS: 1758 rows stored in DB
2026-08-13 09:01:35,168 - INFO - Processing: MARUTI.NS
2026-08-13 09:01:36,146 - INFO -   MARUTI.NS: 1760 rows stored in DB
2026-08-13 09:01:36,147 - INFO - Processing: SUNPHARMA.NS
2026-08-13 09:01:37,107 - INFO -   SUNPHARMA.NS: 1759 rows stored in DB
2026-08-13 09:01:37,107 - INFO - Processing: WIPRO.NS
2026-08-13 09:01:38,005 - INFO -   WIPRO.NS: 1760 rows stored in DB
2026-08-13 09:01:38,005 - INFO - Processing: POWERGRID.NS
2026-08-13 09:01:38,902 - INFO -   POWERGRID.NS: 1760 rows stored in DB
2026-08-13 09:01:38,902 - INFO - Processing: NTPC.NS
2026-08-13 09:01:39,877 - INFO -   NTPC.NS: 1760 rows stored in DB
2026-08-13 09:01:39,877 - INFO - Processing: ONGC.NS
2026-08-13 09:01:40,845 - INFO -   ONGC.NS: 1760 rows stored in DB
2026-08-13 09:01:40,845 - INFO - Processing: ^NSEI
2026-08-13 09:01:41,750 - INFO -   ^NSEI: 1816 rows stored in DB
2026-08-13 09:01:41,750 - INFO - Processing: ^NSEBANK
2026-08-13 09:01:42,619 - INFO -   ^NSEBANK: 1816 rows stored in DB
2026-08-13 09:01:42,619 - INFO - Processing: ^BSESN
2026-08-13 09:01:43,473 - INFO -   ^BSESN: 1801 rows stored in DB
2026-08-13 09:01:43,473 - INFO - Processing: ^NSEMDCP50
2026-08-13 09:01:44,325 - INFO -   ^NSEMDCP50: 1816 rows stored in DB
2026-08-13 09:01:44,325 - INFO - Processing: NIFTY_FIN_SERVICE.NS
2026-08-13 09:01:45,199 - INFO -   NIFTY_FIN_SERVICE.NS: 1816 rows stored in DB
2026-08-13 09:01:45,262 - INFO - README updated.
2026-08-13 09:01:45,263 - INFO - All done.
2026-08-13 10:18:14,114 - INFO - Processing 25 symbols
2026-08-13 10:18:14,114 - INFO - Processing: RELIANCE.NS
2026-08-13 10:18:15,206 - INFO -   RELIANCE.NS: 1804 rows stored in DB
2026-08-13 10:18:15,206 - INFO - Processing: HDFCBANK.NS
2026-08-13 10:18:16,167 - INFO -   HDFCBANK.NS: 1804 rows stored in DB
2026-08-13 10:18:16,167 - INFO - Processing: ICICIBANK.NS
2026-08-13 10:18:17,145 - INFO -   ICICIBANK.NS: 1803 rows stored in DB
2026-08-13 10:18:17,145 - INFO - Processing: INFY.NS
2026-08-13 10:18:18,151 - INFO -   INFY.NS: 1803 rows stored in DB
2026-08-13 10:18:18,151 - INFO - Processing: TCS.NS
2026-08-13 10:18:19,337 - INFO -   TCS.NS: 1803 rows stored in DB
2026-08-13 10:18:19,337 - INFO - Processing: ITC.NS
2026-08-13 10:18:20,316 - INFO -   ITC.NS: 1802 rows stored in DB
2026-08-13 10:18:20,316 - INFO - Processing: HINDUNILVR.NS
2026-08-13 10:18:21,280 - INFO -   HINDUNILVR.NS: 1801 rows stored in DB
2026-08-13 10:18:21,280 - INFO - Processing: SBIN.NS
2026-08-13 10:18:22,235 - INFO -   SBIN.NS: 1803 rows stored in DB
2026-08-13 10:18:22,235 - INFO - Processing: BHARTIARTL.NS
2026-08-13 10:18:23,157 - INFO -   BHARTIARTL.NS: 1803 rows stored in DB
2026-08-13 10:18:23,157 - INFO - Processing: KOTAKBANK.NS
2026-08-13 10:18:24,226 - INFO -   KOTAKBANK.NS: 1803 rows stored in DB
2026-08-13 10:18:24,227 - INFO - Processing: LT.NS
2026-08-13 10:18:25,691 - INFO -   LT.NS: 1803 rows stored in DB
2026-08-13 10:18:25,691 - INFO - Processing: AXISBANK.NS
2026-08-13 10:18:26,647 - INFO -   AXISBANK.NS: 1804 rows stored in DB
2026-08-13 10:18:26,647 - INFO - Processing: BAJFINANCE.NS
2026-08-13 10:18:27,614 - INFO -   BAJFINANCE.NS: 1801 rows stored in DB
2026-08-13 10:18:27,615 - INFO - Processing: ASIANPAINT.NS
2026-08-13 10:18:28,612 - INFO -   ASIANPAINT.NS: 1800 rows stored in DB
2026-08-13 10:18:28,612 - INFO - Processing: MARUTI.NS
2026-08-13 10:18:29,579 - INFO -   MARUTI.NS: 1803 rows stored in DB
2026-08-13 10:18:29,579 - INFO - Processing: SUNPHARMA.NS
2026-08-13 10:18:30,532 - INFO -   SUNPHARMA.NS: 1801 rows stored in DB
2026-08-13 10:18:30,532 - INFO - Processing: WIPRO.NS
2026-08-13 10:18:31,559 - INFO -   WIPRO.NS: 1803 rows stored in DB
2026-08-13 10:18:31,559 - INFO - Processing: POWERGRID.NS
2026-08-13 10:18:32,506 - INFO -   POWERGRID.NS: 1804 rows stored in DB
2026-08-13 10:18:32,507 - INFO - Processing: NTPC.NS
2026-08-13 10:18:33,452 - INFO -   NTPC.NS: 1804 rows stored in DB
2026-08-13 10:18:33,452 - INFO - Processing: ONGC.NS
2026-08-13 10:18:34,489 - INFO -   ONGC.NS: 1804 rows stored in DB
2026-08-13 10:18:34,489 - INFO - Processing: ^NSEI
2026-08-13 10:18:35,371 - INFO -   ^NSEI: 1874 rows stored in DB
2026-08-13 10:18:35,372 - INFO - Processing: ^NSEBANK
2026-08-13 10:18:36,271 - INFO -   ^NSEBANK: 1874 rows stored in DB
2026-08-13 10:18:36,271 - INFO - Processing: ^BSESN
2026-08-13 10:18:37,156 - INFO -   ^BSESN: 1874 rows stored in DB
2026-08-13 10:18:37,156 - INFO - Processing: ^NSEMDCP50
2026-08-13 10:18:38,027 - INFO -   ^NSEMDCP50: 1874 rows stored in DB
2026-08-13 10:18:38,028 - INFO - Processing: NIFTY_FIN_SERVICE.NS
2026-08-13 10:18:38,906 - INFO -   NIFTY_FIN_SERVICE.NS: 1874 rows stored in DB
2026-08-13 10:18:38,970 - INFO - README updated.
2026-08-13 10:18:38,971 - INFO - All done.
2026-08-13 11:14:12,342 - INFO - Processing 25 symbols
2026-08-13 11:14:12,342 - INFO - Processing: RELIANCE.NS
2026-08-13 11:14:14,263 - INFO -   RELIANCE.NS: 1804 rows stored in DB
2026-08-13 11:14:14,264 - INFO - Processing: HDFCBANK.NS
2026-08-13 11:14:16,312 - INFO -   HDFCBANK.NS: 1804 rows stored in DB
2026-08-13 11:14:16,313 - INFO - Processing: ICICIBANK.NS
2026-08-13 11:14:17,707 - INFO -   ICICIBANK.NS: 1804 rows stored in DB
2026-08-13 11:14:17,707 - INFO - Processing: INFY.NS
2026-08-13 11:14:19,276 - INFO -   INFY.NS: 1804 rows stored in DB
2026-08-13 11:14:19,276 - INFO - Processing: TCS.NS
2026-08-13 11:14:20,299 - INFO -   TCS.NS: 1803 rows stored in DB
2026-08-13 11:14:20,299 - INFO - Processing: ITC.NS
2026-08-13 11:14:21,314 - INFO -   ITC.NS: 1803 rows stored in DB
2026-08-13 11:14:21,314 - INFO - Processing: HINDUNILVR.NS
2026-08-13 11:14:22,278 - INFO -   HINDUNILVR.NS: 1801 rows stored in DB
2026-08-13 11:14:22,278 - INFO - Processing: SBIN.NS
2026-08-13 11:14:23,256 - INFO -   SBIN.NS: 1803 rows stored in DB
2026-08-13 11:14:23,256 - INFO - Processing: BHARTIARTL.NS
2026-08-13 11:14:24,472 - INFO -   BHARTIARTL.NS: 1803 rows stored in DB
2026-08-13 11:14:24,473 - INFO - Processing: KOTAKBANK.NS
2026-08-13 11:14:25,307 - INFO -   KOTAKBANK.NS: 1804 rows stored in DB
2026-08-13 11:14:25,307 - INFO - Processing: LT.NS
2026-08-13 11:14:26,669 - INFO -   LT.NS: 1803 rows stored in DB
2026-08-13 11:14:26,669 - INFO - Processing: AXISBANK.NS
2026-08-13 11:14:27,858 - INFO -   AXISBANK.NS: 1804 rows stored in DB
2026-08-13 11:14:27,858 - INFO - Processing: BAJFINANCE.NS
2026-08-13 11:14:29,272 - INFO -   BAJFINANCE.NS: 1802 rows stored in DB
2026-08-13 11:14:29,272 - INFO - Processing: ASIANPAINT.NS
2026-08-13 11:14:30,435 - INFO -   ASIANPAINT.NS: 1801 rows stored in DB
2026-08-13 11:14:30,436 - INFO - Processing: MARUTI.NS
2026-08-13 11:14:31,495 - INFO -   MARUTI.NS: 1803 rows stored in DB
2026-08-13 11:14:31,496 - INFO - Processing: SUNPHARMA.NS
2026-08-13 11:14:32,702 - INFO -   SUNPHARMA.NS: 1802 rows stored in DB
2026-08-13 11:14:32,702 - INFO - Processing: WIPRO.NS
2026-08-13 11:14:33,587 - INFO -   WIPRO.NS: 1804 rows stored in DB
2026-08-13 11:14:33,587 - INFO - Processing: POWERGRID.NS
2026-08-13 11:14:35,345 - INFO -   POWERGRID.NS: 1804 rows stored in DB
2026-08-13 11:14:35,346 - INFO - Processing: NTPC.NS
2026-08-13 11:14:36,602 - INFO -   NTPC.NS: 1804 rows stored in DB
2026-08-13 11:14:36,603 - INFO - Processing: ONGC.NS
2026-08-13 11:14:37,499 - INFO -   ONGC.NS: 1804 rows stored in DB
2026-08-13 11:14:37,500 - INFO - Processing: ^NSEI
2026-08-13 11:14:38,784 - INFO -   ^NSEI: 1874 rows stored in DB
2026-08-13 11:14:38,785 - INFO - Processing: ^NSEBANK
2026-08-13 11:14:39,703 - INFO -   ^NSEBANK: 1874 rows stored in DB
2026-08-13 11:14:39,703 - INFO - Processing: ^BSESN
2026-08-13 11:14:40,624 - INFO -   ^BSESN: 1874 rows stored in DB
2026-08-13 11:14:40,624 - INFO - Processing: ^NSEMDCP50
2026-08-13 11:14:41,539 - INFO -   ^NSEMDCP50: 1874 rows stored in DB
2026-08-13 11:14:41,539 - INFO - Processing: NIFTY_FIN_SERVICE.NS
2026-08-13 11:14:42,808 - INFO -   NIFTY_FIN_SERVICE.NS: 1874 rows stored in DB
2026-08-13 11:14:42,846 - INFO - README updated.
2026-08-13 11:14:42,846 - INFO - All done.
2026-08-14 04:47:55,681 - INFO - Processing 25 symbols
2026-08-14 04:47:55,681 - INFO - Processing: RELIANCE.NS
2026-08-14 04:47:56,628 - INFO -   RELIANCE.NS: 1506 rows stored in DB
2026-08-14 04:47:56,628 - INFO - Processing: HDFCBANK.NS
2026-08-14 04:47:57,468 - INFO -   HDFCBANK.NS: 1506 rows stored in DB
2026-08-14 04:47:57,468 - INFO - Processing: ICICIBANK.NS
2026-08-14 04:47:58,969 - INFO -   ICICIBANK.NS: 1506 rows stored in DB
2026-08-14 04:47:58,969 - INFO - Processing: INFY.NS
2026-08-14 04:47:59,821 - INFO -   INFY.NS: 1506 rows stored in DB
2026-08-14 04:47:59,821 - INFO - Processing: TCS.NS
2026-08-14 04:48:00,653 - INFO -   TCS.NS: 1505 rows stored in DB
2026-08-14 04:48:00,653 - INFO - Processing: ITC.NS
2026-08-14 04:48:01,499 - INFO -   ITC.NS: 1505 rows stored in DB
2026-08-14 04:48:01,499 - INFO - Processing: HINDUNILVR.NS
2026-08-14 04:48:02,337 - INFO -   HINDUNILVR.NS: 1504 rows stored in DB
2026-08-14 04:48:02,337 - INFO - Processing: SBIN.NS
2026-08-14 04:48:03,136 - INFO -   SBIN.NS: 1506 rows stored in DB
2026-08-14 04:48:03,136 - INFO - Processing: BHARTIARTL.NS
2026-08-14 04:48:03,937 - INFO -   BHARTIARTL.NS: 1506 rows stored in DB
2026-08-14 04:48:03,937 - INFO - Processing: KOTAKBANK.NS
2026-08-14 04:48:04,788 - INFO -   KOTAKBANK.NS: 1506 rows stored in DB
2026-08-14 04:48:04,788 - INFO - Processing: LT.NS
2026-08-14 04:48:05,595 - INFO -   LT.NS: 1506 rows stored in DB
2026-08-14 04:48:05,595 - INFO - Processing: AXISBANK.NS
2026-08-14 04:48:06,420 - INFO -   AXISBANK.NS: 1507 rows stored in DB
2026-08-14 04:48:06,420 - INFO - Processing: BAJFINANCE.NS
2026-08-14 04:48:07,344 - INFO -   BAJFINANCE.NS: 1505 rows stored in DB
2026-08-14 04:48:07,344 - INFO - Processing: ASIANPAINT.NS
2026-08-14 04:48:08,147 - INFO -   ASIANPAINT.NS: 1504 rows stored in DB
2026-08-14 04:48:08,147 - INFO - Processing: MARUTI.NS
2026-08-14 04:48:08,945 - INFO -   MARUTI.NS: 1506 rows stored in DB
2026-08-14 04:48:08,945 - INFO - Processing: SUNPHARMA.NS
2026-08-14 04:48:09,785 - INFO -   SUNPHARMA.NS: 1505 rows stored in DB
2026-08-14 04:48:09,785 - INFO - Processing: WIPRO.NS
2026-08-14 04:48:10,614 - INFO -   WIPRO.NS: 1507 rows stored in DB
2026-08-14 04:48:10,614 - INFO - Processing: POWERGRID.NS
2026-08-14 04:48:11,455 - INFO -   POWERGRID.NS: 1507 rows stored in DB
2026-08-14 04:48:11,455 - INFO - Processing: NTPC.NS
2026-08-14 04:48:12,260 - INFO -   NTPC.NS: 1507 rows stored in DB
2026-08-14 04:48:12,260 - INFO - Processing: ONGC.NS
2026-08-14 04:48:13,120 - INFO -   ONGC.NS: 1507 rows stored in DB
2026-08-14 04:48:13,120 - INFO - Processing: ^NSEI
2026-08-14 04:48:13,849 - INFO -   ^NSEI: 1563 rows stored in DB
2026-08-14 04:48:13,850 - INFO - Processing: ^NSEBANK
2026-08-14 04:48:14,618 - INFO -   ^NSEBANK: 1563 rows stored in DB
2026-08-14 04:48:14,618 - INFO - Processing: ^BSESN
2026-08-14 04:48:15,341 - INFO -   ^BSESN: 1548 rows stored in DB
2026-08-14 04:48:15,341 - INFO - Processing: ^NSEMDCP50
2026-08-14 04:48:16,095 - INFO -   ^NSEMDCP50: 1563 rows stored in DB
2026-08-14 04:48:16,095 - INFO - Processing: NIFTY_FIN_SERVICE.NS
2026-08-14 04:48:16,955 - INFO -   NIFTY_FIN_SERVICE.NS: 1563 rows stored in DB
2026-08-14 04:48:17,019 - INFO - README updated.
2026-08-14 04:48:17,019 - INFO - All done.
2026-08-14 06:05:41,283 - INFO - Processing 25 symbols
2026-08-14 06:05:41,284 - INFO - Processing: RELIANCE.NS
2026-08-14 06:05:42,194 - INFO -   RELIANCE.NS: 1584 rows stored in DB
2026-08-14 06:05:42,194 - INFO - Processing: HDFCBANK.NS
2026-08-14 06:05:42,878 - INFO -   HDFCBANK.NS: 1584 rows stored in DB
2026-08-14 06:05:42,878 - INFO - Processing: ICICIBANK.NS
2026-08-14 06:05:43,550 - INFO -   ICICIBANK.NS: 1584 rows stored in DB
2026-08-14 06:05:43,550 - INFO - Processing: INFY.NS
2026-08-14 06:05:44,573 - INFO -   INFY.NS: 1584 rows stored in DB
2026-08-14 06:05:44,573 - INFO - Processing: TCS.NS
2026-08-14 06:05:45,410 - INFO -   TCS.NS: 1583 rows stored in DB
2026-08-14 06:05:45,410 - INFO - Processing: ITC.NS
2026-08-14 06:05:46,904 - INFO -   ITC.NS: 1583 rows stored in DB
2026-08-14 06:05:46,905 - INFO - Processing: HINDUNILVR.NS
2026-08-14 06:05:48,210 - INFO -   HINDUNILVR.NS: 1582 rows stored in DB
2026-08-14 06:05:48,210 - INFO - Processing: SBIN.NS
2026-08-14 06:05:48,920 - INFO -   SBIN.NS: 1584 rows stored in DB
2026-08-14 06:05:48,920 - INFO - Processing: BHARTIARTL.NS
2026-08-14 06:05:49,599 - INFO -   BHARTIARTL.NS: 1583 rows stored in DB
2026-08-14 06:05:49,599 - INFO - Processing: KOTAKBANK.NS
2026-08-14 06:05:50,289 - INFO -   KOTAKBANK.NS: 1584 rows stored in DB
2026-08-14 06:05:50,289 - INFO - Processing: LT.NS
2026-08-14 06:05:50,957 - INFO -   LT.NS: 1583 rows stored in DB
2026-08-14 06:05:50,957 - INFO - Processing: AXISBANK.NS
2026-08-14 06:05:51,649 - INFO -   AXISBANK.NS: 1584 rows stored in DB
2026-08-14 06:05:51,649 - INFO - Processing: BAJFINANCE.NS
2026-08-14 06:05:52,326 - INFO -   BAJFINANCE.NS: 1582 rows stored in DB
2026-08-14 06:05:52,327 - INFO - Processing: ASIANPAINT.NS
2026-08-14 06:05:53,122 - INFO -   ASIANPAINT.NS: 1581 rows stored in DB
2026-08-14 06:05:53,122 - INFO - Processing: MARUTI.NS
2026-08-14 06:05:53,915 - INFO -   MARUTI.NS: 1583 rows stored in DB
2026-08-14 06:05:53,916 - INFO - Processing: SUNPHARMA.NS
2026-08-14 06:05:54,699 - INFO -   SUNPHARMA.NS: 1582 rows stored in DB
2026-08-14 06:05:54,699 - INFO - Processing: WIPRO.NS
2026-08-14 06:05:55,382 - INFO -   WIPRO.NS: 1584 rows stored in DB
2026-08-14 06:05:55,382 - INFO - Processing: POWERGRID.NS
2026-08-14 06:05:56,141 - INFO -   POWERGRID.NS: 1584 rows stored in DB
2026-08-14 06:05:56,141 - INFO - Processing: NTPC.NS
2026-08-14 06:05:56,858 - INFO -   NTPC.NS: 1584 rows stored in DB
2026-08-14 06:05:56,858 - INFO - Processing: ONGC.NS
2026-08-14 06:05:57,636 - INFO -   ONGC.NS: 1584 rows stored in DB
2026-08-14 06:05:57,637 - INFO - Processing: ^NSEI
2026-08-14 06:05:58,762 - INFO -   ^NSEI: 1640 rows stored in DB
2026-08-14 06:05:58,762 - INFO - Processing: ^NSEBANK
2026-08-14 06:05:59,385 - INFO -   ^NSEBANK: 1640 rows stored in DB
2026-08-14 06:05:59,385 - INFO - Processing: ^BSESN
2026-08-14 06:05:59,986 - INFO -   ^BSESN: 1625 rows stored in DB
2026-08-14 06:05:59,987 - INFO - Processing: ^NSEMDCP50
2026-08-14 06:06:00,613 - INFO -   ^NSEMDCP50: 1640 rows stored in DB
2026-08-14 06:06:00,613 - INFO - Processing: NIFTY_FIN_SERVICE.NS
2026-08-14 06:06:01,262 - INFO -   NIFTY_FIN_SERVICE.NS: 1640 rows stored in DB
2026-08-14 06:06:01,307 - INFO - README updated.
2026-08-14 06:06:01,307 - INFO - All done.
2026-08-14 07:47:11,112 - INFO - Processing 25 symbols
2026-08-14 07:47:11,112 - INFO - Processing: RELIANCE.NS
2026-08-14 07:47:12,091 - INFO -   RELIANCE.NS: 1686 rows stored in DB
2026-08-14 07:47:12,091 - INFO - Processing: HDFCBANK.NS
2026-08-14 07:47:13,005 - INFO -   HDFCBANK.NS: 1686 rows stored in DB
2026-08-14 07:47:13,005 - INFO - Processing: ICICIBANK.NS
2026-08-14 07:47:13,863 - INFO -   ICICIBANK.NS: 1686 rows stored in DB
2026-08-14 07:47:13,864 - INFO - Processing: INFY.NS
2026-08-14 07:47:14,750 - INFO -   INFY.NS: 1686 rows stored in DB
2026-08-14 07:47:14,750 - INFO - Processing: TCS.NS
2026-08-14 07:47:15,804 - INFO -   TCS.NS: 1685 rows stored in DB
2026-08-14 07:47:15,804 - INFO - Processing: ITC.NS
2026-08-14 07:47:17,114 - INFO -   ITC.NS: 1685 rows stored in DB
2026-08-14 07:47:17,114 - INFO - Processing: HINDUNILVR.NS
2026-08-14 07:47:18,024 - INFO -   HINDUNILVR.NS: 1684 rows stored in DB
2026-08-14 07:47:18,024 - INFO - Processing: SBIN.NS
2026-08-14 07:47:18,903 - INFO -   SBIN.NS: 1686 rows stored in DB
2026-08-14 07:47:18,903 - INFO - Processing: BHARTIARTL.NS
2026-08-14 07:47:19,770 - INFO -   BHARTIARTL.NS: 1685 rows stored in DB
2026-08-14 07:47:19,771 - INFO - Processing: KOTAKBANK.NS
2026-08-14 07:47:20,641 - INFO -   KOTAKBANK.NS: 1686 rows stored in DB
2026-08-14 07:47:20,641 - INFO - Processing: LT.NS
2026-08-14 07:47:21,491 - INFO -   LT.NS: 1685 rows stored in DB
2026-08-14 07:47:21,491 - INFO - Processing: AXISBANK.NS
2026-08-14 07:47:22,363 - INFO -   AXISBANK.NS: 1686 rows stored in DB
2026-08-14 07:47:22,363 - INFO - Processing: BAJFINANCE.NS
2026-08-14 07:47:23,215 - INFO -   BAJFINANCE.NS: 1684 rows stored in DB
2026-08-14 07:47:23,215 - INFO - Processing: ASIANPAINT.NS
2026-08-14 07:47:24,091 - INFO -   ASIANPAINT.NS: 1683 rows stored in DB
2026-08-14 07:47:24,091 - INFO - Processing: MARUTI.NS
2026-08-14 07:47:24,968 - INFO -   MARUTI.NS: 1685 rows stored in DB
2026-08-14 07:47:24,969 - INFO - Processing: SUNPHARMA.NS
2026-08-14 07:47:25,845 - INFO -   SUNPHARMA.NS: 1684 rows stored in DB
2026-08-14 07:47:25,845 - INFO - Processing: WIPRO.NS
2026-08-14 07:47:26,741 - INFO -   WIPRO.NS: 1686 rows stored in DB
2026-08-14 07:47:26,741 - INFO - Processing: POWERGRID.NS
2026-08-14 07:47:27,640 - INFO -   POWERGRID.NS: 1686 rows stored in DB
2026-08-14 07:47:27,640 - INFO - Processing: NTPC.NS
2026-08-14 07:47:28,516 - INFO -   NTPC.NS: 1686 rows stored in DB
2026-08-14 07:47:28,516 - INFO - Processing: ONGC.NS
2026-08-14 07:47:29,400 - INFO -   ONGC.NS: 1686 rows stored in DB
2026-08-14 07:47:29,401 - INFO - Processing: ^NSEI
2026-08-14 07:47:30,188 - INFO -   ^NSEI: 1742 rows stored in DB
2026-08-14 07:47:30,188 - INFO - Processing: ^NSEBANK
2026-08-14 07:47:30,992 - INFO -   ^NSEBANK: 1742 rows stored in DB
2026-08-14 07:47:30,993 - INFO - Processing: ^BSESN
2026-08-14 07:47:31,789 - INFO -   ^BSESN: 1727 rows stored in DB
2026-08-14 07:47:31,789 - INFO - Processing: ^NSEMDCP50
2026-08-14 07:47:32,587 - INFO -   ^NSEMDCP50: 1742 rows stored in DB
2026-08-14 07:47:32,587 - INFO - Processing: NIFTY_FIN_SERVICE.NS
2026-08-14 07:47:33,397 - INFO -   NIFTY_FIN_SERVICE.NS: 1742 rows stored in DB
2026-08-14 07:47:33,461 - INFO - README updated.
2026-08-14 07:47:33,461 - INFO - All done.
2026-08-14 08:52:09,558 - INFO - Processing 25 symbols
2026-08-14 08:52:09,559 - INFO - Processing: RELIANCE.NS
2026-08-14 08:52:10,806 - INFO -   RELIANCE.NS: 1751 rows stored in DB
2026-08-14 08:52:10,807 - INFO - Processing: HDFCBANK.NS
2026-08-14 08:52:11,706 - INFO -   HDFCBANK.NS: 1751 rows stored in DB
2026-08-14 08:52:11,706 - INFO - Processing: ICICIBANK.NS
2026-08-14 08:52:12,573 - INFO -   ICICIBANK.NS: 1751 rows stored in DB
2026-08-14 08:52:12,573 - INFO - Processing: INFY.NS
2026-08-14 08:52:13,480 - INFO -   INFY.NS: 1751 rows stored in DB
2026-08-14 08:52:13,480 - INFO - Processing: TCS.NS
2026-08-14 08:52:14,372 - INFO -   TCS.NS: 1750 rows stored in DB
2026-08-14 08:52:14,372 - INFO - Processing: ITC.NS
2026-08-14 08:52:15,252 - INFO -   ITC.NS: 1750 rows stored in DB
2026-08-14 08:52:15,252 - INFO - Processing: HINDUNILVR.NS
2026-08-14 08:52:16,134 - INFO -   HINDUNILVR.NS: 1749 rows stored in DB
2026-08-14 08:52:16,134 - INFO - Processing: SBIN.NS
2026-08-14 08:52:17,023 - INFO -   SBIN.NS: 1751 rows stored in DB
2026-08-14 08:52:17,023 - INFO - Processing: BHARTIARTL.NS
2026-08-14 08:52:17,885 - INFO -   BHARTIARTL.NS: 1750 rows stored in DB
2026-08-14 08:52:17,885 - INFO - Processing: KOTAKBANK.NS
2026-08-14 08:52:18,756 - INFO -   KOTAKBANK.NS: 1751 rows stored in DB
2026-08-14 08:52:18,756 - INFO - Processing: LT.NS
2026-08-14 08:52:19,627 - INFO -   LT.NS: 1750 rows stored in DB
2026-08-14 08:52:19,627 - INFO - Processing: AXISBANK.NS
2026-08-14 08:52:20,521 - INFO -   AXISBANK.NS: 1751 rows stored in DB
2026-08-14 08:52:20,521 - INFO - Processing: BAJFINANCE.NS
2026-08-14 08:52:21,391 - INFO -   BAJFINANCE.NS: 1749 rows stored in DB
2026-08-14 08:52:21,391 - INFO - Processing: ASIANPAINT.NS
2026-08-14 08:52:22,291 - INFO -   ASIANPAINT.NS: 1748 rows stored in DB
2026-08-14 08:52:22,291 - INFO - Processing: MARUTI.NS
2026-08-14 08:52:23,165 - INFO -   MARUTI.NS: 1750 rows stored in DB
2026-08-14 08:52:23,165 - INFO - Processing: SUNPHARMA.NS
2026-08-14 08:52:24,070 - INFO -   SUNPHARMA.NS: 1749 rows stored in DB
2026-08-14 08:52:24,070 - INFO - Processing: WIPRO.NS
2026-08-14 08:52:24,938 - INFO -   WIPRO.NS: 1751 rows stored in DB
2026-08-14 08:52:24,938 - INFO - Processing: POWERGRID.NS
2026-08-14 08:52:25,804 - INFO -   POWERGRID.NS: 1751 rows stored in DB
2026-08-14 08:52:25,804 - INFO - Processing: NTPC.NS
2026-08-14 08:52:26,722 - INFO -   NTPC.NS: 1751 rows stored in DB
2026-08-14 08:52:26,722 - INFO - Processing: ONGC.NS
2026-08-14 08:52:27,651 - INFO -   ONGC.NS: 1751 rows stored in DB
2026-08-14 08:52:27,651 - INFO - Processing: ^NSEI
2026-08-14 08:52:28,477 - INFO -   ^NSEI: 1807 rows stored in DB
2026-08-14 08:52:28,477 - INFO - Processing: ^NSEBANK
2026-08-14 08:52:29,315 - INFO -   ^NSEBANK: 1807 rows stored in DB
2026-08-14 08:52:29,315 - INFO - Processing: ^BSESN
2026-08-14 08:52:30,116 - INFO -   ^BSESN: 1792 rows stored in DB
2026-08-14 08:52:30,116 - INFO - Processing: ^NSEMDCP50
2026-08-14 08:52:30,931 - INFO -   ^NSEMDCP50: 1807 rows stored in DB
2026-08-14 08:52:30,931 - INFO - Processing: NIFTY_FIN_SERVICE.NS
2026-08-14 08:52:31,784 - INFO -   NIFTY_FIN_SERVICE.NS: 1807 rows stored in DB
2026-08-14 08:52:31,842 - INFO - README updated.
2026-08-14 08:52:31,843 - INFO - All done.
2026-08-14 09:52:27,566 - INFO - Processing 25 symbols
2026-08-14 09:52:27,566 - INFO - Processing: RELIANCE.NS
2026-08-14 09:52:28,613 - INFO -   RELIANCE.NS: 1803 rows stored in DB
2026-08-14 09:52:28,613 - INFO - Processing: HDFCBANK.NS
2026-08-14 09:52:29,567 - INFO -   HDFCBANK.NS: 1803 rows stored in DB
2026-08-14 09:52:29,567 - INFO - Processing: ICICIBANK.NS
2026-08-14 09:52:30,499 - INFO -   ICICIBANK.NS: 1803 rows stored in DB
2026-08-14 09:52:30,499 - INFO - Processing: INFY.NS
2026-08-14 09:52:31,424 - INFO -   INFY.NS: 1803 rows stored in DB
2026-08-14 09:52:31,425 - INFO - Processing: TCS.NS
2026-08-14 09:52:32,460 - INFO -   TCS.NS: 1802 rows stored in DB
2026-08-14 09:52:32,460 - INFO - Processing: ITC.NS
2026-08-14 09:52:33,388 - INFO -   ITC.NS: 1803 rows stored in DB
2026-08-14 09:52:33,388 - INFO - Processing: HINDUNILVR.NS
2026-08-14 09:52:34,322 - INFO -   HINDUNILVR.NS: 1802 rows stored in DB
2026-08-14 09:52:34,322 - INFO - Processing: SBIN.NS
2026-08-14 09:52:35,240 - INFO -   SBIN.NS: 1804 rows stored in DB
2026-08-14 09:52:35,240 - INFO - Processing: BHARTIARTL.NS
2026-08-14 09:52:36,155 - INFO -   BHARTIARTL.NS: 1802 rows stored in DB
2026-08-14 09:52:36,155 - INFO - Processing: KOTAKBANK.NS
2026-08-14 09:52:37,104 - INFO -   KOTAKBANK.NS: 1803 rows stored in DB
2026-08-14 09:52:37,104 - INFO - Processing: LT.NS
2026-08-14 09:52:38,101 - INFO -   LT.NS: 1803 rows stored in DB
2026-08-14 09:52:38,101 - INFO - Processing: AXISBANK.NS
2026-08-14 09:52:39,043 - INFO -   AXISBANK.NS: 1804 rows stored in DB
2026-08-14 09:52:39,043 - INFO - Processing: BAJFINANCE.NS
2026-08-14 09:52:39,941 - INFO -   BAJFINANCE.NS: 1802 rows stored in DB
2026-08-14 09:52:39,942 - INFO - Processing: ASIANPAINT.NS
2026-08-14 09:52:40,853 - INFO -   ASIANPAINT.NS: 1801 rows stored in DB
2026-08-14 09:52:40,853 - INFO - Processing: MARUTI.NS
2026-08-14 09:52:41,766 - INFO -   MARUTI.NS: 1803 rows stored in DB
2026-08-14 09:52:41,767 - INFO - Processing: SUNPHARMA.NS
2026-08-14 09:52:42,714 - INFO -   SUNPHARMA.NS: 1802 rows stored in DB
2026-08-14 09:52:42,714 - INFO - Processing: WIPRO.NS
2026-08-14 09:52:43,634 - INFO -   WIPRO.NS: 1804 rows stored in DB
2026-08-14 09:52:43,634 - INFO - Processing: POWERGRID.NS
2026-08-14 09:52:44,576 - INFO -   POWERGRID.NS: 1804 rows stored in DB
2026-08-14 09:52:44,576 - INFO - Processing: NTPC.NS
2026-08-14 09:52:45,490 - INFO -   NTPC.NS: 1804 rows stored in DB
2026-08-14 09:52:45,490 - INFO - Processing: ONGC.NS
2026-08-14 09:52:46,393 - INFO -   ONGC.NS: 1804 rows stored in DB
2026-08-14 09:52:46,393 - INFO - Processing: ^NSEI
2026-08-14 09:52:47,222 - INFO -   ^NSEI: 1867 rows stored in DB
2026-08-14 09:52:47,222 - INFO - Processing: ^NSEBANK
2026-08-14 09:52:48,039 - INFO -   ^NSEBANK: 1867 rows stored in DB
2026-08-14 09:52:48,039 - INFO - Processing: ^BSESN
2026-08-14 09:52:48,913 - INFO -   ^BSESN: 1852 rows stored in DB
2026-08-14 09:52:48,913 - INFO - Processing: ^NSEMDCP50
2026-08-14 09:52:49,739 - INFO -   ^NSEMDCP50: 1867 rows stored in DB
2026-08-14 09:52:49,739 - INFO - Processing: NIFTY_FIN_SERVICE.NS
2026-08-14 09:52:50,589 - INFO -   NIFTY_FIN_SERVICE.NS: 1867 rows stored in DB
2026-08-14 09:52:50,650 - INFO - README updated.
2026-08-14 09:52:50,650 - INFO - All done.
2026-08-14 10:51:45,883 - INFO - Processing 25 symbols
2026-08-14 10:51:45,884 - INFO - Processing: RELIANCE.NS
2026-08-14 10:51:46,759 - INFO -   RELIANCE.NS: 1803 rows stored in DB
2026-08-14 10:51:46,759 - INFO - Processing: HDFCBANK.NS
2026-08-14 10:51:47,500 - INFO -   HDFCBANK.NS: 1804 rows stored in DB
2026-08-14 10:51:47,500 - INFO - Processing: ICICIBANK.NS
2026-08-14 10:51:48,278 - INFO -   ICICIBANK.NS: 1803 rows stored in DB
2026-08-14 10:51:48,278 - INFO - Processing: INFY.NS
2026-08-14 10:51:49,130 - INFO -   INFY.NS: 1804 rows stored in DB
2026-08-14 10:51:49,130 - INFO - Processing: TCS.NS
2026-08-14 10:51:49,900 - INFO -   TCS.NS: 1802 rows stored in DB
2026-08-14 10:51:49,900 - INFO - Processing: ITC.NS
2026-08-14 10:51:50,634 - INFO -   ITC.NS: 1803 rows stored in DB
2026-08-14 10:51:50,634 - INFO - Processing: HINDUNILVR.NS
2026-08-14 10:51:51,474 - INFO -   HINDUNILVR.NS: 1802 rows stored in DB
2026-08-14 10:51:51,474 - INFO - Processing: SBIN.NS
2026-08-14 10:51:52,234 - INFO -   SBIN.NS: 1804 rows stored in DB
2026-08-14 10:51:52,234 - INFO - Processing: BHARTIARTL.NS
2026-08-14 10:51:53,007 - INFO -   BHARTIARTL.NS: 1802 rows stored in DB
2026-08-14 10:51:53,007 - INFO - Processing: KOTAKBANK.NS
2026-08-14 10:51:53,742 - INFO -   KOTAKBANK.NS: 1804 rows stored in DB
2026-08-14 10:51:53,742 - INFO - Processing: LT.NS
2026-08-14 10:51:54,545 - INFO -   LT.NS: 1803 rows stored in DB
2026-08-14 10:51:54,545 - INFO - Processing: AXISBANK.NS
2026-08-14 10:51:55,327 - INFO -   AXISBANK.NS: 1804 rows stored in DB
2026-08-14 10:51:55,327 - INFO - Processing: BAJFINANCE.NS
2026-08-14 10:51:56,120 - INFO -   BAJFINANCE.NS: 1802 rows stored in DB
2026-08-14 10:51:56,120 - INFO - Processing: ASIANPAINT.NS
2026-08-14 10:51:56,869 - INFO -   ASIANPAINT.NS: 1801 rows stored in DB
2026-08-14 10:51:56,869 - INFO - Processing: MARUTI.NS
2026-08-14 10:51:57,635 - INFO -   MARUTI.NS: 1803 rows stored in DB
2026-08-14 10:51:57,635 - INFO - Processing: SUNPHARMA.NS
2026-08-14 10:51:58,476 - INFO -   SUNPHARMA.NS: 1802 rows stored in DB
2026-08-14 10:51:58,476 - INFO - Processing: WIPRO.NS
2026-08-14 10:51:59,278 - INFO -   WIPRO.NS: 1804 rows stored in DB
2026-08-14 10:51:59,279 - INFO - Processing: POWERGRID.NS
2026-08-14 10:52:00,105 - INFO -   POWERGRID.NS: 1804 rows stored in DB
2026-08-14 10:52:00,105 - INFO - Processing: NTPC.NS
2026-08-14 10:52:00,929 - INFO -   NTPC.NS: 1804 rows stored in DB
2026-08-14 10:52:00,929 - INFO - Processing: ONGC.NS
2026-08-14 10:52:01,692 - INFO -   ONGC.NS: 1804 rows stored in DB
2026-08-14 10:52:01,692 - INFO - Processing: ^NSEI
2026-08-14 10:52:02,440 - INFO -   ^NSEI: 1874 rows stored in DB
2026-08-14 10:52:02,440 - INFO - Processing: ^NSEBANK
2026-08-14 10:52:03,123 - INFO -   ^NSEBANK: 1874 rows stored in DB
2026-08-14 10:52:03,123 - INFO - Processing: ^BSESN
2026-08-14 10:52:03,876 - INFO -   ^BSESN: 1874 rows stored in DB
2026-08-14 10:52:03,876 - INFO - Processing: ^NSEMDCP50
2026-08-14 10:52:04,671 - INFO -   ^NSEMDCP50: 1874 rows stored in DB
2026-08-14 10:52:04,671 - INFO - Processing: NIFTY_FIN_SERVICE.NS
2026-08-14 10:52:05,393 - INFO -   NIFTY_FIN_SERVICE.NS: 1874 rows stored in DB
2026-08-14 10:52:05,453 - INFO - README updated.
2026-08-14 10:52:05,453 - INFO - All done.
2026-08-14 11:37:04,283 - INFO - Processing 25 symbols
2026-08-14 11:37:04,283 - INFO - Processing: RELIANCE.NS
2026-08-14 11:37:05,244 - INFO -   RELIANCE.NS: 1803 rows stored in DB
2026-08-14 11:37:05,244 - INFO - Processing: HDFCBANK.NS
2026-08-14 11:37:06,066 - INFO -   HDFCBANK.NS: 1804 rows stored in DB
2026-08-14 11:37:06,066 - INFO - Processing: ICICIBANK.NS
2026-08-14 11:37:06,824 - INFO -   ICICIBANK.NS: 1803 rows stored in DB
2026-08-14 11:37:06,825 - INFO - Processing: INFY.NS
2026-08-14 11:37:07,603 - INFO -   INFY.NS: 1804 rows stored in DB
2026-08-14 11:37:07,603 - INFO - Processing: TCS.NS
2026-08-14 11:37:08,392 - INFO -   TCS.NS: 1802 rows stored in DB
2026-08-14 11:37:08,393 - INFO - Processing: ITC.NS
2026-08-14 11:37:09,165 - INFO -   ITC.NS: 1803 rows stored in DB
2026-08-14 11:37:09,165 - INFO - Processing: HINDUNILVR.NS
2026-08-14 11:37:09,915 - INFO -   HINDUNILVR.NS: 1802 rows stored in DB
2026-08-14 11:37:09,915 - INFO - Processing: SBIN.NS
2026-08-14 11:37:10,686 - INFO -   SBIN.NS: 1804 rows stored in DB
2026-08-14 11:37:10,686 - INFO - Processing: BHARTIARTL.NS
2026-08-14 11:37:11,483 - INFO -   BHARTIARTL.NS: 1802 rows stored in DB
2026-08-14 11:37:11,484 - INFO - Processing: KOTAKBANK.NS
2026-08-14 11:37:12,250 - INFO -   KOTAKBANK.NS: 1804 rows stored in DB
2026-08-14 11:37:12,250 - INFO - Processing: LT.NS
2026-08-14 11:37:13,011 - INFO -   LT.NS: 1803 rows stored in DB
2026-08-14 11:37:13,011 - INFO - Processing: AXISBANK.NS
2026-08-14 11:37:13,808 - INFO -   AXISBANK.NS: 1804 rows stored in DB
2026-08-14 11:37:13,808 - INFO - Processing: BAJFINANCE.NS
2026-08-14 11:37:14,577 - INFO -   BAJFINANCE.NS: 1802 rows stored in DB
2026-08-14 11:37:14,577 - INFO - Processing: ASIANPAINT.NS
2026-08-14 11:37:15,384 - INFO -   ASIANPAINT.NS: 1801 rows stored in DB
2026-08-14 11:37:15,384 - INFO - Processing: MARUTI.NS
2026-08-14 11:37:16,188 - INFO -   MARUTI.NS: 1803 rows stored in DB
2026-08-14 11:37:16,188 - INFO - Processing: SUNPHARMA.NS
2026-08-14 11:37:17,012 - INFO -   SUNPHARMA.NS: 1802 rows stored in DB
2026-08-14 11:37:17,012 - INFO - Processing: WIPRO.NS
2026-08-14 11:37:17,782 - INFO -   WIPRO.NS: 1804 rows stored in DB
2026-08-14 11:37:17,782 - INFO - Processing: POWERGRID.NS
2026-08-14 11:37:18,566 - INFO -   POWERGRID.NS: 1804 rows stored in DB
2026-08-14 11:37:18,566 - INFO - Processing: NTPC.NS
2026-08-14 11:37:19,341 - INFO -   NTPC.NS: 1804 rows stored in DB
2026-08-14 11:37:19,342 - INFO - Processing: ONGC.NS
2026-08-14 11:37:20,137 - INFO -   ONGC.NS: 1804 rows stored in DB
2026-08-14 11:37:20,137 - INFO - Processing: ^NSEI
2026-08-14 11:37:20,863 - INFO -   ^NSEI: 1874 rows stored in DB
2026-08-14 11:37:20,863 - INFO - Processing: ^NSEBANK
2026-08-14 11:37:21,558 - INFO -   ^NSEBANK: 1874 rows stored in DB
2026-08-14 11:37:21,558 - INFO - Processing: ^BSESN
2026-08-14 11:37:22,238 - INFO -   ^BSESN: 1874 rows stored in DB
2026-08-14 11:37:22,238 - INFO - Processing: ^NSEMDCP50
2026-08-14 11:37:22,950 - INFO -   ^NSEMDCP50: 1874 rows stored in DB
2026-08-14 11:37:22,950 - INFO - Processing: NIFTY_FIN_SERVICE.NS
2026-08-14 11:37:23,642 - INFO -   NIFTY_FIN_SERVICE.NS: 1874 rows stored in DB
2026-08-14 11:37:23,700 - INFO - README updated.
2026-08-14 11:37:23,701 - INFO - All done.
2026-08-17 03:50:47,916 - INFO - Processing 25 symbols
2026-08-17 03:50:47,916 - INFO - Processing: RELIANCE.NS
2026-08-17 03:50:48,770 - INFO -   RELIANCE.NS: 1448 rows stored in DB
2026-08-17 03:50:48,770 - INFO - Processing: HDFCBANK.NS
2026-08-17 03:50:49,453 - INFO -   HDFCBANK.NS: 1449 rows stored in DB
2026-08-17 03:50:49,454 - INFO - Processing: ICICIBANK.NS
2026-08-17 03:50:50,114 - INFO -   ICICIBANK.NS: 1448 rows stored in DB
2026-08-17 03:50:50,114 - INFO - Processing: INFY.NS
2026-08-17 03:50:50,783 - INFO -   INFY.NS: 1449 rows stored in DB
2026-08-17 03:50:50,783 - INFO - Processing: TCS.NS
2026-08-17 03:50:51,500 - INFO -   TCS.NS: 1447 rows stored in DB
2026-08-17 03:50:51,500 - INFO - Processing: ITC.NS
2026-08-17 03:50:52,180 - INFO -   ITC.NS: 1448 rows stored in DB
2026-08-17 03:50:52,181 - INFO - Processing: HINDUNILVR.NS
2026-08-17 03:50:52,852 - INFO -   HINDUNILVR.NS: 1447 rows stored in DB
2026-08-17 03:50:52,852 - INFO - Processing: SBIN.NS
2026-08-17 03:50:53,533 - INFO -   SBIN.NS: 1449 rows stored in DB
2026-08-17 03:50:53,534 - INFO - Processing: BHARTIARTL.NS
2026-08-17 03:50:54,229 - INFO -   BHARTIARTL.NS: 1447 rows stored in DB
2026-08-17 03:50:54,229 - INFO - Processing: KOTAKBANK.NS
2026-08-17 03:50:54,892 - INFO -   KOTAKBANK.NS: 1449 rows stored in DB
2026-08-17 03:50:54,892 - INFO - Processing: LT.NS
2026-08-17 03:50:55,540 - INFO -   LT.NS: 1448 rows stored in DB
2026-08-17 03:50:55,540 - INFO - Processing: AXISBANK.NS
2026-08-17 03:50:56,205 - INFO -   AXISBANK.NS: 1449 rows stored in DB
2026-08-17 03:50:56,205 - INFO - Processing: BAJFINANCE.NS
2026-08-17 03:50:56,849 - INFO -   BAJFINANCE.NS: 1447 rows stored in DB
2026-08-17 03:50:56,849 - INFO - Processing: ASIANPAINT.NS
2026-08-17 03:50:57,493 - INFO -   ASIANPAINT.NS: 1446 rows stored in DB
2026-08-17 03:50:57,493 - INFO - Processing: MARUTI.NS
2026-08-17 03:50:58,147 - INFO -   MARUTI.NS: 1448 rows stored in DB
2026-08-17 03:50:58,147 - INFO - Processing: SUNPHARMA.NS
2026-08-17 03:50:58,808 - INFO -   SUNPHARMA.NS: 1447 rows stored in DB
2026-08-17 03:50:58,808 - INFO - Processing: WIPRO.NS
2026-08-17 03:50:59,681 - INFO -   WIPRO.NS: 1449 rows stored in DB
2026-08-17 03:50:59,681 - INFO - Processing: POWERGRID.NS
2026-08-17 03:51:00,369 - INFO -   POWERGRID.NS: 1449 rows stored in DB
2026-08-17 03:51:00,370 - INFO - Processing: NTPC.NS
2026-08-17 03:51:01,069 - INFO -   NTPC.NS: 1449 rows stored in DB
2026-08-17 03:51:01,069 - INFO - Processing: ONGC.NS
2026-08-17 03:51:01,797 - INFO -   ONGC.NS: 1449 rows stored in DB
2026-08-17 03:51:01,797 - INFO - Processing: ^NSEI
2026-08-17 03:51:02,398 - INFO -   ^NSEI: 1505 rows stored in DB
2026-08-17 03:51:02,398 - INFO - Processing: ^NSEBANK
2026-08-17 03:51:03,030 - INFO -   ^NSEBANK: 1506 rows stored in DB
2026-08-17 03:51:03,030 - INFO - Processing: ^BSESN
2026-08-17 03:51:03,641 - INFO -   ^BSESN: 1499 rows stored in DB
2026-08-17 03:51:03,641 - INFO - Processing: ^NSEMDCP50
2026-08-17 03:51:04,275 - INFO -   ^NSEMDCP50: 1506 rows stored in DB
2026-08-17 03:51:04,276 - INFO - Processing: NIFTY_FIN_SERVICE.NS
2026-08-17 03:51:04,886 - INFO -   NIFTY_FIN_SERVICE.NS: 1506 rows stored in DB
2026-08-17 03:51:04,946 - INFO - README updated.
2026-08-17 03:51:04,946 - INFO - All done.
2026-08-17 04:30:04,900 - INFO - Processing 25 symbols
2026-08-17 04:30:04,900 - INFO - Processing: RELIANCE.NS
2026-08-17 04:30:05,949 - INFO -   RELIANCE.NS: 1488 rows stored in DB
2026-08-17 04:30:05,949 - INFO - Processing: HDFCBANK.NS
2026-08-17 04:30:06,838 - INFO -   HDFCBANK.NS: 1489 rows stored in DB
2026-08-17 04:30:06,838 - INFO - Processing: ICICIBANK.NS
2026-08-17 04:30:07,643 - INFO -   ICICIBANK.NS: 1488 rows stored in DB
2026-08-17 04:30:07,643 - INFO - Processing: INFY.NS
2026-08-17 04:30:08,471 - INFO -   INFY.NS: 1489 rows stored in DB
2026-08-17 04:30:08,471 - INFO - Processing: TCS.NS
2026-08-17 04:30:09,341 - INFO -   TCS.NS: 1487 rows stored in DB
2026-08-17 04:30:09,341 - INFO - Processing: ITC.NS
2026-08-17 04:30:10,145 - INFO -   ITC.NS: 1488 rows stored in DB
2026-08-17 04:30:10,145 - INFO - Processing: HINDUNILVR.NS
2026-08-17 04:30:10,992 - INFO -   HINDUNILVR.NS: 1487 rows stored in DB
2026-08-17 04:30:10,992 - INFO - Processing: SBIN.NS
2026-08-17 04:30:11,834 - INFO -   SBIN.NS: 1489 rows stored in DB
2026-08-17 04:30:11,834 - INFO - Processing: BHARTIARTL.NS
2026-08-17 04:30:12,631 - INFO -   BHARTIARTL.NS: 1487 rows stored in DB
2026-08-17 04:30:12,632 - INFO - Processing: KOTAKBANK.NS
2026-08-17 04:30:13,471 - INFO -   KOTAKBANK.NS: 1489 rows stored in DB
2026-08-17 04:30:13,471 - INFO - Processing: LT.NS
2026-08-17 04:30:14,422 - INFO -   LT.NS: 1488 rows stored in DB
2026-08-17 04:30:14,423 - INFO - Processing: AXISBANK.NS
2026-08-17 04:30:15,255 - INFO -   AXISBANK.NS: 1489 rows stored in DB
2026-08-17 04:30:15,255 - INFO - Processing: BAJFINANCE.NS
2026-08-17 04:30:16,081 - INFO -   BAJFINANCE.NS: 1487 rows stored in DB
2026-08-17 04:30:16,081 - INFO - Processing: ASIANPAINT.NS
2026-08-17 04:30:16,925 - INFO -   ASIANPAINT.NS: 1486 rows stored in DB
2026-08-17 04:30:16,925 - INFO - Processing: MARUTI.NS
2026-08-17 04:30:17,728 - INFO -   MARUTI.NS: 1488 rows stored in DB
2026-08-17 04:30:17,728 - INFO - Processing: SUNPHARMA.NS
2026-08-17 04:30:18,598 - INFO -   SUNPHARMA.NS: 1487 rows stored in DB
2026-08-17 04:30:18,598 - INFO - Processing: WIPRO.NS
2026-08-17 04:30:19,424 - INFO -   WIPRO.NS: 1489 rows stored in DB
2026-08-17 04:30:19,424 - INFO - Processing: POWERGRID.NS
2026-08-17 04:30:20,282 - INFO -   POWERGRID.NS: 1489 rows stored in DB
2026-08-17 04:30:20,282 - INFO - Processing: NTPC.NS
2026-08-17 04:30:21,106 - INFO -   NTPC.NS: 1489 rows stored in DB
2026-08-17 04:30:21,106 - INFO - Processing: ONGC.NS
2026-08-17 04:30:21,903 - INFO -   ONGC.NS: 1489 rows stored in DB
2026-08-17 04:30:21,904 - INFO - Processing: ^NSEI
2026-08-17 04:30:22,713 - INFO -   ^NSEI: 1545 rows stored in DB
2026-08-17 04:30:22,713 - INFO - Processing: ^NSEBANK
2026-08-17 04:30:23,502 - INFO -   ^NSEBANK: 1545 rows stored in DB
2026-08-17 04:30:23,502 - INFO - Processing: ^BSESN
2026-08-17 04:30:24,275 - INFO -   ^BSESN: 1530 rows stored in DB
2026-08-17 04:30:24,275 - INFO - Processing: ^NSEMDCP50
2026-08-17 04:30:25,011 - INFO -   ^NSEMDCP50: 1545 rows stored in DB
2026-08-17 04:30:25,011 - INFO - Processing: NIFTY_FIN_SERVICE.NS
2026-08-17 04:30:25,762 - INFO -   NIFTY_FIN_SERVICE.NS: 1545 rows stored in DB
2026-08-17 04:30:25,824 - INFO - README updated.
2026-08-17 04:30:25,824 - INFO - All done.
2026-08-17 05:17:56,180 - INFO - Processing 25 symbols
2026-08-17 05:17:56,180 - INFO - Processing: RELIANCE.NS
2026-08-17 05:17:57,224 - INFO -   RELIANCE.NS: 1535 rows stored in DB
2026-08-17 05:17:57,224 - INFO - Processing: HDFCBANK.NS
2026-08-17 05:17:58,038 - INFO -   HDFCBANK.NS: 1536 rows stored in DB
2026-08-17 05:17:58,038 - INFO - Processing: ICICIBANK.NS
2026-08-17 05:17:58,889 - INFO -   ICICIBANK.NS: 1535 rows stored in DB
2026-08-17 05:17:58,889 - INFO - Processing: INFY.NS
2026-08-17 05:17:59,641 - INFO -   INFY.NS: 1536 rows stored in DB
2026-08-17 05:17:59,641 - INFO - Processing: TCS.NS
2026-08-17 05:18:00,422 - INFO -   TCS.NS: 1534 rows stored in DB
2026-08-17 05:18:00,422 - INFO - Processing: ITC.NS
2026-08-17 05:18:01,126 - INFO -   ITC.NS: 1535 rows stored in DB
2026-08-17 05:18:01,126 - INFO - Processing: HINDUNILVR.NS
2026-08-17 05:18:01,907 - INFO -   HINDUNILVR.NS: 1534 rows stored in DB
2026-08-17 05:18:01,907 - INFO - Processing: SBIN.NS
2026-08-17 05:18:02,588 - INFO -   SBIN.NS: 1536 rows stored in DB
2026-08-17 05:18:02,588 - INFO - Processing: BHARTIARTL.NS
2026-08-17 05:18:03,264 - INFO -   BHARTIARTL.NS: 1534 rows stored in DB
2026-08-17 05:18:03,264 - INFO - Processing: KOTAKBANK.NS
2026-08-17 05:18:04,076 - INFO -   KOTAKBANK.NS: 1536 rows stored in DB
2026-08-17 05:18:04,077 - INFO - Processing: LT.NS
2026-08-17 05:18:04,793 - INFO -   LT.NS: 1535 rows stored in DB
2026-08-17 05:18:04,793 - INFO - Processing: AXISBANK.NS
2026-08-17 05:18:06,026 - INFO -   AXISBANK.NS: 1537 rows stored in DB
2026-08-17 05:18:06,027 - INFO - Processing: BAJFINANCE.NS
2026-08-17 05:18:06,774 - INFO -   BAJFINANCE.NS: 1534 rows stored in DB
2026-08-17 05:18:06,774 - INFO - Processing: ASIANPAINT.NS
2026-08-17 05:18:07,560 - INFO -   ASIANPAINT.NS: 1533 rows stored in DB
2026-08-17 05:18:07,560 - INFO - Processing: MARUTI.NS
2026-08-17 05:18:08,580 - INFO -   MARUTI.NS: 1536 rows stored in DB
2026-08-17 05:18:08,580 - INFO - Processing: SUNPHARMA.NS
2026-08-17 05:18:09,310 - INFO -   SUNPHARMA.NS: 1535 rows stored in DB
2026-08-17 05:18:09,310 - INFO - Processing: WIPRO.NS
2026-08-17 05:18:10,177 - INFO -   WIPRO.NS: 1537 rows stored in DB
2026-08-17 05:18:10,177 - INFO - Processing: POWERGRID.NS
2026-08-17 05:18:10,950 - INFO -   POWERGRID.NS: 1537 rows stored in DB
2026-08-17 05:18:10,950 - INFO - Processing: NTPC.NS
2026-08-17 05:18:11,778 - INFO -   NTPC.NS: 1537 rows stored in DB
2026-08-17 05:18:11,779 - INFO - Processing: ONGC.NS
2026-08-17 05:18:12,585 - INFO -   ONGC.NS: 1537 rows stored in DB
2026-08-17 05:18:12,585 - INFO - Processing: ^NSEI
2026-08-17 05:18:13,284 - INFO -   ^NSEI: 1593 rows stored in DB
2026-08-17 05:18:13,284 - INFO - Processing: ^NSEBANK
2026-08-17 05:18:14,747 - INFO -   ^NSEBANK: 1593 rows stored in DB
2026-08-17 05:18:14,747 - INFO - Processing: ^BSESN
2026-08-17 05:18:15,802 - INFO -   ^BSESN: 1578 rows stored in DB
2026-08-17 05:18:15,802 - INFO - Processing: ^NSEMDCP50
2026-08-17 05:18:16,899 - INFO -   ^NSEMDCP50: 1593 rows stored in DB
2026-08-17 05:18:16,900 - INFO - Processing: NIFTY_FIN_SERVICE.NS
2026-08-17 05:18:17,781 - INFO -   NIFTY_FIN_SERVICE.NS: 1593 rows stored in DB
2026-08-17 05:18:17,818 - INFO - README updated.
2026-08-17 05:18:17,819 - INFO - All done.
2026-08-17 05:54:26,949 - INFO - Processing 25 symbols
2026-08-17 05:54:26,949 - INFO - Processing: RELIANCE.NS
2026-08-17 05:54:28,003 - INFO -   RELIANCE.NS: 1572 rows stored in DB
2026-08-17 05:54:28,004 - INFO - Processing: HDFCBANK.NS
2026-08-17 05:54:28,850 - INFO -   HDFCBANK.NS: 1573 rows stored in DB
2026-08-17 05:54:28,850 - INFO - Processing: ICICIBANK.NS
2026-08-17 05:54:29,671 - INFO -   ICICIBANK.NS: 1572 rows stored in DB
2026-08-17 05:54:29,671 - INFO - Processing: INFY.NS
2026-08-17 05:54:30,551 - INFO -   INFY.NS: 1573 rows stored in DB
2026-08-17 05:54:30,551 - INFO - Processing: TCS.NS
2026-08-17 05:54:31,441 - INFO -   TCS.NS: 1571 rows stored in DB
2026-08-17 05:54:31,441 - INFO - Processing: ITC.NS
2026-08-17 05:54:32,305 - INFO -   ITC.NS: 1572 rows stored in DB
2026-08-17 05:54:32,305 - INFO - Processing: HINDUNILVR.NS
2026-08-17 05:54:33,232 - INFO -   HINDUNILVR.NS: 1571 rows stored in DB
2026-08-17 05:54:33,232 - INFO - Processing: SBIN.NS
2026-08-17 05:54:34,148 - INFO -   SBIN.NS: 1573 rows stored in DB
2026-08-17 05:54:34,148 - INFO - Processing: BHARTIARTL.NS
2026-08-17 05:54:35,011 - INFO -   BHARTIARTL.NS: 1571 rows stored in DB
2026-08-17 05:54:35,012 - INFO - Processing: KOTAKBANK.NS
2026-08-17 05:54:35,876 - INFO -   KOTAKBANK.NS: 1573 rows stored in DB
2026-08-17 05:54:35,876 - INFO - Processing: LT.NS
2026-08-17 05:54:36,714 - INFO -   LT.NS: 1572 rows stored in DB
2026-08-17 05:54:36,714 - INFO - Processing: AXISBANK.NS
2026-08-17 05:54:37,599 - INFO -   AXISBANK.NS: 1573 rows stored in DB
2026-08-17 05:54:37,599 - INFO - Processing: BAJFINANCE.NS
2026-08-17 05:54:38,444 - INFO -   BAJFINANCE.NS: 1571 rows stored in DB
2026-08-17 05:54:38,444 - INFO - Processing: ASIANPAINT.NS
2026-08-17 05:54:39,323 - INFO -   ASIANPAINT.NS: 1570 rows stored in DB
2026-08-17 05:54:39,323 - INFO - Processing: MARUTI.NS
2026-08-17 05:54:40,182 - INFO -   MARUTI.NS: 1572 rows stored in DB
2026-08-17 05:54:40,182 - INFO - Processing: SUNPHARMA.NS
2026-08-17 05:54:41,058 - INFO -   SUNPHARMA.NS: 1571 rows stored in DB
2026-08-17 05:54:41,058 - INFO - Processing: WIPRO.NS
2026-08-17 05:54:41,922 - INFO -   WIPRO.NS: 1573 rows stored in DB
2026-08-17 05:54:41,922 - INFO - Processing: POWERGRID.NS
2026-08-17 05:54:42,787 - INFO -   POWERGRID.NS: 1573 rows stored in DB
2026-08-17 05:54:42,787 - INFO - Processing: NTPC.NS
2026-08-17 05:54:43,662 - INFO -   NTPC.NS: 1573 rows stored in DB
2026-08-17 05:54:43,662 - INFO - Processing: ONGC.NS
2026-08-17 05:54:44,541 - INFO -   ONGC.NS: 1573 rows stored in DB
2026-08-17 05:54:44,541 - INFO - Processing: ^NSEI
2026-08-17 05:54:45,293 - INFO -   ^NSEI: 1629 rows stored in DB
2026-08-17 05:54:45,293 - INFO - Processing: ^NSEBANK
2026-08-17 05:54:46,082 - INFO -   ^NSEBANK: 1629 rows stored in DB
2026-08-17 05:54:46,083 - INFO - Processing: ^BSESN
2026-08-17 05:54:46,858 - INFO -   ^BSESN: 1614 rows stored in DB
2026-08-17 05:54:46,858 - INFO - Processing: ^NSEMDCP50
2026-08-17 05:54:47,625 - INFO -   ^NSEMDCP50: 1629 rows stored in DB
2026-08-17 05:54:47,625 - INFO - Processing: NIFTY_FIN_SERVICE.NS
2026-08-17 05:54:48,406 - INFO -   NIFTY_FIN_SERVICE.NS: 1629 rows stored in DB
2026-08-17 05:54:48,468 - INFO - README updated.
2026-08-17 05:54:48,469 - INFO - All done.
2026-08-17 06:51:30,324 - INFO - Processing 25 symbols
2026-08-17 06:51:30,324 - INFO - Processing: RELIANCE.NS
2026-08-17 06:51:31,343 - INFO -   RELIANCE.NS: 1629 rows stored in DB
2026-08-17 06:51:31,344 - INFO - Processing: HDFCBANK.NS
2026-08-17 06:51:32,228 - INFO -   HDFCBANK.NS: 1630 rows stored in DB
2026-08-17 06:51:32,228 - INFO - Processing: ICICIBANK.NS
2026-08-17 06:51:33,099 - INFO -   ICICIBANK.NS: 1629 rows stored in DB
2026-08-17 06:51:33,099 - INFO - Processing: INFY.NS
2026-08-17 06:51:33,967 - INFO -   INFY.NS: 1630 rows stored in DB
2026-08-17 06:51:33,967 - INFO - Processing: TCS.NS
2026-08-17 06:51:34,932 - INFO -   TCS.NS: 1628 rows stored in DB
2026-08-17 06:51:34,933 - INFO - Processing: ITC.NS
2026-08-17 06:51:35,780 - INFO -   ITC.NS: 1629 rows stored in DB
2026-08-17 06:51:35,780 - INFO - Processing: HINDUNILVR.NS
2026-08-17 06:51:36,639 - INFO -   HINDUNILVR.NS: 1628 rows stored in DB
2026-08-17 06:51:36,639 - INFO - Processing: SBIN.NS
2026-08-17 06:51:37,518 - INFO -   SBIN.NS: 1630 rows stored in DB
2026-08-17 06:51:37,518 - INFO - Processing: BHARTIARTL.NS
2026-08-17 06:51:38,392 - INFO -   BHARTIARTL.NS: 1628 rows stored in DB
2026-08-17 06:51:38,392 - INFO - Processing: KOTAKBANK.NS
2026-08-17 06:51:39,270 - INFO -   KOTAKBANK.NS: 1630 rows stored in DB
2026-08-17 06:51:39,270 - INFO - Processing: LT.NS
2026-08-17 06:51:40,135 - INFO -   LT.NS: 1629 rows stored in DB
2026-08-17 06:51:40,135 - INFO - Processing: AXISBANK.NS
2026-08-17 06:51:40,984 - INFO -   AXISBANK.NS: 1630 rows stored in DB
2026-08-17 06:51:40,984 - INFO - Processing: BAJFINANCE.NS
2026-08-17 06:51:41,855 - INFO -   BAJFINANCE.NS: 1628 rows stored in DB
2026-08-17 06:51:41,855 - INFO - Processing: ASIANPAINT.NS
2026-08-17 06:51:42,731 - INFO -   ASIANPAINT.NS: 1627 rows stored in DB
2026-08-17 06:51:42,732 - INFO - Processing: MARUTI.NS
2026-08-17 06:51:43,590 - INFO -   MARUTI.NS: 1629 rows stored in DB
2026-08-17 06:51:43,590 - INFO - Processing: SUNPHARMA.NS
2026-08-17 06:51:44,478 - INFO -   SUNPHARMA.NS: 1628 rows stored in DB
2026-08-17 06:51:44,479 - INFO - Processing: WIPRO.NS
2026-08-17 06:51:45,365 - INFO -   WIPRO.NS: 1630 rows stored in DB
2026-08-17 06:51:45,365 - INFO - Processing: POWERGRID.NS
2026-08-17 06:51:46,247 - INFO -   POWERGRID.NS: 1630 rows stored in DB
2026-08-17 06:51:46,247 - INFO - Processing: NTPC.NS
2026-08-17 06:51:47,099 - INFO -   NTPC.NS: 1630 rows stored in DB
2026-08-17 06:51:47,099 - INFO - Processing: ONGC.NS
2026-08-17 06:51:47,994 - INFO -   ONGC.NS: 1630 rows stored in DB
2026-08-17 06:51:47,995 - INFO - Processing: ^NSEI
2026-08-17 06:51:48,795 - INFO -   ^NSEI: 1686 rows stored in DB
2026-08-17 06:51:48,795 - INFO - Processing: ^NSEBANK
2026-08-17 06:51:49,567 - INFO -   ^NSEBANK: 1686 rows stored in DB
2026-08-17 06:51:49,567 - INFO - Processing: ^BSESN
2026-08-17 06:51:50,356 - INFO -   ^BSESN: 1671 rows stored in DB
2026-08-17 06:51:50,356 - INFO - Processing: ^NSEMDCP50
2026-08-17 06:51:51,142 - INFO -   ^NSEMDCP50: 1686 rows stored in DB
2026-08-17 06:51:51,142 - INFO - Processing: NIFTY_FIN_SERVICE.NS
2026-08-17 06:51:51,940 - INFO -   NIFTY_FIN_SERVICE.NS: 1686 rows stored in DB
2026-08-17 06:51:52,002 - INFO - README updated.
2026-08-17 06:51:52,002 - INFO - All done.
2026-08-17 07:43:09,057 - INFO - Processing 25 symbols
2026-08-17 07:43:09,058 - INFO - Processing: RELIANCE.NS
2026-08-17 07:43:09,972 - INFO -   RELIANCE.NS: 1681 rows stored in DB
2026-08-17 07:43:09,972 - INFO - Processing: HDFCBANK.NS
2026-08-17 07:43:10,696 - INFO -   HDFCBANK.NS: 1682 rows stored in DB
2026-08-17 07:43:10,696 - INFO - Processing: ICICIBANK.NS
2026-08-17 07:43:11,412 - INFO -   ICICIBANK.NS: 1681 rows stored in DB
2026-08-17 07:43:11,412 - INFO - Processing: INFY.NS
2026-08-17 07:43:12,133 - INFO -   INFY.NS: 1682 rows stored in DB
2026-08-17 07:43:12,134 - INFO - Processing: TCS.NS
2026-08-17 07:43:12,940 - INFO -   TCS.NS: 1680 rows stored in DB
2026-08-17 07:43:12,940 - INFO - Processing: ITC.NS
2026-08-17 07:43:13,729 - INFO -   ITC.NS: 1681 rows stored in DB
2026-08-17 07:43:13,730 - INFO - Processing: HINDUNILVR.NS
2026-08-17 07:43:14,580 - INFO -   HINDUNILVR.NS: 1680 rows stored in DB
2026-08-17 07:43:14,580 - INFO - Processing: SBIN.NS
2026-08-17 07:43:15,384 - INFO -   SBIN.NS: 1682 rows stored in DB
2026-08-17 07:43:15,384 - INFO - Processing: BHARTIARTL.NS
2026-08-17 07:43:16,172 - INFO -   BHARTIARTL.NS: 1680 rows stored in DB
2026-08-17 07:43:16,173 - INFO - Processing: KOTAKBANK.NS
2026-08-17 07:43:16,918 - INFO -   KOTAKBANK.NS: 1682 rows stored in DB
2026-08-17 07:43:16,918 - INFO - Processing: LT.NS
2026-08-17 07:43:17,721 - INFO -   LT.NS: 1681 rows stored in DB
2026-08-17 07:43:17,721 - INFO - Processing: AXISBANK.NS
2026-08-17 07:43:18,432 - INFO -   AXISBANK.NS: 1682 rows stored in DB
2026-08-17 07:43:18,432 - INFO - Processing: BAJFINANCE.NS
2026-08-17 07:43:19,164 - INFO -   BAJFINANCE.NS: 1680 rows stored in DB
2026-08-17 07:43:19,164 - INFO - Processing: ASIANPAINT.NS
2026-08-17 07:43:19,908 - INFO -   ASIANPAINT.NS: 1679 rows stored in DB
2026-08-17 07:43:19,908 - INFO - Processing: MARUTI.NS
2026-08-17 07:43:20,682 - INFO -   MARUTI.NS: 1681 rows stored in DB
2026-08-17 07:43:20,682 - INFO - Processing: SUNPHARMA.NS
2026-08-17 07:43:21,452 - INFO -   SUNPHARMA.NS: 1680 rows stored in DB
2026-08-17 07:43:21,452 - INFO - Processing: WIPRO.NS
2026-08-17 07:43:22,200 - INFO -   WIPRO.NS: 1682 rows stored in DB
2026-08-17 07:43:22,200 - INFO - Processing: POWERGRID.NS
2026-08-17 07:43:23,031 - INFO -   POWERGRID.NS: 1682 rows stored in DB
2026-08-17 07:43:23,031 - INFO - Processing: NTPC.NS
2026-08-17 07:43:23,799 - INFO -   NTPC.NS: 1682 rows stored in DB
2026-08-17 07:43:23,799 - INFO - Processing: ONGC.NS
2026-08-17 07:43:24,526 - INFO -   ONGC.NS: 1682 rows stored in DB
2026-08-17 07:43:24,526 - INFO - Processing: ^NSEI
2026-08-17 07:43:25,262 - INFO -   ^NSEI: 1738 rows stored in DB
2026-08-17 07:43:25,262 - INFO - Processing: ^NSEBANK
2026-08-17 07:43:25,918 - INFO -   ^NSEBANK: 1738 rows stored in DB
2026-08-17 07:43:25,918 - INFO - Processing: ^BSESN
2026-08-17 07:43:26,625 - INFO -   ^BSESN: 1723 rows stored in DB
2026-08-17 07:43:26,626 - INFO - Processing: ^NSEMDCP50
2026-08-17 07:43:27,331 - INFO -   ^NSEMDCP50: 1738 rows stored in DB
2026-08-17 07:43:27,332 - INFO - Processing: NIFTY_FIN_SERVICE.NS
2026-08-17 07:43:28,018 - INFO -   NIFTY_FIN_SERVICE.NS: 1738 rows stored in DB
2026-08-17 07:43:28,077 - INFO - README updated.
2026-08-17 07:43:28,077 - INFO - All done.
2026-08-17 08:25:44,404 - INFO - Processing 25 symbols
2026-08-17 08:25:44,404 - INFO - Processing: RELIANCE.NS
2026-08-17 08:25:45,515 - INFO -   RELIANCE.NS: 1723 rows stored in DB
2026-08-17 08:25:45,516 - INFO - Processing: HDFCBANK.NS
2026-08-17 08:25:46,475 - INFO -   HDFCBANK.NS: 1724 rows stored in DB
2026-08-17 08:25:46,475 - INFO - Processing: ICICIBANK.NS
2026-08-17 08:25:47,391 - INFO -   ICICIBANK.NS: 1723 rows stored in DB
2026-08-17 08:25:47,391 - INFO - Processing: INFY.NS
2026-08-17 08:25:48,335 - INFO -   INFY.NS: 1724 rows stored in DB
2026-08-17 08:25:48,335 - INFO - Processing: TCS.NS
2026-08-17 08:25:49,249 - INFO -   TCS.NS: 1722 rows stored in DB
2026-08-17 08:25:49,249 - INFO - Processing: ITC.NS
2026-08-17 08:25:50,162 - INFO -   ITC.NS: 1723 rows stored in DB
2026-08-17 08:25:50,162 - INFO - Processing: HINDUNILVR.NS
2026-08-17 08:25:51,113 - INFO -   HINDUNILVR.NS: 1722 rows stored in DB
2026-08-17 08:25:51,113 - INFO - Processing: SBIN.NS
2026-08-17 08:25:52,048 - INFO -   SBIN.NS: 1724 rows stored in DB
2026-08-17 08:25:52,049 - INFO - Processing: BHARTIARTL.NS
2026-08-17 08:25:53,677 - INFO -   BHARTIARTL.NS: 1722 rows stored in DB
2026-08-17 08:25:53,677 - INFO - Processing: KOTAKBANK.NS
2026-08-17 08:25:54,625 - INFO -   KOTAKBANK.NS: 1724 rows stored in DB
2026-08-17 08:25:54,625 - INFO - Processing: LT.NS
2026-08-17 08:25:55,547 - INFO -   LT.NS: 1723 rows stored in DB
2026-08-17 08:25:55,547 - INFO - Processing: AXISBANK.NS
2026-08-17 08:25:56,594 - INFO -   AXISBANK.NS: 1724 rows stored in DB
2026-08-17 08:25:56,594 - INFO - Processing: BAJFINANCE.NS
2026-08-17 08:25:57,495 - INFO -   BAJFINANCE.NS: 1722 rows stored in DB
2026-08-17 08:25:57,495 - INFO - Processing: ASIANPAINT.NS
2026-08-17 08:25:58,408 - INFO -   ASIANPAINT.NS: 1721 rows stored in DB
2026-08-17 08:25:58,409 - INFO - Processing: MARUTI.NS
2026-08-17 08:25:59,336 - INFO -   MARUTI.NS: 1723 rows stored in DB
2026-08-17 08:25:59,336 - INFO - Processing: SUNPHARMA.NS
2026-08-17 08:26:00,353 - INFO -   SUNPHARMA.NS: 1722 rows stored in DB
2026-08-17 08:26:00,353 - INFO - Processing: WIPRO.NS
2026-08-17 08:26:01,290 - INFO -   WIPRO.NS: 1724 rows stored in DB
2026-08-17 08:26:01,290 - INFO - Processing: POWERGRID.NS
2026-08-17 08:26:02,280 - INFO -   POWERGRID.NS: 1724 rows stored in DB
2026-08-17 08:26:02,281 - INFO - Processing: NTPC.NS
2026-08-17 08:26:03,210 - INFO -   NTPC.NS: 1724 rows stored in DB
2026-08-17 08:26:03,210 - INFO - Processing: ONGC.NS
2026-08-17 08:26:04,125 - INFO -   ONGC.NS: 1724 rows stored in DB
2026-08-17 08:26:04,126 - INFO - Processing: ^NSEI
2026-08-17 08:26:04,968 - INFO -   ^NSEI: 1781 rows stored in DB
2026-08-17 08:26:04,968 - INFO - Processing: ^NSEBANK
2026-08-17 08:26:05,810 - INFO -   ^NSEBANK: 1781 rows stored in DB
2026-08-17 08:26:05,810 - INFO - Processing: ^BSESN
2026-08-17 08:26:06,659 - INFO -   ^BSESN: 1766 rows stored in DB
2026-08-17 08:26:06,659 - INFO - Processing: ^NSEMDCP50
2026-08-17 08:26:13,647 - INFO -   ^NSEMDCP50: 1781 rows stored in DB
2026-08-17 08:26:13,647 - INFO - Processing: NIFTY_FIN_SERVICE.NS
2026-08-17 08:26:14,478 - INFO -   NIFTY_FIN_SERVICE.NS: 1781 rows stored in DB
2026-08-17 08:26:14,543 - INFO - README updated.
2026-08-17 08:26:14,543 - INFO - All done.
2026-08-17 09:09:28,486 - INFO - Processing 25 symbols
2026-08-17 09:09:28,486 - INFO - Processing: RELIANCE.NS
2026-08-17 09:09:29,577 - INFO -   RELIANCE.NS: 1767 rows stored in DB
2026-08-17 09:09:29,577 - INFO - Processing: HDFCBANK.NS
2026-08-17 09:09:30,549 - INFO -   HDFCBANK.NS: 1768 rows stored in DB
2026-08-17 09:09:30,550 - INFO - Processing: ICICIBANK.NS
2026-08-17 09:09:31,505 - INFO -   ICICIBANK.NS: 1767 rows stored in DB
2026-08-17 09:09:31,505 - INFO - Processing: INFY.NS
2026-08-17 09:09:32,509 - INFO -   INFY.NS: 1768 rows stored in DB
2026-08-17 09:09:32,509 - INFO - Processing: TCS.NS
2026-08-17 09:09:33,510 - INFO -   TCS.NS: 1766 rows stored in DB
2026-08-17 09:09:33,510 - INFO - Processing: ITC.NS
2026-08-17 09:09:34,465 - INFO -   ITC.NS: 1767 rows stored in DB
2026-08-17 09:09:34,465 - INFO - Processing: HINDUNILVR.NS
2026-08-17 09:09:35,403 - INFO -   HINDUNILVR.NS: 1766 rows stored in DB
2026-08-17 09:09:35,403 - INFO - Processing: SBIN.NS
2026-08-17 09:09:36,359 - INFO -   SBIN.NS: 1768 rows stored in DB
2026-08-17 09:09:36,359 - INFO - Processing: BHARTIARTL.NS
2026-08-17 09:09:37,290 - INFO -   BHARTIARTL.NS: 1766 rows stored in DB
2026-08-17 09:09:37,290 - INFO - Processing: KOTAKBANK.NS
2026-08-17 09:09:38,322 - INFO -   KOTAKBANK.NS: 1768 rows stored in DB
2026-08-17 09:09:38,323 - INFO - Processing: LT.NS
2026-08-17 09:09:39,274 - INFO -   LT.NS: 1767 rows stored in DB
2026-08-17 09:09:39,274 - INFO - Processing: AXISBANK.NS
2026-08-17 09:09:40,230 - INFO -   AXISBANK.NS: 1768 rows stored in DB
2026-08-17 09:09:40,231 - INFO - Processing: BAJFINANCE.NS
2026-08-17 09:09:41,162 - INFO -   BAJFINANCE.NS: 1766 rows stored in DB
2026-08-17 09:09:41,162 - INFO - Processing: ASIANPAINT.NS
2026-08-17 09:09:42,106 - INFO -   ASIANPAINT.NS: 1765 rows stored in DB
2026-08-17 09:09:42,106 - INFO - Processing: MARUTI.NS
2026-08-17 09:09:43,034 - INFO -   MARUTI.NS: 1767 rows stored in DB
2026-08-17 09:09:43,034 - INFO - Processing: SUNPHARMA.NS
2026-08-17 09:09:44,004 - INFO -   SUNPHARMA.NS: 1766 rows stored in DB
2026-08-17 09:09:44,005 - INFO - Processing: WIPRO.NS
2026-08-17 09:09:44,964 - INFO -   WIPRO.NS: 1768 rows stored in DB
2026-08-17 09:09:44,964 - INFO - Processing: POWERGRID.NS
2026-08-17 09:09:45,892 - INFO -   POWERGRID.NS: 1768 rows stored in DB
2026-08-17 09:09:45,892 - INFO - Processing: NTPC.NS
2026-08-17 09:09:46,826 - INFO -   NTPC.NS: 1768 rows stored in DB
2026-08-17 09:09:46,827 - INFO - Processing: ONGC.NS
2026-08-17 09:09:47,765 - INFO -   ONGC.NS: 1768 rows stored in DB
2026-08-17 09:09:47,765 - INFO - Processing: ^NSEI
2026-08-17 09:09:48,624 - INFO -   ^NSEI: 1824 rows stored in DB
2026-08-17 09:09:48,624 - INFO - Processing: ^NSEBANK
2026-08-17 09:09:49,471 - INFO -   ^NSEBANK: 1824 rows stored in DB
2026-08-17 09:09:49,471 - INFO - Processing: ^BSESN
2026-08-17 09:09:50,357 - INFO -   ^BSESN: 1809 rows stored in DB
2026-08-17 09:09:50,357 - INFO - Processing: ^NSEMDCP50
2026-08-17 09:09:51,225 - INFO -   ^NSEMDCP50: 1824 rows stored in DB
2026-08-17 09:09:51,225 - INFO - Processing: NIFTY_FIN_SERVICE.NS
2026-08-17 09:09:52,074 - INFO -   NIFTY_FIN_SERVICE.NS: 1824 rows stored in DB
2026-08-17 09:09:52,136 - INFO - README updated.
2026-08-17 09:09:52,137 - INFO - All done.
2026-08-17 09:56:47,556 - INFO - Processing 25 symbols
2026-08-17 09:56:47,556 - INFO - Processing: RELIANCE.NS
2026-08-17 09:56:48,777 - INFO -   RELIANCE.NS: 1803 rows stored in DB
2026-08-17 09:56:48,777 - INFO - Processing: HDFCBANK.NS
2026-08-17 09:56:49,717 - INFO -   HDFCBANK.NS: 1803 rows stored in DB
2026-08-17 09:56:49,717 - INFO - Processing: ICICIBANK.NS
2026-08-17 09:56:50,711 - INFO -   ICICIBANK.NS: 1802 rows stored in DB
2026-08-17 09:56:50,712 - INFO - Processing: INFY.NS
2026-08-17 09:56:51,679 - INFO -   INFY.NS: 1803 rows stored in DB
2026-08-17 09:56:51,679 - INFO - Processing: TCS.NS
2026-08-17 09:56:52,640 - INFO -   TCS.NS: 1801 rows stored in DB
2026-08-17 09:56:52,640 - INFO - Processing: ITC.NS
2026-08-17 09:56:53,562 - INFO -   ITC.NS: 1803 rows stored in DB
2026-08-17 09:56:53,562 - INFO - Processing: HINDUNILVR.NS
2026-08-17 09:56:54,519 - INFO -   HINDUNILVR.NS: 1802 rows stored in DB
2026-08-17 09:56:54,519 - INFO - Processing: SBIN.NS
2026-08-17 09:56:55,474 - INFO -   SBIN.NS: 1804 rows stored in DB
2026-08-17 09:56:55,474 - INFO - Processing: BHARTIARTL.NS
2026-08-17 09:56:56,431 - INFO -   BHARTIARTL.NS: 1801 rows stored in DB
2026-08-17 09:56:56,431 - INFO - Processing: KOTAKBANK.NS
2026-08-17 09:56:57,396 - INFO -   KOTAKBANK.NS: 1804 rows stored in DB
2026-08-17 09:56:57,396 - INFO - Processing: LT.NS
2026-08-17 09:56:58,353 - INFO -   LT.NS: 1803 rows stored in DB
2026-08-17 09:56:58,353 - INFO - Processing: AXISBANK.NS
2026-08-17 09:56:59,296 - INFO -   AXISBANK.NS: 1803 rows stored in DB
2026-08-17 09:56:59,296 - INFO - Processing: BAJFINANCE.NS
2026-08-17 09:57:00,233 - INFO -   BAJFINANCE.NS: 1802 rows stored in DB
2026-08-17 09:57:00,233 - INFO - Processing: ASIANPAINT.NS
2026-08-17 09:57:01,232 - INFO -   ASIANPAINT.NS: 1800 rows stored in DB
2026-08-17 09:57:01,232 - INFO - Processing: MARUTI.NS
2026-08-17 09:57:02,176 - INFO -   MARUTI.NS: 1802 rows stored in DB
2026-08-17 09:57:02,176 - INFO - Processing: SUNPHARMA.NS
2026-08-17 09:57:03,162 - INFO -   SUNPHARMA.NS: 1801 rows stored in DB
2026-08-17 09:57:03,162 - INFO - Processing: WIPRO.NS
2026-08-17 09:57:04,099 - INFO -   WIPRO.NS: 1803 rows stored in DB
2026-08-17 09:57:04,099 - INFO - Processing: POWERGRID.NS
2026-08-17 09:57:05,049 - INFO -   POWERGRID.NS: 1804 rows stored in DB
2026-08-17 09:57:05,049 - INFO - Processing: NTPC.NS
2026-08-17 09:57:06,004 - INFO -   NTPC.NS: 1804 rows stored in DB
2026-08-17 09:57:06,004 - INFO - Processing: ONGC.NS
2026-08-17 09:57:06,971 - INFO -   ONGC.NS: 1804 rows stored in DB
2026-08-17 09:57:06,971 - INFO - Processing: ^NSEI
2026-08-17 09:57:07,834 - INFO -   ^NSEI: 1872 rows stored in DB
2026-08-17 09:57:07,835 - INFO - Processing: ^NSEBANK
2026-08-17 09:57:08,711 - INFO -   ^NSEBANK: 1872 rows stored in DB
2026-08-17 09:57:08,711 - INFO - Processing: ^BSESN
2026-08-17 09:57:09,670 - INFO -   ^BSESN: 1857 rows stored in DB
2026-08-17 09:57:09,670 - INFO - Processing: ^NSEMDCP50
2026-08-17 09:57:10,547 - INFO -   ^NSEMDCP50: 1872 rows stored in DB
2026-08-17 09:57:10,547 - INFO - Processing: NIFTY_FIN_SERVICE.NS
2026-08-17 09:57:11,396 - INFO -   NIFTY_FIN_SERVICE.NS: 1872 rows stored in DB
2026-08-17 09:57:11,459 - INFO - README updated.
2026-08-17 09:57:11,459 - INFO - All done.
2026-08-17 10:35:51,069 - INFO - Processing 25 symbols
2026-08-17 10:35:51,069 - INFO - Processing: RELIANCE.NS
2026-08-17 10:35:52,205 - INFO -   RELIANCE.NS: 1803 rows stored in DB
2026-08-17 10:35:52,205 - INFO - Processing: HDFCBANK.NS
2026-08-17 10:35:53,123 - INFO -   HDFCBANK.NS: 1804 rows stored in DB
2026-08-17 10:35:53,123 - INFO - Processing: ICICIBANK.NS
2026-08-17 10:35:54,035 - INFO -   ICICIBANK.NS: 1803 rows stored in DB
2026-08-17 10:35:54,035 - INFO - Processing: INFY.NS
2026-08-17 10:35:54,977 - INFO -   INFY.NS: 1804 rows stored in DB
2026-08-17 10:35:54,978 - INFO - Processing: TCS.NS
2026-08-17 10:35:55,916 - INFO -   TCS.NS: 1802 rows stored in DB
2026-08-17 10:35:55,916 - INFO - Processing: ITC.NS
2026-08-17 10:35:56,857 - INFO -   ITC.NS: 1803 rows stored in DB
2026-08-17 10:35:56,857 - INFO - Processing: HINDUNILVR.NS
2026-08-17 10:35:57,771 - INFO -   HINDUNILVR.NS: 1802 rows stored in DB
2026-08-17 10:35:57,771 - INFO - Processing: SBIN.NS
2026-08-17 10:35:58,698 - INFO -   SBIN.NS: 1804 rows stored in DB
2026-08-17 10:35:58,698 - INFO - Processing: BHARTIARTL.NS
2026-08-17 10:35:59,612 - INFO -   BHARTIARTL.NS: 1801 rows stored in DB
2026-08-17 10:35:59,612 - INFO - Processing: KOTAKBANK.NS
2026-08-17 10:36:00,537 - INFO -   KOTAKBANK.NS: 1804 rows stored in DB
2026-08-17 10:36:00,537 - INFO - Processing: LT.NS
2026-08-17 10:36:01,451 - INFO -   LT.NS: 1803 rows stored in DB
2026-08-17 10:36:01,451 - INFO - Processing: AXISBANK.NS
2026-08-17 10:36:02,395 - INFO -   AXISBANK.NS: 1804 rows stored in DB
2026-08-17 10:36:02,395 - INFO - Processing: BAJFINANCE.NS
2026-08-17 10:36:03,316 - INFO -   BAJFINANCE.NS: 1802 rows stored in DB
2026-08-17 10:36:03,316 - INFO - Processing: ASIANPAINT.NS
2026-08-17 10:36:04,386 - INFO -   ASIANPAINT.NS: 1800 rows stored in DB
2026-08-17 10:36:04,386 - INFO - Processing: MARUTI.NS
2026-08-17 10:36:05,312 - INFO -   MARUTI.NS: 1802 rows stored in DB
2026-08-17 10:36:05,312 - INFO - Processing: SUNPHARMA.NS
2026-08-17 10:36:06,267 - INFO -   SUNPHARMA.NS: 1802 rows stored in DB
2026-08-17 10:36:06,267 - INFO - Processing: WIPRO.NS
2026-08-17 10:36:07,206 - INFO -   WIPRO.NS: 1803 rows stored in DB
2026-08-17 10:36:07,207 - INFO - Processing: POWERGRID.NS
2026-08-17 10:36:08,155 - INFO -   POWERGRID.NS: 1804 rows stored in DB
2026-08-17 10:36:08,155 - INFO - Processing: NTPC.NS
2026-08-17 10:36:09,161 - INFO -   NTPC.NS: 1804 rows stored in DB
2026-08-17 10:36:09,162 - INFO - Processing: ONGC.NS
2026-08-17 10:36:10,125 - INFO -   ONGC.NS: 1804 rows stored in DB
2026-08-17 10:36:10,125 - INFO - Processing: ^NSEI
2026-08-17 10:36:11,022 - INFO -   ^NSEI: 1874 rows stored in DB
2026-08-17 10:36:11,022 - INFO - Processing: ^NSEBANK
2026-08-17 10:36:11,851 - INFO -   ^NSEBANK: 1874 rows stored in DB
2026-08-17 10:36:11,851 - INFO - Processing: ^BSESN
2026-08-17 10:36:12,679 - INFO -   ^BSESN: 1874 rows stored in DB
2026-08-17 10:36:12,679 - INFO - Processing: ^NSEMDCP50
2026-08-17 10:36:13,541 - INFO -   ^NSEMDCP50: 1874 rows stored in DB
2026-08-17 10:36:13,541 - INFO - Processing: NIFTY_FIN_SERVICE.NS
2026-08-17 10:36:14,392 - INFO -   NIFTY_FIN_SERVICE.NS: 1874 rows stored in DB
2026-08-17 10:36:14,454 - INFO - README updated.
2026-08-17 10:36:14,454 - INFO - All done.
2026-08-17 11:01:05,987 - INFO - Processing 25 symbols
2026-08-17 11:01:05,987 - INFO - Processing: RELIANCE.NS
2026-08-17 11:01:07,011 - INFO -   RELIANCE.NS: 1803 rows stored in DB
2026-08-17 11:01:07,011 - INFO - Processing: HDFCBANK.NS
2026-08-17 11:01:07,820 - INFO -   HDFCBANK.NS: 1804 rows stored in DB
2026-08-17 11:01:07,820 - INFO - Processing: ICICIBANK.NS
2026-08-17 11:01:08,645 - INFO -   ICICIBANK.NS: 1803 rows stored in DB
2026-08-17 11:01:08,645 - INFO - Processing: INFY.NS
2026-08-17 11:01:09,455 - INFO -   INFY.NS: 1804 rows stored in DB
2026-08-17 11:01:09,455 - INFO - Processing: TCS.NS
2026-08-17 11:01:10,277 - INFO -   TCS.NS: 1802 rows stored in DB
2026-08-17 11:01:10,277 - INFO - Processing: ITC.NS
2026-08-17 11:01:11,131 - INFO -   ITC.NS: 1803 rows stored in DB
2026-08-17 11:01:11,131 - INFO - Processing: HINDUNILVR.NS
2026-08-17 11:01:11,944 - INFO -   HINDUNILVR.NS: 1802 rows stored in DB
2026-08-17 11:01:11,944 - INFO - Processing: SBIN.NS
2026-08-17 11:01:12,860 - INFO -   SBIN.NS: 1804 rows stored in DB
2026-08-17 11:01:12,860 - INFO - Processing: BHARTIARTL.NS
2026-08-17 11:01:13,647 - INFO -   BHARTIARTL.NS: 1801 rows stored in DB
2026-08-17 11:01:13,647 - INFO - Processing: KOTAKBANK.NS
2026-08-17 11:01:14,501 - INFO -   KOTAKBANK.NS: 1804 rows stored in DB
2026-08-17 11:01:14,501 - INFO - Processing: LT.NS
2026-08-17 11:01:15,302 - INFO -   LT.NS: 1803 rows stored in DB
2026-08-17 11:01:15,303 - INFO - Processing: AXISBANK.NS
2026-08-17 11:01:16,134 - INFO -   AXISBANK.NS: 1804 rows stored in DB
2026-08-17 11:01:16,134 - INFO - Processing: BAJFINANCE.NS
2026-08-17 11:01:16,937 - INFO -   BAJFINANCE.NS: 1802 rows stored in DB
2026-08-17 11:01:16,938 - INFO - Processing: ASIANPAINT.NS
2026-08-17 11:01:17,775 - INFO -   ASIANPAINT.NS: 1800 rows stored in DB
2026-08-17 11:01:17,775 - INFO - Processing: MARUTI.NS
2026-08-17 11:01:18,627 - INFO -   MARUTI.NS: 1802 rows stored in DB
2026-08-17 11:01:18,627 - INFO - Processing: SUNPHARMA.NS
2026-08-17 11:01:19,438 - INFO -   SUNPHARMA.NS: 1802 rows stored in DB
2026-08-17 11:01:19,439 - INFO - Processing: WIPRO.NS
2026-08-17 11:01:20,229 - INFO -   WIPRO.NS: 1803 rows stored in DB
2026-08-17 11:01:20,229 - INFO - Processing: POWERGRID.NS
2026-08-17 11:01:20,996 - INFO -   POWERGRID.NS: 1804 rows stored in DB
2026-08-17 11:01:20,996 - INFO - Processing: NTPC.NS
2026-08-17 11:01:21,768 - INFO -   NTPC.NS: 1804 rows stored in DB
2026-08-17 11:01:21,768 - INFO - Processing: ONGC.NS
2026-08-17 11:01:22,574 - INFO -   ONGC.NS: 1804 rows stored in DB
2026-08-17 11:01:22,574 - INFO - Processing: ^NSEI
2026-08-17 11:01:23,346 - INFO -   ^NSEI: 1874 rows stored in DB
2026-08-17 11:01:23,346 - INFO - Processing: ^NSEBANK
2026-08-17 11:01:24,051 - INFO -   ^NSEBANK: 1874 rows stored in DB
2026-08-17 11:01:24,051 - INFO - Processing: ^BSESN
2026-08-17 11:01:24,732 - INFO -   ^BSESN: 1874 rows stored in DB
2026-08-17 11:01:24,732 - INFO - Processing: ^NSEMDCP50
2026-08-17 11:01:25,480 - INFO -   ^NSEMDCP50: 1874 rows stored in DB
2026-08-17 11:01:25,480 - INFO - Processing: NIFTY_FIN_SERVICE.NS
2026-08-17 11:01:26,190 - INFO -   NIFTY_FIN_SERVICE.NS: 1874 rows stored in DB
2026-08-17 11:01:26,249 - INFO - README updated.
2026-08-17 11:01:26,249 - INFO - All done.
2026-08-18 03:44:47,726 - INFO - Processing 25 symbols
2026-08-18 03:44:47,727 - INFO - Processing: RELIANCE.NS
2026-08-18 03:44:48,680 - INFO -   RELIANCE.NS: 1803 rows stored in DB
2026-08-18 03:44:48,681 - INFO - Processing: HDFCBANK.NS
2026-08-18 03:44:49,448 - INFO -   HDFCBANK.NS: 1804 rows stored in DB
2026-08-18 03:44:49,448 - INFO - Processing: ICICIBANK.NS
2026-08-18 03:44:50,219 - INFO -   ICICIBANK.NS: 1803 rows stored in DB
2026-08-18 03:44:50,219 - INFO - Processing: INFY.NS
2026-08-18 03:44:51,033 - INFO -   INFY.NS: 1804 rows stored in DB
2026-08-18 03:44:51,033 - INFO - Processing: TCS.NS
2026-08-18 03:44:51,817 - INFO -   TCS.NS: 1802 rows stored in DB
2026-08-18 03:44:51,817 - INFO - Processing: ITC.NS
2026-08-18 03:44:52,629 - INFO -   ITC.NS: 1803 rows stored in DB
2026-08-18 03:44:52,629 - INFO - Processing: HINDUNILVR.NS
2026-08-18 03:44:53,403 - INFO -   HINDUNILVR.NS: 1802 rows stored in DB
2026-08-18 03:44:53,403 - INFO - Processing: SBIN.NS
2026-08-18 03:44:54,174 - INFO -   SBIN.NS: 1804 rows stored in DB
2026-08-18 03:44:54,174 - INFO - Processing: BHARTIARTL.NS
2026-08-18 03:44:54,933 - INFO -   BHARTIARTL.NS: 1801 rows stored in DB
2026-08-18 03:44:54,933 - INFO - Processing: KOTAKBANK.NS
2026-08-18 03:44:55,832 - INFO -   KOTAKBANK.NS: 1804 rows stored in DB
2026-08-18 03:44:55,832 - INFO - Processing: LT.NS
2026-08-18 03:44:56,636 - INFO -   LT.NS: 1803 rows stored in DB
2026-08-18 03:44:56,636 - INFO - Processing: AXISBANK.NS
2026-08-18 03:44:57,396 - INFO -   AXISBANK.NS: 1804 rows stored in DB
2026-08-18 03:44:57,396 - INFO - Processing: BAJFINANCE.NS
2026-08-18 03:44:58,173 - INFO -   BAJFINANCE.NS: 1802 rows stored in DB
2026-08-18 03:44:58,174 - INFO - Processing: ASIANPAINT.NS
2026-08-18 03:44:58,967 - INFO -   ASIANPAINT.NS: 1800 rows stored in DB
2026-08-18 03:44:58,968 - INFO - Processing: MARUTI.NS
2026-08-18 03:44:59,835 - INFO -   MARUTI.NS: 1802 rows stored in DB
2026-08-18 03:44:59,835 - INFO - Processing: SUNPHARMA.NS
2026-08-18 03:45:00,602 - INFO -   SUNPHARMA.NS: 1802 rows stored in DB
2026-08-18 03:45:00,602 - INFO - Processing: WIPRO.NS
2026-08-18 03:45:01,258 - INFO -   WIPRO.NS: 1442 rows stored in DB
2026-08-18 03:45:01,258 - INFO - Processing: POWERGRID.NS
2026-08-18 03:45:01,902 - INFO -   POWERGRID.NS: 1443 rows stored in DB
2026-08-18 03:45:01,903 - INFO - Processing: NTPC.NS
2026-08-18 03:45:02,605 - INFO -   NTPC.NS: 1444 rows stored in DB
2026-08-18 03:45:02,606 - INFO - Processing: ONGC.NS
2026-08-18 03:45:03,308 - INFO -   ONGC.NS: 1444 rows stored in DB
2026-08-18 03:45:03,309 - INFO - Processing: ^NSEI
2026-08-18 03:45:03,887 - INFO -   ^NSEI: 1500 rows stored in DB
2026-08-18 03:45:03,887 - INFO - Processing: ^NSEBANK
2026-08-18 03:45:04,480 - INFO -   ^NSEBANK: 1500 rows stored in DB
2026-08-18 03:45:04,480 - INFO - Processing: ^BSESN
2026-08-18 03:45:05,062 - INFO -   ^BSESN: 1499 rows stored in DB
2026-08-18 03:45:05,062 - INFO - Processing: ^NSEMDCP50
2026-08-18 03:45:05,679 - INFO -   ^NSEMDCP50: 1500 rows stored in DB
2026-08-18 03:45:05,679 - INFO - Processing: NIFTY_FIN_SERVICE.NS
2026-08-18 03:45:06,284 - INFO -   NIFTY_FIN_SERVICE.NS: 1500 rows stored in DB
2026-08-18 03:45:06,363 - INFO - README updated.
2026-08-18 03:45:06,363 - INFO - All done.
2026-08-18 04:20:29,641 - INFO - Processing 25 symbols
2026-08-18 04:20:29,641 - INFO - Processing: RELIANCE.NS
2026-08-18 04:20:30,832 - INFO -   RELIANCE.NS: 1478 rows stored in DB
2026-08-18 04:20:30,832 - INFO - Processing: HDFCBANK.NS
2026-08-18 04:20:32,101 - INFO -   HDFCBANK.NS: 1479 rows stored in DB
2026-08-18 04:20:32,101 - INFO - Processing: ICICIBANK.NS
2026-08-18 04:20:33,323 - INFO -   ICICIBANK.NS: 1478 rows stored in DB
2026-08-18 04:20:33,323 - INFO - Processing: INFY.NS
2026-08-18 04:20:34,544 - INFO -   INFY.NS: 1479 rows stored in DB
2026-08-18 04:20:34,544 - INFO - Processing: TCS.NS
2026-08-18 04:20:35,407 - INFO -   TCS.NS: 1478 rows stored in DB
2026-08-18 04:20:35,407 - INFO - Processing: ITC.NS
2026-08-18 04:20:36,046 - INFO -   ITC.NS: 1479 rows stored in DB
2026-08-18 04:20:36,046 - INFO - Processing: HINDUNILVR.NS
2026-08-18 04:20:36,721 - INFO -   HINDUNILVR.NS: 1478 rows stored in DB
2026-08-18 04:20:36,721 - INFO - Processing: SBIN.NS
2026-08-18 04:20:37,454 - INFO -   SBIN.NS: 1479 rows stored in DB
2026-08-18 04:20:37,454 - INFO - Processing: BHARTIARTL.NS
2026-08-18 04:20:38,232 - INFO -   BHARTIARTL.NS: 1477 rows stored in DB
2026-08-18 04:20:38,232 - INFO - Processing: KOTAKBANK.NS
2026-08-18 04:20:38,994 - INFO -   KOTAKBANK.NS: 1479 rows stored in DB
2026-08-18 04:20:38,994 - INFO - Processing: LT.NS
2026-08-18 04:20:40,579 - INFO -   LT.NS: 1478 rows stored in DB
2026-08-18 04:20:40,579 - INFO - Processing: AXISBANK.NS
2026-08-18 04:20:41,456 - INFO -   AXISBANK.NS: 1479 rows stored in DB
2026-08-18 04:20:41,456 - INFO - Processing: BAJFINANCE.NS
2026-08-18 04:20:42,613 - INFO -   BAJFINANCE.NS: 1478 rows stored in DB
2026-08-18 04:20:42,614 - INFO - Processing: ASIANPAINT.NS
2026-08-18 04:20:43,470 - INFO -   ASIANPAINT.NS: 1476 rows stored in DB
2026-08-18 04:20:43,470 - INFO - Processing: MARUTI.NS
2026-08-18 04:20:44,178 - INFO -   MARUTI.NS: 1477 rows stored in DB
2026-08-18 04:20:44,179 - INFO - Processing: SUNPHARMA.NS
2026-08-18 04:20:45,054 - INFO -   SUNPHARMA.NS: 1477 rows stored in DB
2026-08-18 04:20:45,054 - INFO - Processing: WIPRO.NS
2026-08-18 04:20:45,983 - INFO -   WIPRO.NS: 1478 rows stored in DB
2026-08-18 04:20:45,983 - INFO - Processing: POWERGRID.NS
2026-08-18 04:20:47,044 - INFO -   POWERGRID.NS: 1479 rows stored in DB
2026-08-18 04:20:47,044 - INFO - Processing: NTPC.NS
2026-08-18 04:20:47,953 - INFO -   NTPC.NS: 1479 rows stored in DB
2026-08-18 04:20:47,953 - INFO - Processing: ONGC.NS
2026-08-18 04:20:49,032 - INFO -   ONGC.NS: 1479 rows stored in DB
2026-08-18 04:20:49,032 - INFO - Processing: ^NSEI
2026-08-18 04:20:49,812 - INFO -   ^NSEI: 1535 rows stored in DB
2026-08-18 04:20:49,812 - INFO - Processing: ^NSEBANK
2026-08-18 04:20:50,846 - INFO -   ^NSEBANK: 1535 rows stored in DB
2026-08-18 04:20:50,846 - INFO - Processing: ^BSESN
2026-08-18 04:20:51,806 - INFO -   ^BSESN: 1520 rows stored in DB
2026-08-18 04:20:51,806 - INFO - Processing: ^NSEMDCP50
2026-08-18 04:20:52,656 - INFO -   ^NSEMDCP50: 1535 rows stored in DB
2026-08-18 04:20:52,656 - INFO - Processing: NIFTY_FIN_SERVICE.NS
2026-08-18 04:20:53,536 - INFO -   NIFTY_FIN_SERVICE.NS: 1535 rows stored in DB
2026-08-18 04:20:53,579 - INFO - README updated.
2026-08-18 04:20:53,580 - INFO - All done.
2026-08-18 04:58:17,468 - INFO - Processing 25 symbols
2026-08-18 04:58:17,468 - INFO - Processing: RELIANCE.NS
2026-08-18 04:58:18,514 - INFO -   RELIANCE.NS: 1516 rows stored in DB
2026-08-18 04:58:18,514 - INFO - Processing: HDFCBANK.NS
2026-08-18 04:58:19,239 - INFO -   HDFCBANK.NS: 1517 rows stored in DB
2026-08-18 04:58:19,239 - INFO - Processing: ICICIBANK.NS
2026-08-18 04:58:19,929 - INFO -   ICICIBANK.NS: 1516 rows stored in DB
2026-08-18 04:58:19,930 - INFO - Processing: INFY.NS
2026-08-18 04:58:20,621 - INFO -   INFY.NS: 1517 rows stored in DB
2026-08-18 04:58:20,621 - INFO - Processing: TCS.NS
2026-08-18 04:58:21,484 - INFO -   TCS.NS: 1516 rows stored in DB
2026-08-18 04:58:21,484 - INFO - Processing: ITC.NS
2026-08-18 04:58:23,051 - INFO -   ITC.NS: 1517 rows stored in DB
2026-08-18 04:58:23,051 - INFO - Processing: HINDUNILVR.NS
2026-08-18 04:58:24,495 - INFO -   HINDUNILVR.NS: 1516 rows stored in DB
2026-08-18 04:58:24,495 - INFO - Processing: SBIN.NS
2026-08-18 04:58:25,220 - INFO -   SBIN.NS: 1517 rows stored in DB
2026-08-18 04:58:25,220 - INFO - Processing: BHARTIARTL.NS
2026-08-18 04:58:25,993 - INFO -   BHARTIARTL.NS: 1515 rows stored in DB
2026-08-18 04:58:25,994 - INFO - Processing: KOTAKBANK.NS
2026-08-18 04:58:26,714 - INFO -   KOTAKBANK.NS: 1517 rows stored in DB
2026-08-18 04:58:26,714 - INFO - Processing: LT.NS
2026-08-18 04:58:27,442 - INFO -   LT.NS: 1516 rows stored in DB
2026-08-18 04:58:27,442 - INFO - Processing: AXISBANK.NS
2026-08-18 04:58:28,132 - INFO -   AXISBANK.NS: 1517 rows stored in DB
2026-08-18 04:58:28,132 - INFO - Processing: BAJFINANCE.NS
2026-08-18 04:58:28,832 - INFO -   BAJFINANCE.NS: 1516 rows stored in DB
2026-08-18 04:58:28,832 - INFO - Processing: ASIANPAINT.NS
2026-08-18 04:58:29,542 - INFO -   ASIANPAINT.NS: 1514 rows stored in DB
2026-08-18 04:58:29,542 - INFO - Processing: MARUTI.NS
2026-08-18 04:58:30,428 - INFO -   MARUTI.NS: 1515 rows stored in DB
2026-08-18 04:58:30,428 - INFO - Processing: SUNPHARMA.NS
2026-08-18 04:58:31,268 - INFO -   SUNPHARMA.NS: 1515 rows stored in DB
2026-08-18 04:58:31,268 - INFO - Processing: WIPRO.NS
2026-08-18 04:58:32,136 - INFO -   WIPRO.NS: 1516 rows stored in DB
2026-08-18 04:58:32,136 - INFO - Processing: POWERGRID.NS
2026-08-18 04:58:32,956 - INFO -   POWERGRID.NS: 1517 rows stored in DB
2026-08-18 04:58:32,956 - INFO - Processing: NTPC.NS
2026-08-18 04:58:33,922 - INFO -   NTPC.NS: 1517 rows stored in DB
2026-08-18 04:58:33,922 - INFO - Processing: ONGC.NS
2026-08-18 04:58:34,630 - INFO -   ONGC.NS: 1517 rows stored in DB
2026-08-18 04:58:34,630 - INFO - Processing: ^NSEI
2026-08-18 04:58:35,522 - INFO -   ^NSEI: 1573 rows stored in DB
2026-08-18 04:58:35,522 - INFO - Processing: ^NSEBANK
2026-08-18 04:58:36,498 - INFO -   ^NSEBANK: 1573 rows stored in DB
2026-08-18 04:58:36,498 - INFO - Processing: ^BSESN
2026-08-18 04:58:37,162 - INFO -   ^BSESN: 1558 rows stored in DB
2026-08-18 04:58:37,162 - INFO - Processing: ^NSEMDCP50
2026-08-18 04:58:37,806 - INFO -   ^NSEMDCP50: 1573 rows stored in DB
2026-08-18 04:58:37,806 - INFO - Processing: NIFTY_FIN_SERVICE.NS
2026-08-18 04:58:38,528 - INFO -   NIFTY_FIN_SERVICE.NS: 1573 rows stored in DB
2026-08-18 04:58:38,572 - INFO - README updated.
2026-08-18 04:58:38,573 - INFO - All done.
2026-08-18 05:36:31,399 - INFO - Processing 25 symbols
2026-08-18 05:36:31,399 - INFO - Processing: RELIANCE.NS
2026-08-18 05:36:32,320 - INFO -   RELIANCE.NS: 1554 rows stored in DB
2026-08-18 05:36:32,320 - INFO - Processing: HDFCBANK.NS
2026-08-18 05:36:32,987 - INFO -   HDFCBANK.NS: 1555 rows stored in DB
2026-08-18 05:36:32,987 - INFO - Processing: ICICIBANK.NS
2026-08-18 05:36:33,680 - INFO -   ICICIBANK.NS: 1554 rows stored in DB
2026-08-18 05:36:33,680 - INFO - Processing: INFY.NS
2026-08-18 05:36:34,480 - INFO -   INFY.NS: 1555 rows stored in DB
2026-08-18 05:36:34,481 - INFO - Processing: TCS.NS
2026-08-18 05:36:35,223 - INFO -   TCS.NS: 1554 rows stored in DB
2026-08-18 05:36:35,224 - INFO - Processing: ITC.NS
2026-08-18 05:36:35,934 - INFO -   ITC.NS: 1555 rows stored in DB
2026-08-18 05:36:35,935 - INFO - Processing: HINDUNILVR.NS
2026-08-18 05:36:36,632 - INFO -   HINDUNILVR.NS: 1554 rows stored in DB
2026-08-18 05:36:36,632 - INFO - Processing: SBIN.NS
2026-08-18 05:36:37,329 - INFO -   SBIN.NS: 1555 rows stored in DB
2026-08-18 05:36:37,329 - INFO - Processing: BHARTIARTL.NS
2026-08-18 05:36:38,016 - INFO -   BHARTIARTL.NS: 1553 rows stored in DB
2026-08-18 05:36:38,016 - INFO - Processing: KOTAKBANK.NS
2026-08-18 05:36:38,891 - INFO -   KOTAKBANK.NS: 1555 rows stored in DB
2026-08-18 05:36:38,891 - INFO - Processing: LT.NS
2026-08-18 05:36:40,291 - INFO -   LT.NS: 1554 rows stored in DB
2026-08-18 05:36:40,291 - INFO - Processing: AXISBANK.NS
2026-08-18 05:36:41,016 - INFO -   AXISBANK.NS: 1555 rows stored in DB
2026-08-18 05:36:41,017 - INFO - Processing: BAJFINANCE.NS
2026-08-18 05:36:41,704 - INFO -   BAJFINANCE.NS: 1554 rows stored in DB
2026-08-18 05:36:41,704 - INFO - Processing: ASIANPAINT.NS
2026-08-18 05:36:42,362 - INFO -   ASIANPAINT.NS: 1552 rows stored in DB
2026-08-18 05:36:42,362 - INFO - Processing: MARUTI.NS
2026-08-18 05:36:43,081 - INFO -   MARUTI.NS: 1553 rows stored in DB
2026-08-18 05:36:43,081 - INFO - Processing: SUNPHARMA.NS
2026-08-18 05:36:43,816 - INFO -   SUNPHARMA.NS: 1553 rows stored in DB
2026-08-18 05:36:43,816 - INFO - Processing: WIPRO.NS
2026-08-18 05:36:44,572 - INFO -   WIPRO.NS: 1554 rows stored in DB
2026-08-18 05:36:44,572 - INFO - Processing: POWERGRID.NS
2026-08-18 05:36:45,228 - INFO -   POWERGRID.NS: 1555 rows stored in DB
2026-08-18 05:36:45,228 - INFO - Processing: NTPC.NS
2026-08-18 05:36:45,942 - INFO -   NTPC.NS: 1555 rows stored in DB
2026-08-18 05:36:45,942 - INFO - Processing: ONGC.NS
2026-08-18 05:36:46,617 - INFO -   ONGC.NS: 1555 rows stored in DB
2026-08-18 05:36:46,617 - INFO - Processing: ^NSEI
2026-08-18 05:36:47,252 - INFO -   ^NSEI: 1611 rows stored in DB
2026-08-18 05:36:47,252 - INFO - Processing: ^NSEBANK
2026-08-18 05:36:47,849 - INFO -   ^NSEBANK: 1611 rows stored in DB
2026-08-18 05:36:47,849 - INFO - Processing: ^BSESN
2026-08-18 05:36:48,548 - INFO -   ^BSESN: 1596 rows stored in DB
2026-08-18 05:36:48,549 - INFO - Processing: ^NSEMDCP50
2026-08-18 05:36:49,200 - INFO -   ^NSEMDCP50: 1611 rows stored in DB
2026-08-18 05:36:49,200 - INFO - Processing: NIFTY_FIN_SERVICE.NS
2026-08-18 05:36:49,874 - INFO -   NIFTY_FIN_SERVICE.NS: 1611 rows stored in DB
2026-08-18 05:36:49,932 - INFO - README updated.
2026-08-18 05:36:49,932 - INFO - All done.
2026-08-18 06:00:07,191 - INFO - Processing 25 symbols
2026-08-18 06:00:07,191 - INFO - Processing: RELIANCE.NS
2026-08-18 06:00:08,219 - INFO -   RELIANCE.NS: 1578 rows stored in DB
2026-08-18 06:00:08,219 - INFO - Processing: HDFCBANK.NS
2026-08-18 06:00:09,092 - INFO -   HDFCBANK.NS: 1579 rows stored in DB
2026-08-18 06:00:09,092 - INFO - Processing: ICICIBANK.NS
2026-08-18 06:00:09,921 - INFO -   ICICIBANK.NS: 1578 rows stored in DB
2026-08-18 06:00:09,921 - INFO - Processing: INFY.NS
2026-08-18 06:00:10,798 - INFO -   INFY.NS: 1579 rows stored in DB
2026-08-18 06:00:10,799 - INFO - Processing: TCS.NS
2026-08-18 06:00:11,688 - INFO -   TCS.NS: 1578 rows stored in DB
2026-08-18 06:00:11,689 - INFO - Processing: ITC.NS
2026-08-18 06:00:12,514 - INFO -   ITC.NS: 1579 rows stored in DB
2026-08-18 06:00:12,514 - INFO - Processing: HINDUNILVR.NS
2026-08-18 06:00:13,376 - INFO -   HINDUNILVR.NS: 1578 rows stored in DB
2026-08-18 06:00:13,376 - INFO - Processing: SBIN.NS
2026-08-18 06:00:14,243 - INFO -   SBIN.NS: 1579 rows stored in DB
2026-08-18 06:00:14,243 - INFO - Processing: BHARTIARTL.NS
2026-08-18 06:00:15,103 - INFO -   BHARTIARTL.NS: 1577 rows stored in DB
2026-08-18 06:00:15,103 - INFO - Processing: KOTAKBANK.NS
2026-08-18 06:00:15,972 - INFO -   KOTAKBANK.NS: 1579 rows stored in DB
2026-08-18 06:00:15,972 - INFO - Processing: LT.NS
2026-08-18 06:00:16,899 - INFO -   LT.NS: 1578 rows stored in DB
2026-08-18 06:00:16,900 - INFO - Processing: AXISBANK.NS
2026-08-18 06:00:17,739 - INFO -   AXISBANK.NS: 1579 rows stored in DB
2026-08-18 06:00:17,739 - INFO - Processing: BAJFINANCE.NS
2026-08-18 06:00:18,944 - INFO -   BAJFINANCE.NS: 1578 rows stored in DB
2026-08-18 06:00:18,944 - INFO - Processing: ASIANPAINT.NS
2026-08-18 06:00:19,855 - INFO -   ASIANPAINT.NS: 1576 rows stored in DB
2026-08-18 06:00:19,855 - INFO - Processing: MARUTI.NS
2026-08-18 06:00:20,683 - INFO -   MARUTI.NS: 1577 rows stored in DB
2026-08-18 06:00:20,684 - INFO - Processing: SUNPHARMA.NS
2026-08-18 06:00:21,530 - INFO -   SUNPHARMA.NS: 1577 rows stored in DB
2026-08-18 06:00:21,531 - INFO - Processing: WIPRO.NS
2026-08-18 06:00:22,419 - INFO -   WIPRO.NS: 1578 rows stored in DB
2026-08-18 06:00:22,419 - INFO - Processing: POWERGRID.NS
2026-08-18 06:00:23,272 - INFO -   POWERGRID.NS: 1579 rows stored in DB
2026-08-18 06:00:23,272 - INFO - Processing: NTPC.NS
2026-08-18 06:00:24,161 - INFO -   NTPC.NS: 1579 rows stored in DB
2026-08-18 06:00:24,161 - INFO - Processing: ONGC.NS
2026-08-18 06:00:25,006 - INFO -   ONGC.NS: 1579 rows stored in DB
2026-08-18 06:00:25,006 - INFO - Processing: ^NSEI
2026-08-18 06:00:25,826 - INFO -   ^NSEI: 1635 rows stored in DB
2026-08-18 06:00:25,826 - INFO - Processing: ^NSEBANK
2026-08-18 06:00:26,610 - INFO -   ^NSEBANK: 1635 rows stored in DB
2026-08-18 06:00:26,610 - INFO - Processing: ^BSESN
2026-08-18 06:00:27,821 - INFO -   ^BSESN: 1620 rows stored in DB
2026-08-18 06:00:27,821 - INFO - Processing: ^NSEMDCP50
2026-08-18 06:00:29,050 - INFO -   ^NSEMDCP50: 1635 rows stored in DB
2026-08-18 06:00:29,050 - INFO - Processing: NIFTY_FIN_SERVICE.NS
2026-08-18 06:00:29,841 - INFO -   NIFTY_FIN_SERVICE.NS: 1635 rows stored in DB
2026-08-18 06:00:29,904 - INFO - README updated.
2026-08-18 06:00:29,904 - INFO - All done.
2026-08-18 06:58:04,475 - INFO - Processing 25 symbols
2026-08-18 06:58:04,476 - INFO - Processing: RELIANCE.NS
2026-08-18 06:58:05,711 - INFO -   RELIANCE.NS: 1636 rows stored in DB
2026-08-18 06:58:05,711 - INFO - Processing: HDFCBANK.NS
2026-08-18 06:58:07,168 - INFO -   HDFCBANK.NS: 1637 rows stored in DB
2026-08-18 06:58:07,169 - INFO - Processing: ICICIBANK.NS
2026-08-18 06:58:08,060 - INFO -   ICICIBANK.NS: 1636 rows stored in DB
2026-08-18 06:58:08,060 - INFO - Processing: INFY.NS
2026-08-18 06:58:08,943 - INFO -   INFY.NS: 1637 rows stored in DB
2026-08-18 06:58:08,943 - INFO - Processing: TCS.NS
2026-08-18 06:58:09,875 - INFO -   TCS.NS: 1636 rows stored in DB
2026-08-18 06:58:09,875 - INFO - Processing: ITC.NS
2026-08-18 06:58:10,786 - INFO -   ITC.NS: 1637 rows stored in DB
2026-08-18 06:58:10,786 - INFO - Processing: HINDUNILVR.NS
2026-08-18 06:58:11,671 - INFO -   HINDUNILVR.NS: 1636 rows stored in DB
2026-08-18 06:58:11,671 - INFO - Processing: SBIN.NS
2026-08-18 06:58:12,538 - INFO -   SBIN.NS: 1637 rows stored in DB
2026-08-18 06:58:12,538 - INFO - Processing: BHARTIARTL.NS
2026-08-18 06:58:13,423 - INFO -   BHARTIARTL.NS: 1635 rows stored in DB
2026-08-18 06:58:13,423 - INFO - Processing: KOTAKBANK.NS
2026-08-18 06:58:14,351 - INFO -   KOTAKBANK.NS: 1637 rows stored in DB
2026-08-18 06:58:14,351 - INFO - Processing: LT.NS
2026-08-18 06:58:15,242 - INFO -   LT.NS: 1636 rows stored in DB
2026-08-18 06:58:15,242 - INFO - Processing: AXISBANK.NS
2026-08-18 06:58:16,109 - INFO -   AXISBANK.NS: 1637 rows stored in DB
2026-08-18 06:58:16,109 - INFO - Processing: BAJFINANCE.NS
2026-08-18 06:58:16,970 - INFO -   BAJFINANCE.NS: 1636 rows stored in DB
2026-08-18 06:58:16,970 - INFO - Processing: ASIANPAINT.NS
2026-08-18 06:58:17,858 - INFO -   ASIANPAINT.NS: 1634 rows stored in DB
2026-08-18 06:58:17,859 - INFO - Processing: MARUTI.NS
2026-08-18 06:58:18,803 - INFO -   MARUTI.NS: 1635 rows stored in DB
2026-08-18 06:58:18,804 - INFO - Processing: SUNPHARMA.NS
2026-08-18 06:58:19,724 - INFO -   SUNPHARMA.NS: 1635 rows stored in DB
2026-08-18 06:58:19,724 - INFO - Processing: WIPRO.NS
2026-08-18 06:58:20,592 - INFO -   WIPRO.NS: 1636 rows stored in DB
2026-08-18 06:58:20,592 - INFO - Processing: POWERGRID.NS
2026-08-18 06:58:21,451 - INFO -   POWERGRID.NS: 1637 rows stored in DB
2026-08-18 06:58:21,451 - INFO - Processing: NTPC.NS
2026-08-18 06:58:22,338 - INFO -   NTPC.NS: 1637 rows stored in DB
2026-08-18 06:58:22,338 - INFO - Processing: ONGC.NS
2026-08-18 06:58:23,226 - INFO -   ONGC.NS: 1637 rows stored in DB
2026-08-18 06:58:23,226 - INFO - Processing: ^NSEI
2026-08-18 06:58:24,039 - INFO -   ^NSEI: 1693 rows stored in DB
2026-08-18 06:58:24,039 - INFO - Processing: ^NSEBANK
2026-08-18 06:58:24,826 - INFO -   ^NSEBANK: 1693 rows stored in DB
2026-08-18 06:58:24,826 - INFO - Processing: ^BSESN
2026-08-18 06:58:25,590 - INFO -   ^BSESN: 1678 rows stored in DB
2026-08-18 06:58:25,590 - INFO - Processing: ^NSEMDCP50
2026-08-18 06:58:26,372 - INFO -   ^NSEMDCP50: 1693 rows stored in DB
2026-08-18 06:58:26,372 - INFO - Processing: NIFTY_FIN_SERVICE.NS
2026-08-18 06:58:27,466 - INFO -   NIFTY_FIN_SERVICE.NS: 1693 rows stored in DB
2026-08-18 06:58:27,528 - INFO - README updated.
2026-08-18 06:58:27,528 - INFO - All done.
2026-08-18 07:45:33,670 - INFO - Processing 25 symbols
2026-08-18 07:45:33,670 - INFO - Processing: RELIANCE.NS
2026-08-18 07:45:34,671 - INFO -   RELIANCE.NS: 1683 rows stored in DB
2026-08-18 07:45:34,671 - INFO - Processing: HDFCBANK.NS
2026-08-18 07:45:35,565 - INFO -   HDFCBANK.NS: 1684 rows stored in DB
2026-08-18 07:45:35,565 - INFO - Processing: ICICIBANK.NS
2026-08-18 07:45:36,517 - INFO -   ICICIBANK.NS: 1683 rows stored in DB
2026-08-18 07:45:36,517 - INFO - Processing: INFY.NS
2026-08-18 07:45:37,463 - INFO -   INFY.NS: 1684 rows stored in DB
2026-08-18 07:45:37,463 - INFO - Processing: TCS.NS
2026-08-18 07:45:38,368 - INFO -   TCS.NS: 1683 rows stored in DB
2026-08-18 07:45:38,368 - INFO - Processing: ITC.NS
2026-08-18 07:45:39,249 - INFO -   ITC.NS: 1684 rows stored in DB
2026-08-18 07:45:39,249 - INFO - Processing: HINDUNILVR.NS
2026-08-18 07:45:40,214 - INFO -   HINDUNILVR.NS: 1683 rows stored in DB
2026-08-18 07:45:40,214 - INFO - Processing: SBIN.NS
2026-08-18 07:45:41,145 - INFO -   SBIN.NS: 1684 rows stored in DB
2026-08-18 07:45:41,145 - INFO - Processing: BHARTIARTL.NS
2026-08-18 07:45:42,065 - INFO -   BHARTIARTL.NS: 1682 rows stored in DB
2026-08-18 07:45:42,065 - INFO - Processing: KOTAKBANK.NS
2026-08-18 07:45:42,968 - INFO -   KOTAKBANK.NS: 1684 rows stored in DB
2026-08-18 07:45:42,968 - INFO - Processing: LT.NS
2026-08-18 07:45:43,853 - INFO -   LT.NS: 1683 rows stored in DB
2026-08-18 07:45:43,854 - INFO - Processing: AXISBANK.NS
2026-08-18 07:45:44,800 - INFO -   AXISBANK.NS: 1684 rows stored in DB
2026-08-18 07:45:44,800 - INFO - Processing: BAJFINANCE.NS
2026-08-18 07:45:45,695 - INFO -   BAJFINANCE.NS: 1683 rows stored in DB
2026-08-18 07:45:45,695 - INFO - Processing: ASIANPAINT.NS
2026-08-18 07:45:46,592 - INFO -   ASIANPAINT.NS: 1681 rows stored in DB
2026-08-18 07:45:46,592 - INFO - Processing: MARUTI.NS
2026-08-18 07:45:47,543 - INFO -   MARUTI.NS: 1682 rows stored in DB
2026-08-18 07:45:47,544 - INFO - Processing: SUNPHARMA.NS
2026-08-18 07:45:48,439 - INFO -   SUNPHARMA.NS: 1682 rows stored in DB
2026-08-18 07:45:48,439 - INFO - Processing: WIPRO.NS
2026-08-18 07:45:49,378 - INFO -   WIPRO.NS: 1683 rows stored in DB
2026-08-18 07:45:49,378 - INFO - Processing: POWERGRID.NS
2026-08-18 07:45:50,292 - INFO -   POWERGRID.NS: 1684 rows stored in DB
2026-08-18 07:45:50,292 - INFO - Processing: NTPC.NS
2026-08-18 07:45:51,210 - INFO -   NTPC.NS: 1684 rows stored in DB
2026-08-18 07:45:51,210 - INFO - Processing: ONGC.NS
2026-08-18 07:45:52,111 - INFO -   ONGC.NS: 1684 rows stored in DB
2026-08-18 07:45:52,111 - INFO - Processing: ^NSEI
2026-08-18 07:45:52,931 - INFO -   ^NSEI: 1740 rows stored in DB
2026-08-18 07:45:52,932 - INFO - Processing: ^NSEBANK
2026-08-18 07:45:53,764 - INFO -   ^NSEBANK: 1740 rows stored in DB
2026-08-18 07:45:53,765 - INFO - Processing: ^BSESN
2026-08-18 07:45:54,631 - INFO -   ^BSESN: 1725 rows stored in DB
2026-08-18 07:45:54,632 - INFO - Processing: ^NSEMDCP50
2026-08-18 07:45:55,470 - INFO -   ^NSEMDCP50: 1740 rows stored in DB
2026-08-18 07:45:55,470 - INFO - Processing: NIFTY_FIN_SERVICE.NS
2026-08-18 07:45:56,312 - INFO -   NIFTY_FIN_SERVICE.NS: 1740 rows stored in DB
2026-08-18 07:45:56,373 - INFO - README updated.
2026-08-18 07:45:56,373 - INFO - All done.
2026-08-18 08:16:57,779 - INFO - Processing 25 symbols
2026-08-18 08:16:57,780 - INFO - Processing: RELIANCE.NS
2026-08-18 08:16:58,663 - INFO -   RELIANCE.NS: 1714 rows stored in DB
2026-08-18 08:16:58,664 - INFO - Processing: HDFCBANK.NS
2026-08-18 08:16:59,437 - INFO -   HDFCBANK.NS: 1715 rows stored in DB
2026-08-18 08:16:59,437 - INFO - Processing: ICICIBANK.NS
2026-08-18 08:17:00,170 - INFO -   ICICIBANK.NS: 1714 rows stored in DB
2026-08-18 08:17:00,170 - INFO - Processing: INFY.NS
2026-08-18 08:17:00,911 - INFO -   INFY.NS: 1715 rows stored in DB
2026-08-18 08:17:00,911 - INFO - Processing: TCS.NS
2026-08-18 08:17:01,732 - INFO -   TCS.NS: 1714 rows stored in DB
2026-08-18 08:17:01,733 - INFO - Processing: ITC.NS
2026-08-18 08:17:02,508 - INFO -   ITC.NS: 1715 rows stored in DB
2026-08-18 08:17:02,509 - INFO - Processing: HINDUNILVR.NS
2026-08-18 08:17:03,270 - INFO -   HINDUNILVR.NS: 1714 rows stored in DB
2026-08-18 08:17:03,270 - INFO - Processing: SBIN.NS
2026-08-18 08:17:04,039 - INFO -   SBIN.NS: 1715 rows stored in DB
2026-08-18 08:17:04,039 - INFO - Processing: BHARTIARTL.NS
2026-08-18 08:17:04,776 - INFO -   BHARTIARTL.NS: 1714 rows stored in DB
2026-08-18 08:17:04,776 - INFO - Processing: KOTAKBANK.NS
2026-08-18 08:17:05,572 - INFO -   KOTAKBANK.NS: 1716 rows stored in DB
2026-08-18 08:17:05,573 - INFO - Processing: LT.NS
2026-08-18 08:17:06,307 - INFO -   LT.NS: 1715 rows stored in DB
2026-08-18 08:17:06,307 - INFO - Processing: AXISBANK.NS
2026-08-18 08:17:07,053 - INFO -   AXISBANK.NS: 1716 rows stored in DB
2026-08-18 08:17:07,053 - INFO - Processing: BAJFINANCE.NS
2026-08-18 08:17:07,888 - INFO -   BAJFINANCE.NS: 1715 rows stored in DB
2026-08-18 08:17:07,889 - INFO - Processing: ASIANPAINT.NS
2026-08-18 08:17:08,648 - INFO -   ASIANPAINT.NS: 1713 rows stored in DB
2026-08-18 08:17:08,648 - INFO - Processing: MARUTI.NS
2026-08-18 08:17:09,396 - INFO -   MARUTI.NS: 1714 rows stored in DB
2026-08-18 08:17:09,396 - INFO - Processing: SUNPHARMA.NS
2026-08-18 08:17:10,169 - INFO -   SUNPHARMA.NS: 1714 rows stored in DB
2026-08-18 08:17:10,170 - INFO - Processing: WIPRO.NS
2026-08-18 08:17:10,940 - INFO -   WIPRO.NS: 1715 rows stored in DB
2026-08-18 08:17:10,940 - INFO - Processing: POWERGRID.NS
2026-08-18 08:17:11,709 - INFO -   POWERGRID.NS: 1716 rows stored in DB
2026-08-18 08:17:11,710 - INFO - Processing: NTPC.NS
2026-08-18 08:17:12,592 - INFO -   NTPC.NS: 1716 rows stored in DB
2026-08-18 08:17:12,593 - INFO - Processing: ONGC.NS
2026-08-18 08:17:13,356 - INFO -   ONGC.NS: 1716 rows stored in DB
2026-08-18 08:17:13,356 - INFO - Processing: ^NSEI
2026-08-18 08:17:14,045 - INFO -   ^NSEI: 1772 rows stored in DB
2026-08-18 08:17:14,045 - INFO - Processing: ^NSEBANK
2026-08-18 08:17:14,734 - INFO -   ^NSEBANK: 1772 rows stored in DB
2026-08-18 08:17:14,734 - INFO - Processing: ^BSESN
2026-08-18 08:17:15,431 - INFO -   ^BSESN: 1757 rows stored in DB
2026-08-18 08:17:15,431 - INFO - Processing: ^NSEMDCP50
2026-08-18 08:17:16,081 - INFO -   ^NSEMDCP50: 1772 rows stored in DB
2026-08-18 08:17:16,081 - INFO - Processing: NIFTY_FIN_SERVICE.NS
2026-08-18 08:17:16,766 - INFO -   NIFTY_FIN_SERVICE.NS: 1772 rows stored in DB
2026-08-18 08:17:16,827 - INFO - README updated.
2026-08-18 08:17:16,827 - INFO - All done.
2026-08-18 08:57:38,027 - INFO - Processing 25 symbols
2026-08-18 08:57:38,027 - INFO - Processing: RELIANCE.NS
2026-08-18 08:57:39,175 - INFO -   RELIANCE.NS: 1755 rows stored in DB
2026-08-18 08:57:39,175 - INFO - Processing: HDFCBANK.NS
2026-08-18 08:57:39,958 - INFO -   HDFCBANK.NS: 1756 rows stored in DB
2026-08-18 08:57:39,958 - INFO - Processing: ICICIBANK.NS
2026-08-18 08:57:40,723 - INFO -   ICICIBANK.NS: 1755 rows stored in DB
2026-08-18 08:57:40,723 - INFO - Processing: INFY.NS
2026-08-18 08:57:41,486 - INFO -   INFY.NS: 1756 rows stored in DB
2026-08-18 08:57:41,486 - INFO - Processing: TCS.NS
2026-08-18 08:57:42,284 - INFO -   TCS.NS: 1755 rows stored in DB
2026-08-18 08:57:42,284 - INFO - Processing: ITC.NS
2026-08-18 08:57:43,062 - INFO -   ITC.NS: 1756 rows stored in DB
2026-08-18 08:57:43,062 - INFO - Processing: HINDUNILVR.NS
2026-08-18 08:57:43,830 - INFO -   HINDUNILVR.NS: 1755 rows stored in DB
2026-08-18 08:57:43,830 - INFO - Processing: SBIN.NS
2026-08-18 08:57:44,628 - INFO -   SBIN.NS: 1756 rows stored in DB
2026-08-18 08:57:44,628 - INFO - Processing: BHARTIARTL.NS
2026-08-18 08:57:45,388 - INFO -   BHARTIARTL.NS: 1754 rows stored in DB
2026-08-18 08:57:45,388 - INFO - Processing: KOTAKBANK.NS
2026-08-18 08:57:46,224 - INFO -   KOTAKBANK.NS: 1756 rows stored in DB
2026-08-18 08:57:46,224 - INFO - Processing: LT.NS
2026-08-18 08:57:46,993 - INFO -   LT.NS: 1755 rows stored in DB
2026-08-18 08:57:46,993 - INFO - Processing: AXISBANK.NS
2026-08-18 08:57:47,762 - INFO -   AXISBANK.NS: 1756 rows stored in DB
2026-08-18 08:57:47,762 - INFO - Processing: BAJFINANCE.NS
2026-08-18 08:57:48,539 - INFO -   BAJFINANCE.NS: 1755 rows stored in DB
2026-08-18 08:57:48,539 - INFO - Processing: ASIANPAINT.NS
2026-08-18 08:57:49,307 - INFO -   ASIANPAINT.NS: 1753 rows stored in DB
2026-08-18 08:57:49,307 - INFO - Processing: MARUTI.NS
2026-08-18 08:57:50,115 - INFO -   MARUTI.NS: 1754 rows stored in DB
2026-08-18 08:57:50,115 - INFO - Processing: SUNPHARMA.NS
2026-08-18 08:57:50,883 - INFO -   SUNPHARMA.NS: 1754 rows stored in DB
2026-08-18 08:57:50,883 - INFO - Processing: WIPRO.NS
2026-08-18 08:57:51,673 - INFO -   WIPRO.NS: 1755 rows stored in DB
2026-08-18 08:57:51,674 - INFO - Processing: POWERGRID.NS
2026-08-18 08:57:52,411 - INFO -   POWERGRID.NS: 1756 rows stored in DB
2026-08-18 08:57:52,412 - INFO - Processing: NTPC.NS
2026-08-18 08:57:53,209 - INFO -   NTPC.NS: 1756 rows stored in DB
2026-08-18 08:57:53,209 - INFO - Processing: ONGC.NS
2026-08-18 08:57:54,007 - INFO -   ONGC.NS: 1756 rows stored in DB
2026-08-18 08:57:54,007 - INFO - Processing: ^NSEI
2026-08-18 08:57:54,734 - INFO -   ^NSEI: 1812 rows stored in DB
2026-08-18 08:57:54,734 - INFO - Processing: ^NSEBANK
2026-08-18 08:57:55,433 - INFO -   ^NSEBANK: 1812 rows stored in DB
2026-08-18 08:57:55,433 - INFO - Processing: ^BSESN
2026-08-18 08:57:56,151 - INFO -   ^BSESN: 1797 rows stored in DB
2026-08-18 08:57:56,151 - INFO - Processing: ^NSEMDCP50
2026-08-18 08:57:56,891 - INFO -   ^NSEMDCP50: 1812 rows stored in DB
2026-08-18 08:57:56,891 - INFO - Processing: NIFTY_FIN_SERVICE.NS
2026-08-18 08:57:57,593 - INFO -   NIFTY_FIN_SERVICE.NS: 1812 rows stored in DB
2026-08-18 08:57:57,639 - INFO - README updated.
2026-08-18 08:57:57,639 - INFO - All done.
2026-08-18 09:40:07,271 - INFO - Processing 25 symbols
2026-08-18 09:40:07,271 - INFO - Processing: RELIANCE.NS
2026-08-18 09:40:09,722 - INFO -   RELIANCE.NS: 1798 rows stored in DB
2026-08-18 09:40:09,723 - INFO - Processing: HDFCBANK.NS
2026-08-18 09:40:10,696 - INFO -   HDFCBANK.NS: 1799 rows stored in DB
2026-08-18 09:40:10,696 - INFO - Processing: ICICIBANK.NS
2026-08-18 09:40:11,645 - INFO -   ICICIBANK.NS: 1798 rows stored in DB
2026-08-18 09:40:11,645 - INFO - Processing: INFY.NS
2026-08-18 09:40:12,988 - INFO -   INFY.NS: 1799 rows stored in DB
2026-08-18 09:40:12,988 - INFO - Processing: TCS.NS
2026-08-18 09:40:14,225 - INFO -   TCS.NS: 1798 rows stored in DB
2026-08-18 09:40:14,225 - INFO - Processing: ITC.NS
2026-08-18 09:40:15,550 - INFO -   ITC.NS: 1799 rows stored in DB
2026-08-18 09:40:15,550 - INFO - Processing: HINDUNILVR.NS
2026-08-18 09:40:16,983 - INFO -   HINDUNILVR.NS: 1798 rows stored in DB
2026-08-18 09:40:16,983 - INFO - Processing: SBIN.NS
2026-08-18 09:40:17,938 - INFO -   SBIN.NS: 1799 rows stored in DB
2026-08-18 09:40:17,939 - INFO - Processing: BHARTIARTL.NS
2026-08-18 09:40:19,244 - INFO -   BHARTIARTL.NS: 1797 rows stored in DB
2026-08-18 09:40:19,244 - INFO - Processing: KOTAKBANK.NS
2026-08-18 09:40:20,335 - INFO -   KOTAKBANK.NS: 1799 rows stored in DB
2026-08-18 09:40:20,335 - INFO - Processing: LT.NS
2026-08-18 09:40:21,503 - INFO -   LT.NS: 1798 rows stored in DB
2026-08-18 09:40:21,503 - INFO - Processing: AXISBANK.NS
2026-08-18 09:40:22,293 - INFO -   AXISBANK.NS: 1799 rows stored in DB
2026-08-18 09:40:22,293 - INFO - Processing: BAJFINANCE.NS
2026-08-18 09:40:23,243 - INFO -   BAJFINANCE.NS: 1798 rows stored in DB
2026-08-18 09:40:23,243 - INFO - Processing: ASIANPAINT.NS
2026-08-18 09:40:24,567 - INFO -   ASIANPAINT.NS: 1796 rows stored in DB
2026-08-18 09:40:24,567 - INFO - Processing: MARUTI.NS
2026-08-18 09:40:25,544 - INFO -   MARUTI.NS: 1797 rows stored in DB
2026-08-18 09:40:25,544 - INFO - Processing: SUNPHARMA.NS
2026-08-18 09:40:26,554 - INFO -   SUNPHARMA.NS: 1797 rows stored in DB
2026-08-18 09:40:26,554 - INFO - Processing: WIPRO.NS
2026-08-18 09:40:27,745 - INFO -   WIPRO.NS: 1798 rows stored in DB
2026-08-18 09:40:27,745 - INFO - Processing: POWERGRID.NS
2026-08-18 09:40:28,818 - INFO -   POWERGRID.NS: 1799 rows stored in DB
2026-08-18 09:40:28,818 - INFO - Processing: NTPC.NS
2026-08-18 09:40:29,743 - INFO -   NTPC.NS: 1799 rows stored in DB
2026-08-18 09:40:29,743 - INFO - Processing: ONGC.NS
2026-08-18 09:40:30,858 - INFO -   ONGC.NS: 1799 rows stored in DB
2026-08-18 09:40:30,859 - INFO - Processing: ^NSEI
2026-08-18 09:40:31,943 - INFO -   ^NSEI: 1855 rows stored in DB
2026-08-18 09:40:31,944 - INFO - Processing: ^NSEBANK
2026-08-18 09:40:32,901 - INFO -   ^NSEBANK: 1855 rows stored in DB
2026-08-18 09:40:32,901 - INFO - Processing: ^BSESN
2026-08-18 09:40:34,095 - INFO -   ^BSESN: 1840 rows stored in DB
2026-08-18 09:40:34,095 - INFO - Processing: ^NSEMDCP50
2026-08-18 09:40:35,043 - INFO -   ^NSEMDCP50: 1855 rows stored in DB
2026-08-18 09:40:35,043 - INFO - Processing: NIFTY_FIN_SERVICE.NS
2026-08-18 09:40:36,026 - INFO -   NIFTY_FIN_SERVICE.NS: 1855 rows stored in DB
2026-08-18 09:40:36,065 - INFO - README updated.
2026-08-18 09:40:36,065 - INFO - All done.
2026-08-18 10:03:49,106 - INFO - Processing 25 symbols
2026-08-18 10:03:49,106 - INFO - Processing: RELIANCE.NS
2026-08-18 10:03:50,562 - INFO -   RELIANCE.NS: 1802 rows stored in DB
2026-08-18 10:03:50,563 - INFO - Processing: HDFCBANK.NS
2026-08-18 10:03:51,353 - INFO -   HDFCBANK.NS: 1803 rows stored in DB
2026-08-18 10:03:51,353 - INFO - Processing: ICICIBANK.NS
2026-08-18 10:03:52,131 - INFO -   ICICIBANK.NS: 1802 rows stored in DB
2026-08-18 10:03:52,131 - INFO - Processing: INFY.NS
2026-08-18 10:03:52,895 - INFO -   INFY.NS: 1803 rows stored in DB
2026-08-18 10:03:52,895 - INFO - Processing: TCS.NS
2026-08-18 10:03:53,719 - INFO -   TCS.NS: 1802 rows stored in DB
2026-08-18 10:03:53,719 - INFO - Processing: ITC.NS
2026-08-18 10:03:54,512 - INFO -   ITC.NS: 1803 rows stored in DB
2026-08-18 10:03:54,513 - INFO - Processing: HINDUNILVR.NS
2026-08-18 10:03:55,263 - INFO -   HINDUNILVR.NS: 1802 rows stored in DB
2026-08-18 10:03:55,263 - INFO - Processing: SBIN.NS
2026-08-18 10:03:56,061 - INFO -   SBIN.NS: 1803 rows stored in DB
2026-08-18 10:03:56,061 - INFO - Processing: BHARTIARTL.NS
2026-08-18 10:03:56,797 - INFO -   BHARTIARTL.NS: 1801 rows stored in DB
2026-08-18 10:03:56,797 - INFO - Processing: KOTAKBANK.NS
2026-08-18 10:03:57,579 - INFO -   KOTAKBANK.NS: 1803 rows stored in DB
2026-08-18 10:03:57,579 - INFO - Processing: LT.NS
2026-08-18 10:03:58,356 - INFO -   LT.NS: 1802 rows stored in DB
2026-08-18 10:03:58,356 - INFO - Processing: AXISBANK.NS
2026-08-18 10:03:59,172 - INFO -   AXISBANK.NS: 1803 rows stored in DB
2026-08-18 10:03:59,172 - INFO - Processing: BAJFINANCE.NS
2026-08-18 10:03:59,979 - INFO -   BAJFINANCE.NS: 1802 rows stored in DB
2026-08-18 10:03:59,980 - INFO - Processing: ASIANPAINT.NS
2026-08-18 10:04:00,775 - INFO -   ASIANPAINT.NS: 1800 rows stored in DB
2026-08-18 10:04:00,775 - INFO - Processing: MARUTI.NS
2026-08-18 10:04:01,555 - INFO -   MARUTI.NS: 1801 rows stored in DB
2026-08-18 10:04:01,556 - INFO - Processing: SUNPHARMA.NS
2026-08-18 10:04:02,309 - INFO -   SUNPHARMA.NS: 1801 rows stored in DB
2026-08-18 10:04:02,309 - INFO - Processing: WIPRO.NS
2026-08-18 10:04:03,098 - INFO -   WIPRO.NS: 1802 rows stored in DB
2026-08-18 10:04:03,098 - INFO - Processing: POWERGRID.NS
2026-08-18 10:04:03,870 - INFO -   POWERGRID.NS: 1803 rows stored in DB
2026-08-18 10:04:03,870 - INFO - Processing: NTPC.NS
2026-08-18 10:04:04,675 - INFO -   NTPC.NS: 1803 rows stored in DB
2026-08-18 10:04:04,675 - INFO - Processing: ONGC.NS
2026-08-18 10:04:05,508 - INFO -   ONGC.NS: 1803 rows stored in DB
2026-08-18 10:04:05,509 - INFO - Processing: ^NSEI
2026-08-18 10:04:06,236 - INFO -   ^NSEI: 1874 rows stored in DB
2026-08-18 10:04:06,236 - INFO - Processing: ^NSEBANK
2026-08-18 10:04:06,989 - INFO -   ^NSEBANK: 1874 rows stored in DB
2026-08-18 10:04:06,989 - INFO - Processing: ^BSESN
2026-08-18 10:04:07,769 - INFO -   ^BSESN: 1863 rows stored in DB
2026-08-18 10:04:07,769 - INFO - Processing: ^NSEMDCP50
2026-08-18 10:04:08,573 - INFO -   ^NSEMDCP50: 1874 rows stored in DB
2026-08-18 10:04:08,573 - INFO - Processing: NIFTY_FIN_SERVICE.NS
2026-08-18 10:04:09,263 - INFO -   NIFTY_FIN_SERVICE.NS: 1874 rows stored in DB
2026-08-18 10:04:09,321 - INFO - README updated.
2026-08-18 10:04:09,321 - INFO - All done.
2026-08-18 10:41:48,082 - INFO - Processing 25 symbols
2026-08-18 10:41:48,082 - INFO - Processing: RELIANCE.NS
2026-08-18 10:41:49,632 - INFO -   RELIANCE.NS: 1803 rows stored in DB
2026-08-18 10:41:49,632 - INFO - Processing: HDFCBANK.NS
2026-08-18 10:41:50,650 - INFO -   HDFCBANK.NS: 1804 rows stored in DB
2026-08-18 10:41:50,650 - INFO - Processing: ICICIBANK.NS
2026-08-18 10:41:51,585 - INFO -   ICICIBANK.NS: 1803 rows stored in DB
2026-08-18 10:41:51,585 - INFO - Processing: INFY.NS
2026-08-18 10:41:52,551 - INFO -   INFY.NS: 1804 rows stored in DB
2026-08-18 10:41:52,551 - INFO - Processing: TCS.NS
2026-08-18 10:41:53,516 - INFO -   TCS.NS: 1803 rows stored in DB
2026-08-18 10:41:53,516 - INFO - Processing: ITC.NS
2026-08-18 10:41:54,538 - INFO -   ITC.NS: 1804 rows stored in DB
2026-08-18 10:41:54,538 - INFO - Processing: HINDUNILVR.NS
2026-08-18 10:41:55,477 - INFO -   HINDUNILVR.NS: 1803 rows stored in DB
2026-08-18 10:41:55,477 - INFO - Processing: SBIN.NS
2026-08-18 10:41:56,422 - INFO -   SBIN.NS: 1804 rows stored in DB
2026-08-18 10:41:56,422 - INFO - Processing: BHARTIARTL.NS
2026-08-18 10:41:57,366 - INFO -   BHARTIARTL.NS: 1802 rows stored in DB
2026-08-18 10:41:57,367 - INFO - Processing: KOTAKBANK.NS
2026-08-18 10:41:58,304 - INFO -   KOTAKBANK.NS: 1804 rows stored in DB
2026-08-18 10:41:58,304 - INFO - Processing: LT.NS
2026-08-18 10:41:59,233 - INFO -   LT.NS: 1803 rows stored in DB
2026-08-18 10:41:59,233 - INFO - Processing: AXISBANK.NS
2026-08-18 10:42:00,201 - INFO -   AXISBANK.NS: 1804 rows stored in DB
2026-08-18 10:42:00,201 - INFO - Processing: BAJFINANCE.NS
2026-08-18 10:42:01,211 - INFO -   BAJFINANCE.NS: 1803 rows stored in DB
2026-08-18 10:42:01,211 - INFO - Processing: ASIANPAINT.NS
2026-08-18 10:42:02,309 - INFO -   ASIANPAINT.NS: 1801 rows stored in DB
2026-08-18 10:42:02,309 - INFO - Processing: MARUTI.NS
2026-08-18 10:42:03,243 - INFO -   MARUTI.NS: 1802 rows stored in DB
2026-08-18 10:42:03,243 - INFO - Processing: SUNPHARMA.NS
2026-08-18 10:42:04,220 - INFO -   SUNPHARMA.NS: 1802 rows stored in DB
2026-08-18 10:42:04,221 - INFO - Processing: WIPRO.NS
2026-08-18 10:42:05,173 - INFO -   WIPRO.NS: 1803 rows stored in DB
2026-08-18 10:42:05,173 - INFO - Processing: POWERGRID.NS
2026-08-18 10:42:06,120 - INFO -   POWERGRID.NS: 1804 rows stored in DB
2026-08-18 10:42:06,120 - INFO - Processing: NTPC.NS
2026-08-18 10:42:07,071 - INFO -   NTPC.NS: 1804 rows stored in DB
2026-08-18 10:42:07,071 - INFO - Processing: ONGC.NS
2026-08-18 10:42:08,048 - INFO -   ONGC.NS: 1804 rows stored in DB
2026-08-18 10:42:08,048 - INFO - Processing: ^NSEI
2026-08-18 10:42:09,014 - INFO -   ^NSEI: 1874 rows stored in DB
2026-08-18 10:42:09,014 - INFO - Processing: ^NSEBANK
2026-08-18 10:42:09,856 - INFO -   ^NSEBANK: 1874 rows stored in DB
2026-08-18 10:42:09,856 - INFO - Processing: ^BSESN
2026-08-18 10:42:11,349 - INFO -   ^BSESN: 1874 rows stored in DB
2026-08-18 10:42:11,349 - INFO - Processing: ^NSEMDCP50
2026-08-18 10:42:12,245 - INFO -   ^NSEMDCP50: 1874 rows stored in DB
2026-08-18 10:42:12,245 - INFO - Processing: NIFTY_FIN_SERVICE.NS
2026-08-18 10:42:13,168 - INFO -   NIFTY_FIN_SERVICE.NS: 1874 rows stored in DB
2026-08-18 10:42:13,230 - INFO - README updated.
2026-08-18 10:42:13,231 - INFO - All done.
2026-08-18 11:03:27,908 - INFO - Processing 25 symbols
2026-08-18 11:03:27,908 - INFO - Processing: RELIANCE.NS
2026-08-18 11:03:28,925 - INFO -   RELIANCE.NS: 1803 rows stored in DB
2026-08-18 11:03:28,926 - INFO - Processing: HDFCBANK.NS
2026-08-18 11:03:29,703 - INFO -   HDFCBANK.NS: 1804 rows stored in DB
2026-08-18 11:03:29,703 - INFO - Processing: ICICIBANK.NS
2026-08-18 11:03:30,491 - INFO -   ICICIBANK.NS: 1803 rows stored in DB
2026-08-18 11:03:30,492 - INFO - Processing: INFY.NS
2026-08-18 11:03:31,307 - INFO -   INFY.NS: 1804 rows stored in DB
2026-08-18 11:03:31,307 - INFO - Processing: TCS.NS
2026-08-18 11:03:32,112 - INFO -   TCS.NS: 1803 rows stored in DB
2026-08-18 11:03:32,113 - INFO - Processing: ITC.NS
2026-08-18 11:03:32,890 - INFO -   ITC.NS: 1804 rows stored in DB
2026-08-18 11:03:32,890 - INFO - Processing: HINDUNILVR.NS
2026-08-18 11:03:33,663 - INFO -   HINDUNILVR.NS: 1803 rows stored in DB
2026-08-18 11:03:33,663 - INFO - Processing: SBIN.NS
2026-08-18 11:03:34,438 - INFO -   SBIN.NS: 1804 rows stored in DB
2026-08-18 11:03:34,438 - INFO - Processing: BHARTIARTL.NS
2026-08-18 11:03:35,195 - INFO -   BHARTIARTL.NS: 1802 rows stored in DB
2026-08-18 11:03:35,195 - INFO - Processing: KOTAKBANK.NS
2026-08-18 11:03:36,630 - INFO -   KOTAKBANK.NS: 1804 rows stored in DB
2026-08-18 11:03:36,630 - INFO - Processing: LT.NS
2026-08-18 11:03:37,421 - INFO -   LT.NS: 1803 rows stored in DB
2026-08-18 11:03:37,422 - INFO - Processing: AXISBANK.NS
2026-08-18 11:03:38,242 - INFO -   AXISBANK.NS: 1804 rows stored in DB
2026-08-18 11:03:38,242 - INFO - Processing: BAJFINANCE.NS
2026-08-18 11:03:39,048 - INFO -   BAJFINANCE.NS: 1803 rows stored in DB
2026-08-18 11:03:39,048 - INFO - Processing: ASIANPAINT.NS
2026-08-18 11:03:39,867 - INFO -   ASIANPAINT.NS: 1801 rows stored in DB
2026-08-18 11:03:39,867 - INFO - Processing: MARUTI.NS
2026-08-18 11:03:40,646 - INFO -   MARUTI.NS: 1802 rows stored in DB
2026-08-18 11:03:40,646 - INFO - Processing: SUNPHARMA.NS
2026-08-18 11:03:41,425 - INFO -   SUNPHARMA.NS: 1802 rows stored in DB
2026-08-18 11:03:41,426 - INFO - Processing: WIPRO.NS
2026-08-18 11:03:42,206 - INFO -   WIPRO.NS: 1803 rows stored in DB
2026-08-18 11:03:42,206 - INFO - Processing: POWERGRID.NS
2026-08-18 11:03:42,982 - INFO -   POWERGRID.NS: 1804 rows stored in DB
2026-08-18 11:03:42,982 - INFO - Processing: NTPC.NS
2026-08-18 11:03:43,768 - INFO -   NTPC.NS: 1804 rows stored in DB
2026-08-18 11:03:43,768 - INFO - Processing: ONGC.NS
2026-08-18 11:03:44,578 - INFO -   ONGC.NS: 1804 rows stored in DB
2026-08-18 11:03:44,578 - INFO - Processing: ^NSEI
2026-08-18 11:03:45,311 - INFO -   ^NSEI: 1874 rows stored in DB
2026-08-18 11:03:45,311 - INFO - Processing: ^NSEBANK
2026-08-18 11:03:46,013 - INFO -   ^NSEBANK: 1874 rows stored in DB
2026-08-18 11:03:46,013 - INFO - Processing: ^BSESN
2026-08-18 11:03:46,746 - INFO -   ^BSESN: 1874 rows stored in DB
2026-08-18 11:03:46,746 - INFO - Processing: ^NSEMDCP50
2026-08-18 11:03:47,490 - INFO -   ^NSEMDCP50: 1874 rows stored in DB
2026-08-18 11:03:47,490 - INFO - Processing: NIFTY_FIN_SERVICE.NS
2026-08-18 11:03:48,198 - INFO -   NIFTY_FIN_SERVICE.NS: 1874 rows stored in DB
2026-08-18 11:03:48,256 - INFO - README updated.
2026-08-18 11:03:48,256 - INFO - All done.
2026-08-19 04:22:35,049 - INFO - Processing 25 symbols
2026-08-19 04:22:35,049 - INFO - Processing: RELIANCE.NS
2026-08-19 04:22:35,802 - INFO -   RELIANCE.NS: 1480 rows stored in DB
2026-08-19 04:22:35,802 - INFO - Processing: HDFCBANK.NS
2026-08-19 04:22:36,454 - INFO -   HDFCBANK.NS: 1481 rows stored in DB
2026-08-19 04:22:36,454 - INFO - Processing: ICICIBANK.NS
2026-08-19 04:22:37,085 - INFO -   ICICIBANK.NS: 1480 rows stored in DB
2026-08-19 04:22:37,085 - INFO - Processing: INFY.NS
2026-08-19 04:22:37,733 - INFO -   INFY.NS: 1481 rows stored in DB
2026-08-19 04:22:37,733 - INFO - Processing: TCS.NS
2026-08-19 04:22:38,462 - INFO -   TCS.NS: 1480 rows stored in DB
2026-08-19 04:22:38,462 - INFO - Processing: ITC.NS
2026-08-19 04:22:39,121 - INFO -   ITC.NS: 1481 rows stored in DB
2026-08-19 04:22:39,122 - INFO - Processing: HINDUNILVR.NS
2026-08-19 04:22:39,780 - INFO -   HINDUNILVR.NS: 1480 rows stored in DB
2026-08-19 04:22:39,781 - INFO - Processing: SBIN.NS
2026-08-19 04:22:40,425 - INFO -   SBIN.NS: 1481 rows stored in DB
2026-08-19 04:22:40,425 - INFO - Processing: BHARTIARTL.NS
2026-08-19 04:22:41,088 - INFO -   BHARTIARTL.NS: 1479 rows stored in DB
2026-08-19 04:22:41,088 - INFO - Processing: KOTAKBANK.NS
2026-08-19 04:22:41,730 - INFO -   KOTAKBANK.NS: 1481 rows stored in DB
2026-08-19 04:22:41,730 - INFO - Processing: LT.NS
2026-08-19 04:22:42,364 - INFO -   LT.NS: 1480 rows stored in DB
2026-08-19 04:22:42,364 - INFO - Processing: AXISBANK.NS
2026-08-19 04:22:43,045 - INFO -   AXISBANK.NS: 1481 rows stored in DB
2026-08-19 04:22:43,046 - INFO - Processing: BAJFINANCE.NS
2026-08-19 04:22:43,702 - INFO -   BAJFINANCE.NS: 1480 rows stored in DB
2026-08-19 04:22:43,702 - INFO - Processing: ASIANPAINT.NS
2026-08-19 04:22:44,411 - INFO -   ASIANPAINT.NS: 1479 rows stored in DB
2026-08-19 04:22:44,411 - INFO - Processing: MARUTI.NS
2026-08-19 04:22:45,040 - INFO -   MARUTI.NS: 1479 rows stored in DB
2026-08-19 04:22:45,040 - INFO - Processing: SUNPHARMA.NS
2026-08-19 04:22:45,777 - INFO -   SUNPHARMA.NS: 1480 rows stored in DB
2026-08-19 04:22:45,778 - INFO - Processing: WIPRO.NS
2026-08-19 04:22:46,443 - INFO -   WIPRO.NS: 1480 rows stored in DB
2026-08-19 04:22:46,443 - INFO - Processing: POWERGRID.NS
2026-08-19 04:22:47,111 - INFO -   POWERGRID.NS: 1481 rows stored in DB
2026-08-19 04:22:47,111 - INFO - Processing: NTPC.NS
2026-08-19 04:22:47,752 - INFO -   NTPC.NS: 1481 rows stored in DB
2026-08-19 04:22:47,752 - INFO - Processing: ONGC.NS
2026-08-19 04:22:48,420 - INFO -   ONGC.NS: 1481 rows stored in DB
2026-08-19 04:22:48,420 - INFO - Processing: ^NSEI
2026-08-19 04:22:49,030 - INFO -   ^NSEI: 1537 rows stored in DB
2026-08-19 04:22:49,031 - INFO - Processing: ^NSEBANK
2026-08-19 04:22:49,617 - INFO -   ^NSEBANK: 1537 rows stored in DB
2026-08-19 04:22:49,617 - INFO - Processing: ^BSESN
2026-08-19 04:22:50,219 - INFO -   ^BSESN: 1522 rows stored in DB
2026-08-19 04:22:50,220 - INFO - Processing: ^NSEMDCP50
2026-08-19 04:22:50,831 - INFO -   ^NSEMDCP50: 1537 rows stored in DB
2026-08-19 04:22:50,831 - INFO - Processing: NIFTY_FIN_SERVICE.NS
2026-08-19 04:22:51,417 - INFO -   NIFTY_FIN_SERVICE.NS: 1537 rows stored in DB
2026-08-19 04:22:51,475 - INFO - README updated.
2026-08-19 04:22:51,475 - INFO - All done.
2026-08-19 05:00:33,782 - INFO - Processing 25 symbols
2026-08-19 05:00:33,783 - INFO - Processing: RELIANCE.NS
2026-08-19 05:00:35,259 - INFO -   RELIANCE.NS: 1518 rows stored in DB
2026-08-19 05:00:35,259 - INFO - Processing: HDFCBANK.NS
2026-08-19 05:00:35,991 - INFO -   HDFCBANK.NS: 1519 rows stored in DB
2026-08-19 05:00:35,991 - INFO - Processing: ICICIBANK.NS
2026-08-19 05:00:36,694 - INFO -   ICICIBANK.NS: 1518 rows stored in DB
2026-08-19 05:00:36,694 - INFO - Processing: INFY.NS
2026-08-19 05:00:37,515 - INFO -   INFY.NS: 1519 rows stored in DB
2026-08-19 05:00:37,515 - INFO - Processing: TCS.NS
2026-08-19 05:00:38,465 - INFO -   TCS.NS: 1518 rows stored in DB
2026-08-19 05:00:38,465 - INFO - Processing: ITC.NS
2026-08-19 05:00:39,193 - INFO -   ITC.NS: 1519 rows stored in DB
2026-08-19 05:00:39,193 - INFO - Processing: HINDUNILVR.NS
2026-08-19 05:00:39,922 - INFO -   HINDUNILVR.NS: 1518 rows stored in DB
2026-08-19 05:00:39,922 - INFO - Processing: SBIN.NS
2026-08-19 05:00:40,717 - INFO -   SBIN.NS: 1519 rows stored in DB
2026-08-19 05:00:40,717 - INFO - Processing: BHARTIARTL.NS
2026-08-19 05:00:41,912 - INFO -   BHARTIARTL.NS: 1517 rows stored in DB
2026-08-19 05:00:41,913 - INFO - Processing: KOTAKBANK.NS
2026-08-19 05:00:43,295 - INFO -   KOTAKBANK.NS: 1519 rows stored in DB
2026-08-19 05:00:43,296 - INFO - Processing: LT.NS
2026-08-19 05:00:44,945 - INFO -   LT.NS: 1518 rows stored in DB
2026-08-19 05:00:44,945 - INFO - Processing: AXISBANK.NS
2026-08-19 05:00:45,933 - INFO -   AXISBANK.NS: 1519 rows stored in DB
2026-08-19 05:00:45,933 - INFO - Processing: BAJFINANCE.NS
2026-08-19 05:00:46,582 - INFO -   BAJFINANCE.NS: 1518 rows stored in DB
2026-08-19 05:00:46,582 - INFO - Processing: ASIANPAINT.NS
2026-08-19 05:00:47,232 - INFO -   ASIANPAINT.NS: 1517 rows stored in DB
2026-08-19 05:00:47,232 - INFO - Processing: MARUTI.NS
2026-08-19 05:00:47,941 - INFO -   MARUTI.NS: 1517 rows stored in DB
2026-08-19 05:00:47,941 - INFO - Processing: SUNPHARMA.NS
2026-08-19 05:00:48,681 - INFO -   SUNPHARMA.NS: 1518 rows stored in DB
2026-08-19 05:00:48,681 - INFO - Processing: WIPRO.NS
2026-08-19 05:00:49,402 - INFO -   WIPRO.NS: 1518 rows stored in DB
2026-08-19 05:00:49,402 - INFO - Processing: POWERGRID.NS
2026-08-19 05:00:50,146 - INFO -   POWERGRID.NS: 1519 rows stored in DB
2026-08-19 05:00:50,146 - INFO - Processing: NTPC.NS
2026-08-19 05:00:50,829 - INFO -   NTPC.NS: 1519 rows stored in DB
2026-08-19 05:00:50,829 - INFO - Processing: ONGC.NS
2026-08-19 05:00:51,497 - INFO -   ONGC.NS: 1519 rows stored in DB
2026-08-19 05:00:51,497 - INFO - Processing: ^NSEI
2026-08-19 05:00:52,136 - INFO -   ^NSEI: 1575 rows stored in DB
2026-08-19 05:00:52,136 - INFO - Processing: ^NSEBANK
2026-08-19 05:00:52,722 - INFO -   ^NSEBANK: 1575 rows stored in DB
2026-08-19 05:00:52,723 - INFO - Processing: ^BSESN
2026-08-19 05:00:53,346 - INFO -   ^BSESN: 1560 rows stored in DB
2026-08-19 05:00:53,346 - INFO - Processing: ^NSEMDCP50
2026-08-19 05:00:54,022 - INFO -   ^NSEMDCP50: 1575 rows stored in DB
2026-08-19 05:00:54,023 - INFO - Processing: NIFTY_FIN_SERVICE.NS
2026-08-19 05:00:54,622 - INFO -   NIFTY_FIN_SERVICE.NS: 1575 rows stored in DB
2026-08-19 05:00:54,673 - INFO - README updated.
2026-08-19 05:00:54,674 - INFO - All done.
2026-08-19 05:39:07,328 - INFO - Processing 25 symbols
2026-08-19 05:39:07,328 - INFO - Processing: RELIANCE.NS
2026-08-19 05:39:08,290 - INFO -   RELIANCE.NS: 1557 rows stored in DB
2026-08-19 05:39:08,290 - INFO - Processing: HDFCBANK.NS
2026-08-19 05:39:09,118 - INFO -   HDFCBANK.NS: 1558 rows stored in DB
2026-08-19 05:39:09,119 - INFO - Processing: ICICIBANK.NS
2026-08-19 05:39:09,924 - INFO -   ICICIBANK.NS: 1557 rows stored in DB
2026-08-19 05:39:09,924 - INFO - Processing: INFY.NS
2026-08-19 05:39:10,736 - INFO -   INFY.NS: 1558 rows stored in DB
2026-08-19 05:39:10,736 - INFO - Processing: TCS.NS
2026-08-19 05:39:11,572 - INFO -   TCS.NS: 1557 rows stored in DB
2026-08-19 05:39:11,572 - INFO - Processing: ITC.NS
2026-08-19 05:39:12,413 - INFO -   ITC.NS: 1558 rows stored in DB
2026-08-19 05:39:12,413 - INFO - Processing: HINDUNILVR.NS
2026-08-19 05:39:13,235 - INFO -   HINDUNILVR.NS: 1557 rows stored in DB
2026-08-19 05:39:13,235 - INFO - Processing: SBIN.NS
2026-08-19 05:39:14,057 - INFO -   SBIN.NS: 1558 rows stored in DB
2026-08-19 05:39:14,057 - INFO - Processing: BHARTIARTL.NS
2026-08-19 05:39:14,891 - INFO -   BHARTIARTL.NS: 1556 rows stored in DB
2026-08-19 05:39:14,891 - INFO - Processing: KOTAKBANK.NS
2026-08-19 05:39:15,718 - INFO -   KOTAKBANK.NS: 1558 rows stored in DB
2026-08-19 05:39:15,718 - INFO - Processing: LT.NS
2026-08-19 05:39:16,543 - INFO -   LT.NS: 1557 rows stored in DB
2026-08-19 05:39:16,543 - INFO - Processing: AXISBANK.NS
2026-08-19 05:39:17,372 - INFO -   AXISBANK.NS: 1558 rows stored in DB
2026-08-19 05:39:17,372 - INFO - Processing: BAJFINANCE.NS
2026-08-19 05:39:18,198 - INFO -   BAJFINANCE.NS: 1557 rows stored in DB
2026-08-19 05:39:18,198 - INFO - Processing: ASIANPAINT.NS
2026-08-19 05:39:19,038 - INFO -   ASIANPAINT.NS: 1556 rows stored in DB
2026-08-19 05:39:19,039 - INFO - Processing: MARUTI.NS
2026-08-19 05:39:19,856 - INFO -   MARUTI.NS: 1556 rows stored in DB
2026-08-19 05:39:19,856 - INFO - Processing: SUNPHARMA.NS
2026-08-19 05:39:20,678 - INFO -   SUNPHARMA.NS: 1557 rows stored in DB
2026-08-19 05:39:20,678 - INFO - Processing: WIPRO.NS
2026-08-19 05:39:21,491 - INFO -   WIPRO.NS: 1557 rows stored in DB
2026-08-19 05:39:21,491 - INFO - Processing: POWERGRID.NS
2026-08-19 05:39:22,318 - INFO -   POWERGRID.NS: 1558 rows stored in DB
2026-08-19 05:39:22,318 - INFO - Processing: NTPC.NS
2026-08-19 05:39:23,125 - INFO -   NTPC.NS: 1558 rows stored in DB
2026-08-19 05:39:23,125 - INFO - Processing: ONGC.NS
2026-08-19 05:39:23,962 - INFO -   ONGC.NS: 1558 rows stored in DB
2026-08-19 05:39:23,962 - INFO - Processing: ^NSEI
2026-08-19 05:39:24,693 - INFO -   ^NSEI: 1614 rows stored in DB
2026-08-19 05:39:24,693 - INFO - Processing: ^NSEBANK
2026-08-19 05:39:25,428 - INFO -   ^NSEBANK: 1614 rows stored in DB
2026-08-19 05:39:25,428 - INFO - Processing: ^BSESN
2026-08-19 05:39:26,153 - INFO -   ^BSESN: 1599 rows stored in DB
2026-08-19 05:39:26,153 - INFO - Processing: ^NSEMDCP50
2026-08-19 05:39:26,913 - INFO -   ^NSEMDCP50: 1614 rows stored in DB
2026-08-19 05:39:26,913 - INFO - Processing: NIFTY_FIN_SERVICE.NS
2026-08-19 05:39:27,670 - INFO -   NIFTY_FIN_SERVICE.NS: 1614 rows stored in DB
2026-08-19 05:39:27,733 - INFO - README updated.
2026-08-19 05:39:27,733 - INFO - All done.
2026-08-19 06:01:55,713 - INFO - Processing 25 symbols
2026-08-19 06:01:55,714 - INFO - Processing: RELIANCE.NS
2026-08-19 06:01:56,837 - INFO -   RELIANCE.NS: 1579 rows stored in DB
2026-08-19 06:01:56,837 - INFO - Processing: HDFCBANK.NS
2026-08-19 06:01:57,692 - INFO -   HDFCBANK.NS: 1580 rows stored in DB
2026-08-19 06:01:57,692 - INFO - Processing: ICICIBANK.NS
2026-08-19 06:01:58,527 - INFO -   ICICIBANK.NS: 1579 rows stored in DB
2026-08-19 06:01:58,527 - INFO - Processing: INFY.NS
2026-08-19 06:01:59,383 - INFO -   INFY.NS: 1580 rows stored in DB
2026-08-19 06:01:59,383 - INFO - Processing: TCS.NS
2026-08-19 06:02:00,267 - INFO -   TCS.NS: 1579 rows stored in DB
2026-08-19 06:02:00,267 - INFO - Processing: ITC.NS
2026-08-19 06:02:01,106 - INFO -   ITC.NS: 1580 rows stored in DB
2026-08-19 06:02:01,106 - INFO - Processing: HINDUNILVR.NS
2026-08-19 06:02:01,980 - INFO -   HINDUNILVR.NS: 1579 rows stored in DB
2026-08-19 06:02:01,980 - INFO - Processing: SBIN.NS
2026-08-19 06:02:02,885 - INFO -   SBIN.NS: 1580 rows stored in DB
2026-08-19 06:02:02,885 - INFO - Processing: BHARTIARTL.NS
2026-08-19 06:02:03,733 - INFO -   BHARTIARTL.NS: 1579 rows stored in DB
2026-08-19 06:02:03,733 - INFO - Processing: KOTAKBANK.NS
2026-08-19 06:02:04,577 - INFO -   KOTAKBANK.NS: 1581 rows stored in DB
2026-08-19 06:02:04,577 - INFO - Processing: LT.NS
2026-08-19 06:02:05,438 - INFO -   LT.NS: 1580 rows stored in DB
2026-08-19 06:02:05,438 - INFO - Processing: AXISBANK.NS
2026-08-19 06:02:06,285 - INFO -   AXISBANK.NS: 1581 rows stored in DB
2026-08-19 06:02:06,285 - INFO - Processing: BAJFINANCE.NS
2026-08-19 06:02:07,109 - INFO -   BAJFINANCE.NS: 1580 rows stored in DB
2026-08-19 06:02:07,109 - INFO - Processing: ASIANPAINT.NS
2026-08-19 06:02:07,951 - INFO -   ASIANPAINT.NS: 1579 rows stored in DB
2026-08-19 06:02:07,951 - INFO - Processing: MARUTI.NS
2026-08-19 06:02:08,806 - INFO -   MARUTI.NS: 1579 rows stored in DB
2026-08-19 06:02:08,806 - INFO - Processing: SUNPHARMA.NS
2026-08-19 06:02:09,672 - INFO -   SUNPHARMA.NS: 1580 rows stored in DB
2026-08-19 06:02:09,672 - INFO - Processing: WIPRO.NS
2026-08-19 06:02:10,504 - INFO -   WIPRO.NS: 1580 rows stored in DB
2026-08-19 06:02:10,505 - INFO - Processing: POWERGRID.NS
2026-08-19 06:02:11,360 - INFO -   POWERGRID.NS: 1581 rows stored in DB
2026-08-19 06:02:11,361 - INFO - Processing: NTPC.NS
2026-08-19 06:02:12,220 - INFO -   NTPC.NS: 1581 rows stored in DB
2026-08-19 06:02:12,220 - INFO - Processing: ONGC.NS
2026-08-19 06:02:13,085 - INFO -   ONGC.NS: 1581 rows stored in DB
2026-08-19 06:02:13,085 - INFO - Processing: ^NSEI
2026-08-19 06:02:13,837 - INFO -   ^NSEI: 1637 rows stored in DB
2026-08-19 06:02:13,837 - INFO - Processing: ^NSEBANK
2026-08-19 06:02:14,856 - INFO -   ^NSEBANK: 1637 rows stored in DB
2026-08-19 06:02:14,857 - INFO - Processing: ^BSESN
2026-08-19 06:02:15,615 - INFO -   ^BSESN: 1622 rows stored in DB
2026-08-19 06:02:15,615 - INFO - Processing: ^NSEMDCP50
2026-08-19 06:02:16,389 - INFO -   ^NSEMDCP50: 1637 rows stored in DB
2026-08-19 06:02:16,389 - INFO - Processing: NIFTY_FIN_SERVICE.NS
2026-08-19 06:02:17,148 - INFO -   NIFTY_FIN_SERVICE.NS: 1637 rows stored in DB
2026-08-19 06:02:17,211 - INFO - README updated.
2026-08-19 06:02:17,211 - INFO - All done.
2026-08-19 07:00:15,121 - INFO - Processing 25 symbols
2026-08-19 07:00:15,122 - INFO - Processing: RELIANCE.NS
2026-08-19 07:00:16,123 - INFO -   RELIANCE.NS: 1638 rows stored in DB
2026-08-19 07:00:16,123 - INFO - Processing: HDFCBANK.NS
2026-08-19 07:00:17,697 - INFO -   HDFCBANK.NS: 1639 rows stored in DB
2026-08-19 07:00:17,697 - INFO - Processing: ICICIBANK.NS
2026-08-19 07:00:18,653 - INFO -   ICICIBANK.NS: 1638 rows stored in DB
2026-08-19 07:00:18,653 - INFO - Processing: INFY.NS
2026-08-19 07:00:19,535 - INFO -   INFY.NS: 1639 rows stored in DB
2026-08-19 07:00:19,535 - INFO - Processing: TCS.NS
2026-08-19 07:00:20,412 - INFO -   TCS.NS: 1638 rows stored in DB
2026-08-19 07:00:20,412 - INFO - Processing: ITC.NS
2026-08-19 07:00:21,338 - INFO -   ITC.NS: 1639 rows stored in DB
2026-08-19 07:00:21,338 - INFO - Processing: HINDUNILVR.NS
2026-08-19 07:00:22,231 - INFO -   HINDUNILVR.NS: 1638 rows stored in DB
2026-08-19 07:00:22,231 - INFO - Processing: SBIN.NS
2026-08-19 07:00:23,138 - INFO -   SBIN.NS: 1639 rows stored in DB
2026-08-19 07:00:23,138 - INFO - Processing: BHARTIARTL.NS
2026-08-19 07:00:24,032 - INFO -   BHARTIARTL.NS: 1637 rows stored in DB
2026-08-19 07:00:24,033 - INFO - Processing: KOTAKBANK.NS
2026-08-19 07:00:24,905 - INFO -   KOTAKBANK.NS: 1639 rows stored in DB
2026-08-19 07:00:24,905 - INFO - Processing: LT.NS
2026-08-19 07:00:25,783 - INFO -   LT.NS: 1638 rows stored in DB
2026-08-19 07:00:25,783 - INFO - Processing: AXISBANK.NS
2026-08-19 07:00:26,639 - INFO -   AXISBANK.NS: 1639 rows stored in DB
2026-08-19 07:00:26,639 - INFO - Processing: BAJFINANCE.NS
2026-08-19 07:00:27,519 - INFO -   BAJFINANCE.NS: 1638 rows stored in DB
2026-08-19 07:00:27,520 - INFO - Processing: ASIANPAINT.NS
2026-08-19 07:00:28,388 - INFO -   ASIANPAINT.NS: 1637 rows stored in DB
2026-08-19 07:00:28,388 - INFO - Processing: MARUTI.NS
2026-08-19 07:00:29,266 - INFO -   MARUTI.NS: 1637 rows stored in DB
2026-08-19 07:00:29,266 - INFO - Processing: SUNPHARMA.NS
2026-08-19 07:00:30,206 - INFO -   SUNPHARMA.NS: 1638 rows stored in DB
2026-08-19 07:00:30,206 - INFO - Processing: WIPRO.NS
2026-08-19 07:00:31,097 - INFO -   WIPRO.NS: 1638 rows stored in DB
2026-08-19 07:00:31,098 - INFO - Processing: POWERGRID.NS
2026-08-19 07:00:31,969 - INFO -   POWERGRID.NS: 1639 rows stored in DB
2026-08-19 07:00:31,969 - INFO - Processing: NTPC.NS
2026-08-19 07:00:32,829 - INFO -   NTPC.NS: 1639 rows stored in DB
2026-08-19 07:00:32,829 - INFO - Processing: ONGC.NS
2026-08-19 07:00:33,720 - INFO -   ONGC.NS: 1639 rows stored in DB
2026-08-19 07:00:33,720 - INFO - Processing: ^NSEI
2026-08-19 07:00:34,560 - INFO -   ^NSEI: 1695 rows stored in DB
2026-08-19 07:00:34,560 - INFO - Processing: ^NSEBANK
2026-08-19 07:00:35,359 - INFO -   ^NSEBANK: 1695 rows stored in DB
2026-08-19 07:00:35,359 - INFO - Processing: ^BSESN
2026-08-19 07:00:36,128 - INFO -   ^BSESN: 1680 rows stored in DB
2026-08-19 07:00:36,128 - INFO - Processing: ^NSEMDCP50
2026-08-19 07:00:36,933 - INFO -   ^NSEMDCP50: 1695 rows stored in DB
2026-08-19 07:00:36,933 - INFO - Processing: NIFTY_FIN_SERVICE.NS
2026-08-19 07:00:37,764 - INFO -   NIFTY_FIN_SERVICE.NS: 1695 rows stored in DB
2026-08-19 07:00:37,826 - INFO - README updated.
2026-08-19 07:00:37,826 - INFO - All done.
2026-08-19 07:47:49,146 - INFO - Processing 25 symbols
2026-08-19 07:47:49,146 - INFO - Processing: RELIANCE.NS
2026-08-19 07:47:50,474 - INFO -   RELIANCE.NS: 1685 rows stored in DB
2026-08-19 07:47:50,474 - INFO - Processing: HDFCBANK.NS
2026-08-19 07:47:51,369 - INFO -   HDFCBANK.NS: 1686 rows stored in DB
2026-08-19 07:47:51,369 - INFO - Processing: ICICIBANK.NS
2026-08-19 07:47:52,347 - INFO -   ICICIBANK.NS: 1685 rows stored in DB
2026-08-19 07:47:52,347 - INFO - Processing: INFY.NS
2026-08-19 07:47:53,275 - INFO -   INFY.NS: 1686 rows stored in DB
2026-08-19 07:47:53,275 - INFO - Processing: TCS.NS
2026-08-19 07:47:54,287 - INFO -   TCS.NS: 1685 rows stored in DB
2026-08-19 07:47:54,288 - INFO - Processing: ITC.NS
2026-08-19 07:47:55,237 - INFO -   ITC.NS: 1686 rows stored in DB
2026-08-19 07:47:55,238 - INFO - Processing: HINDUNILVR.NS
2026-08-19 07:47:56,139 - INFO -   HINDUNILVR.NS: 1685 rows stored in DB
2026-08-19 07:47:56,139 - INFO - Processing: SBIN.NS
2026-08-19 07:47:57,083 - INFO -   SBIN.NS: 1686 rows stored in DB
2026-08-19 07:47:57,083 - INFO - Processing: BHARTIARTL.NS
2026-08-19 07:47:58,058 - INFO -   BHARTIARTL.NS: 1684 rows stored in DB
2026-08-19 07:47:58,058 - INFO - Processing: KOTAKBANK.NS
2026-08-19 07:47:59,007 - INFO -   KOTAKBANK.NS: 1686 rows stored in DB
2026-08-19 07:47:59,007 - INFO - Processing: LT.NS
2026-08-19 07:47:59,886 - INFO -   LT.NS: 1685 rows stored in DB
2026-08-19 07:47:59,886 - INFO - Processing: AXISBANK.NS
2026-08-19 07:48:00,824 - INFO -   AXISBANK.NS: 1686 rows stored in DB
2026-08-19 07:48:00,824 - INFO - Processing: BAJFINANCE.NS
2026-08-19 07:48:01,719 - INFO -   BAJFINANCE.NS: 1685 rows stored in DB
2026-08-19 07:48:01,719 - INFO - Processing: ASIANPAINT.NS
2026-08-19 07:48:03,086 - INFO -   ASIANPAINT.NS: 1684 rows stored in DB
2026-08-19 07:48:03,086 - INFO - Processing: MARUTI.NS
2026-08-19 07:48:03,988 - INFO -   MARUTI.NS: 1684 rows stored in DB
2026-08-19 07:48:03,988 - INFO - Processing: SUNPHARMA.NS
2026-08-19 07:48:04,931 - INFO -   SUNPHARMA.NS: 1686 rows stored in DB
2026-08-19 07:48:04,931 - INFO - Processing: WIPRO.NS
2026-08-19 07:48:05,859 - INFO -   WIPRO.NS: 1685 rows stored in DB
2026-08-19 07:48:05,859 - INFO - Processing: POWERGRID.NS
2026-08-19 07:48:06,815 - INFO -   POWERGRID.NS: 1687 rows stored in DB
2026-08-19 07:48:06,815 - INFO - Processing: NTPC.NS
2026-08-19 07:48:07,699 - INFO -   NTPC.NS: 1687 rows stored in DB
2026-08-19 07:48:07,699 - INFO - Processing: ONGC.NS
2026-08-19 07:48:08,663 - INFO -   ONGC.NS: 1687 rows stored in DB
2026-08-19 07:48:08,663 - INFO - Processing: ^NSEI
2026-08-19 07:48:09,589 - INFO -   ^NSEI: 1743 rows stored in DB
2026-08-19 07:48:09,589 - INFO - Processing: ^NSEBANK
2026-08-19 07:48:10,441 - INFO -   ^NSEBANK: 1743 rows stored in DB
2026-08-19 07:48:10,441 - INFO - Processing: ^BSESN
2026-08-19 07:48:11,327 - INFO -   ^BSESN: 1728 rows stored in DB
2026-08-19 07:48:11,327 - INFO - Processing: ^NSEMDCP50
2026-08-19 07:48:12,149 - INFO -   ^NSEMDCP50: 1743 rows stored in DB
2026-08-19 07:48:12,150 - INFO - Processing: NIFTY_FIN_SERVICE.NS
2026-08-19 07:48:12,995 - INFO -   NIFTY_FIN_SERVICE.NS: 1743 rows stored in DB
2026-08-19 07:48:13,053 - INFO - README updated.
2026-08-19 07:48:13,054 - INFO - All done.
2026-08-19 08:18:42,318 - INFO - Processing 25 symbols
2026-08-19 08:18:42,318 - INFO - Processing: RELIANCE.NS
2026-08-19 08:18:46,089 - INFO -   RELIANCE.NS: 1716 rows stored in DB
2026-08-19 08:18:46,089 - INFO - Processing: HDFCBANK.NS
2026-08-19 08:18:47,616 - INFO -   HDFCBANK.NS: 1717 rows stored in DB
2026-08-19 08:18:47,616 - INFO - Processing: ICICIBANK.NS
2026-08-19 08:18:48,550 - INFO -   ICICIBANK.NS: 1716 rows stored in DB
2026-08-19 08:18:48,550 - INFO - Processing: INFY.NS
2026-08-19 08:18:49,911 - INFO -   INFY.NS: 1717 rows stored in DB
2026-08-19 08:18:49,911 - INFO - Processing: TCS.NS
2026-08-19 08:18:50,750 - INFO -   TCS.NS: 1716 rows stored in DB
2026-08-19 08:18:50,750 - INFO - Processing: ITC.NS
2026-08-19 08:18:51,620 - INFO -   ITC.NS: 1717 rows stored in DB
2026-08-19 08:18:51,620 - INFO - Processing: HINDUNILVR.NS
2026-08-19 08:18:52,869 - INFO -   HINDUNILVR.NS: 1716 rows stored in DB
2026-08-19 08:18:52,869 - INFO - Processing: SBIN.NS
2026-08-19 08:18:53,816 - INFO -   SBIN.NS: 1717 rows stored in DB
2026-08-19 08:18:53,816 - INFO - Processing: BHARTIARTL.NS
2026-08-19 08:18:55,076 - INFO -   BHARTIARTL.NS: 1715 rows stored in DB
2026-08-19 08:18:55,076 - INFO - Processing: KOTAKBANK.NS
2026-08-19 08:18:55,934 - INFO -   KOTAKBANK.NS: 1717 rows stored in DB
2026-08-19 08:18:55,934 - INFO - Processing: LT.NS
2026-08-19 08:18:56,769 - INFO -   LT.NS: 1716 rows stored in DB
2026-08-19 08:18:56,769 - INFO - Processing: AXISBANK.NS
2026-08-19 08:18:57,945 - INFO -   AXISBANK.NS: 1717 rows stored in DB
2026-08-19 08:18:57,945 - INFO - Processing: BAJFINANCE.NS
2026-08-19 08:18:58,911 - INFO -   BAJFINANCE.NS: 1716 rows stored in DB
2026-08-19 08:18:58,911 - INFO - Processing: ASIANPAINT.NS
2026-08-19 08:18:59,991 - INFO -   ASIANPAINT.NS: 1715 rows stored in DB
2026-08-19 08:18:59,991 - INFO - Processing: MARUTI.NS
2026-08-19 08:19:01,546 - INFO -   MARUTI.NS: 1715 rows stored in DB
2026-08-19 08:19:01,546 - INFO - Processing: SUNPHARMA.NS
2026-08-19 08:19:02,573 - INFO -   SUNPHARMA.NS: 1716 rows stored in DB
2026-08-19 08:19:02,573 - INFO - Processing: WIPRO.NS
2026-08-19 08:19:03,631 - INFO -   WIPRO.NS: 1716 rows stored in DB
2026-08-19 08:19:03,632 - INFO - Processing: POWERGRID.NS
2026-08-19 08:19:04,879 - INFO -   POWERGRID.NS: 1718 rows stored in DB
2026-08-19 08:19:04,880 - INFO - Processing: NTPC.NS
2026-08-19 08:19:05,770 - INFO -   NTPC.NS: 1718 rows stored in DB
2026-08-19 08:19:05,770 - INFO - Processing: ONGC.NS
2026-08-19 08:19:07,085 - INFO -   ONGC.NS: 1718 rows stored in DB
2026-08-19 08:19:07,085 - INFO - Processing: ^NSEI
2026-08-19 08:19:08,128 - INFO -   ^NSEI: 1774 rows stored in DB
2026-08-19 08:19:08,128 - INFO - Processing: ^NSEBANK
2026-08-19 08:19:09,230 - INFO -   ^NSEBANK: 1774 rows stored in DB
2026-08-19 08:19:09,230 - INFO - Processing: ^BSESN
2026-08-19 08:19:10,293 - INFO -   ^BSESN: 1759 rows stored in DB
2026-08-19 08:19:10,293 - INFO - Processing: ^NSEMDCP50
2026-08-19 08:19:11,464 - INFO -   ^NSEMDCP50: 1774 rows stored in DB
2026-08-19 08:19:11,465 - INFO - Processing: NIFTY_FIN_SERVICE.NS
2026-08-19 08:19:12,491 - INFO -   NIFTY_FIN_SERVICE.NS: 1774 rows stored in DB
2026-08-19 08:19:12,534 - INFO - README updated.
2026-08-19 08:19:12,534 - INFO - All done.
2026-08-19 08:59:45,948 - INFO - Processing 25 symbols
2026-08-19 08:59:45,948 - INFO - Processing: RELIANCE.NS
2026-08-19 08:59:46,962 - INFO -   RELIANCE.NS: 1757 rows stored in DB
2026-08-19 08:59:46,962 - INFO - Processing: HDFCBANK.NS
2026-08-19 08:59:47,585 - INFO -   HDFCBANK.NS: 1758 rows stored in DB
2026-08-19 08:59:47,585 - INFO - Processing: ICICIBANK.NS
2026-08-19 08:59:48,205 - INFO -   ICICIBANK.NS: 1757 rows stored in DB
2026-08-19 08:59:48,205 - INFO - Processing: INFY.NS
2026-08-19 08:59:48,830 - INFO -   INFY.NS: 1758 rows stored in DB
2026-08-19 08:59:48,830 - INFO - Processing: TCS.NS
2026-08-19 08:59:49,467 - INFO -   TCS.NS: 1757 rows stored in DB
2026-08-19 08:59:49,467 - INFO - Processing: ITC.NS
2026-08-19 08:59:50,118 - INFO -   ITC.NS: 1758 rows stored in DB
2026-08-19 08:59:50,118 - INFO - Processing: HINDUNILVR.NS
2026-08-19 08:59:50,765 - INFO -   HINDUNILVR.NS: 1757 rows stored in DB
2026-08-19 08:59:50,765 - INFO - Processing: SBIN.NS
2026-08-19 08:59:51,411 - INFO -   SBIN.NS: 1758 rows stored in DB
2026-08-19 08:59:51,411 - INFO - Processing: BHARTIARTL.NS
2026-08-19 08:59:52,019 - INFO -   BHARTIARTL.NS: 1756 rows stored in DB
2026-08-19 08:59:52,019 - INFO - Processing: KOTAKBANK.NS
2026-08-19 08:59:52,649 - INFO -   KOTAKBANK.NS: 1758 rows stored in DB
2026-08-19 08:59:52,649 - INFO - Processing: LT.NS
2026-08-19 08:59:53,259 - INFO -   LT.NS: 1757 rows stored in DB
2026-08-19 08:59:53,259 - INFO - Processing: AXISBANK.NS
2026-08-19 08:59:53,905 - INFO -   AXISBANK.NS: 1758 rows stored in DB
2026-08-19 08:59:53,905 - INFO - Processing: BAJFINANCE.NS
2026-08-19 08:59:54,552 - INFO -   BAJFINANCE.NS: 1757 rows stored in DB
2026-08-19 08:59:54,552 - INFO - Processing: ASIANPAINT.NS
2026-08-19 08:59:55,209 - INFO -   ASIANPAINT.NS: 1756 rows stored in DB
2026-08-19 08:59:55,209 - INFO - Processing: MARUTI.NS
2026-08-19 08:59:55,847 - INFO -   MARUTI.NS: 1756 rows stored in DB
2026-08-19 08:59:55,847 - INFO - Processing: SUNPHARMA.NS
2026-08-19 08:59:56,645 - INFO -   SUNPHARMA.NS: 1757 rows stored in DB
2026-08-19 08:59:56,645 - INFO - Processing: WIPRO.NS
2026-08-19 08:59:58,285 - INFO -   WIPRO.NS: 1757 rows stored in DB
2026-08-19 08:59:58,286 - INFO - Processing: POWERGRID.NS
2026-08-19 08:59:59,768 - INFO -   POWERGRID.NS: 1758 rows stored in DB
2026-08-19 08:59:59,769 - INFO - Processing: NTPC.NS
2026-08-19 09:00:00,395 - INFO -   NTPC.NS: 1758 rows stored in DB
2026-08-19 09:00:00,395 - INFO - Processing: ONGC.NS
2026-08-19 09:00:01,271 - INFO -   ONGC.NS: 1758 rows stored in DB
2026-08-19 09:00:01,271 - INFO - Processing: ^NSEI
2026-08-19 09:00:01,868 - INFO -   ^NSEI: 1814 rows stored in DB
2026-08-19 09:00:01,868 - INFO - Processing: ^NSEBANK
2026-08-19 09:00:02,502 - INFO -   ^NSEBANK: 1815 rows stored in DB
2026-08-19 09:00:02,502 - INFO - Processing: ^BSESN
2026-08-19 09:00:03,092 - INFO -   ^BSESN: 1799 rows stored in DB
2026-08-19 09:00:03,092 - INFO - Processing: ^NSEMDCP50
2026-08-19 09:00:03,671 - INFO -   ^NSEMDCP50: 1815 rows stored in DB
2026-08-19 09:00:03,672 - INFO - Processing: NIFTY_FIN_SERVICE.NS
2026-08-19 09:00:04,279 - INFO -   NIFTY_FIN_SERVICE.NS: 1815 rows stored in DB
2026-08-19 09:00:04,324 - INFO - README updated.
2026-08-19 09:00:04,324 - INFO - All done.
2026-08-19 09:42:10,849 - INFO - Processing 25 symbols
2026-08-19 09:42:10,849 - INFO - Processing: RELIANCE.NS
2026-08-19 09:42:11,819 - INFO -   RELIANCE.NS: 1800 rows stored in DB
2026-08-19 09:42:11,819 - INFO - Processing: HDFCBANK.NS
2026-08-19 09:42:12,611 - INFO -   HDFCBANK.NS: 1801 rows stored in DB
2026-08-19 09:42:12,611 - INFO - Processing: ICICIBANK.NS
2026-08-19 09:42:13,441 - INFO -   ICICIBANK.NS: 1800 rows stored in DB
2026-08-19 09:42:13,441 - INFO - Processing: INFY.NS
2026-08-19 09:42:14,688 - INFO -   INFY.NS: 1801 rows stored in DB
2026-08-19 09:42:14,688 - INFO - Processing: TCS.NS
2026-08-19 09:42:15,475 - INFO -   TCS.NS: 1800 rows stored in DB
2026-08-19 09:42:15,475 - INFO - Processing: ITC.NS
2026-08-19 09:42:16,282 - INFO -   ITC.NS: 1801 rows stored in DB
2026-08-19 09:42:16,282 - INFO - Processing: HINDUNILVR.NS
2026-08-19 09:42:17,067 - INFO -   HINDUNILVR.NS: 1800 rows stored in DB
2026-08-19 09:42:17,067 - INFO - Processing: SBIN.NS
2026-08-19 09:42:17,854 - INFO -   SBIN.NS: 1801 rows stored in DB
2026-08-19 09:42:17,854 - INFO - Processing: BHARTIARTL.NS
2026-08-19 09:42:18,645 - INFO -   BHARTIARTL.NS: 1799 rows stored in DB
2026-08-19 09:42:18,645 - INFO - Processing: KOTAKBANK.NS
2026-08-19 09:42:19,435 - INFO -   KOTAKBANK.NS: 1801 rows stored in DB
2026-08-19 09:42:19,435 - INFO - Processing: LT.NS
2026-08-19 09:42:20,243 - INFO -   LT.NS: 1800 rows stored in DB
2026-08-19 09:42:20,243 - INFO - Processing: AXISBANK.NS
2026-08-19 09:42:21,034 - INFO -   AXISBANK.NS: 1801 rows stored in DB
2026-08-19 09:42:21,035 - INFO - Processing: BAJFINANCE.NS
2026-08-19 09:42:21,836 - INFO -   BAJFINANCE.NS: 1800 rows stored in DB
2026-08-19 09:42:21,837 - INFO - Processing: ASIANPAINT.NS
2026-08-19 09:42:23,165 - INFO -   ASIANPAINT.NS: 1799 rows stored in DB
2026-08-19 09:42:23,165 - INFO - Processing: MARUTI.NS
2026-08-19 09:42:23,963 - INFO -   MARUTI.NS: 1799 rows stored in DB
2026-08-19 09:42:23,963 - INFO - Processing: SUNPHARMA.NS
2026-08-19 09:42:24,764 - INFO -   SUNPHARMA.NS: 1800 rows stored in DB
2026-08-19 09:42:24,765 - INFO - Processing: WIPRO.NS
2026-08-19 09:42:25,565 - INFO -   WIPRO.NS: 1800 rows stored in DB
2026-08-19 09:42:25,565 - INFO - Processing: POWERGRID.NS
2026-08-19 09:42:26,354 - INFO -   POWERGRID.NS: 1801 rows stored in DB
2026-08-19 09:42:26,354 - INFO - Processing: NTPC.NS
2026-08-19 09:42:27,169 - INFO -   NTPC.NS: 1801 rows stored in DB
2026-08-19 09:42:27,169 - INFO - Processing: ONGC.NS
2026-08-19 09:42:27,992 - INFO -   ONGC.NS: 1801 rows stored in DB
2026-08-19 09:42:27,992 - INFO - Processing: ^NSEI
2026-08-19 09:42:28,706 - INFO -   ^NSEI: 1857 rows stored in DB
2026-08-19 09:42:28,707 - INFO - Processing: ^NSEBANK
2026-08-19 09:42:29,421 - INFO -   ^NSEBANK: 1857 rows stored in DB
2026-08-19 09:42:29,421 - INFO - Processing: ^BSESN
2026-08-19 09:42:30,181 - INFO -   ^BSESN: 1842 rows stored in DB
2026-08-19 09:42:30,181 - INFO - Processing: ^NSEMDCP50
2026-08-19 09:42:30,934 - INFO -   ^NSEMDCP50: 1857 rows stored in DB
2026-08-19 09:42:30,935 - INFO - Processing: NIFTY_FIN_SERVICE.NS
2026-08-19 09:42:31,674 - INFO -   NIFTY_FIN_SERVICE.NS: 1857 rows stored in DB
2026-08-19 09:42:31,734 - INFO - README updated.
2026-08-19 09:42:31,734 - INFO - All done.
2026-08-19 10:04:23,915 - INFO - Processing 25 symbols
2026-08-19 10:04:23,915 - INFO - Processing: RELIANCE.NS
2026-08-19 10:04:25,540 - INFO -   RELIANCE.NS: 1802 rows stored in DB
2026-08-19 10:04:25,540 - INFO - Processing: HDFCBANK.NS
2026-08-19 10:04:26,463 - INFO -   HDFCBANK.NS: 1803 rows stored in DB
2026-08-19 10:04:26,463 - INFO - Processing: ICICIBANK.NS
2026-08-19 10:04:27,406 - INFO -   ICICIBANK.NS: 1801 rows stored in DB
2026-08-19 10:04:27,406 - INFO - Processing: INFY.NS
2026-08-19 10:04:28,375 - INFO -   INFY.NS: 1803 rows stored in DB
2026-08-19 10:04:28,375 - INFO - Processing: TCS.NS
2026-08-19 10:04:29,295 - INFO -   TCS.NS: 1802 rows stored in DB
2026-08-19 10:04:29,295 - INFO - Processing: ITC.NS
2026-08-19 10:04:30,250 - INFO -   ITC.NS: 1803 rows stored in DB
2026-08-19 10:04:30,250 - INFO - Processing: HINDUNILVR.NS
2026-08-19 10:04:31,182 - INFO -   HINDUNILVR.NS: 1802 rows stored in DB
2026-08-19 10:04:31,182 - INFO - Processing: SBIN.NS
2026-08-19 10:04:32,146 - INFO -   SBIN.NS: 1803 rows stored in DB
2026-08-19 10:04:32,146 - INFO - Processing: BHARTIARTL.NS
2026-08-19 10:04:33,107 - INFO -   BHARTIARTL.NS: 1801 rows stored in DB
2026-08-19 10:04:33,107 - INFO - Processing: KOTAKBANK.NS
2026-08-19 10:04:34,063 - INFO -   KOTAKBANK.NS: 1803 rows stored in DB
2026-08-19 10:04:34,063 - INFO - Processing: LT.NS
2026-08-19 10:04:35,404 - INFO -   LT.NS: 1802 rows stored in DB
2026-08-19 10:04:35,404 - INFO - Processing: AXISBANK.NS
2026-08-19 10:04:36,366 - INFO -   AXISBANK.NS: 1803 rows stored in DB
2026-08-19 10:04:36,367 - INFO - Processing: BAJFINANCE.NS
2026-08-19 10:04:37,309 - INFO -   BAJFINANCE.NS: 1802 rows stored in DB
2026-08-19 10:04:37,309 - INFO - Processing: ASIANPAINT.NS
2026-08-19 10:04:38,262 - INFO -   ASIANPAINT.NS: 1801 rows stored in DB
2026-08-19 10:04:38,263 - INFO - Processing: MARUTI.NS
2026-08-19 10:04:39,178 - INFO -   MARUTI.NS: 1801 rows stored in DB
2026-08-19 10:04:39,178 - INFO - Processing: SUNPHARMA.NS
2026-08-19 10:04:40,144 - INFO -   SUNPHARMA.NS: 1801 rows stored in DB
2026-08-19 10:04:40,144 - INFO - Processing: WIPRO.NS
2026-08-19 10:04:41,112 - INFO -   WIPRO.NS: 1802 rows stored in DB
2026-08-19 10:04:41,112 - INFO - Processing: POWERGRID.NS
2026-08-19 10:04:42,103 - INFO -   POWERGRID.NS: 1803 rows stored in DB
2026-08-19 10:04:42,104 - INFO - Processing: NTPC.NS
2026-08-19 10:04:43,081 - INFO -   NTPC.NS: 1803 rows stored in DB
2026-08-19 10:04:43,081 - INFO - Processing: ONGC.NS
2026-08-19 10:04:44,053 - INFO -   ONGC.NS: 1803 rows stored in DB
2026-08-19 10:04:44,053 - INFO - Processing: ^NSEI
2026-08-19 10:04:44,964 - INFO -   ^NSEI: 1874 rows stored in DB
2026-08-19 10:04:44,964 - INFO - Processing: ^NSEBANK
2026-08-19 10:04:45,986 - INFO -   ^NSEBANK: 1874 rows stored in DB
2026-08-19 10:04:45,986 - INFO - Processing: ^BSESN
2026-08-19 10:04:46,865 - INFO -   ^BSESN: 1863 rows stored in DB
2026-08-19 10:04:46,865 - INFO - Processing: ^NSEMDCP50
2026-08-19 10:04:47,737 - INFO -   ^NSEMDCP50: 1874 rows stored in DB
2026-08-19 10:04:47,737 - INFO - Processing: NIFTY_FIN_SERVICE.NS
2026-08-19 10:04:48,616 - INFO -   NIFTY_FIN_SERVICE.NS: 1874 rows stored in DB
2026-08-19 10:04:48,677 - INFO - README updated.
2026-08-19 10:04:48,678 - INFO - All done.
2026-08-19 10:43:05,730 - INFO - Processing 25 symbols
2026-08-19 10:43:05,730 - INFO - Processing: RELIANCE.NS
2026-08-19 10:43:07,179 - INFO -   RELIANCE.NS: 1803 rows stored in DB
2026-08-19 10:43:07,179 - INFO - Processing: HDFCBANK.NS
2026-08-19 10:43:08,188 - INFO -   HDFCBANK.NS: 1804 rows stored in DB
2026-08-19 10:43:08,189 - INFO - Processing: ICICIBANK.NS
2026-08-19 10:43:09,323 - INFO -   ICICIBANK.NS: 1802 rows stored in DB
2026-08-19 10:43:09,323 - INFO - Processing: INFY.NS
2026-08-19 10:43:10,356 - INFO -   INFY.NS: 1804 rows stored in DB
2026-08-19 10:43:10,356 - INFO - Processing: TCS.NS
2026-08-19 10:43:11,412 - INFO -   TCS.NS: 1803 rows stored in DB
2026-08-19 10:43:11,412 - INFO - Processing: ITC.NS
2026-08-19 10:43:12,428 - INFO -   ITC.NS: 1804 rows stored in DB
2026-08-19 10:43:12,428 - INFO - Processing: HINDUNILVR.NS
2026-08-19 10:43:13,475 - INFO -   HINDUNILVR.NS: 1803 rows stored in DB
2026-08-19 10:43:13,476 - INFO - Processing: SBIN.NS
2026-08-19 10:43:14,537 - INFO -   SBIN.NS: 1804 rows stored in DB
2026-08-19 10:43:14,537 - INFO - Processing: BHARTIARTL.NS
2026-08-19 10:43:15,600 - INFO -   BHARTIARTL.NS: 1802 rows stored in DB
2026-08-19 10:43:15,600 - INFO - Processing: KOTAKBANK.NS
2026-08-19 10:43:16,651 - INFO -   KOTAKBANK.NS: 1804 rows stored in DB
2026-08-19 10:43:16,651 - INFO - Processing: LT.NS
2026-08-19 10:43:17,727 - INFO -   LT.NS: 1803 rows stored in DB
2026-08-19 10:43:17,727 - INFO - Processing: AXISBANK.NS
2026-08-19 10:43:18,746 - INFO -   AXISBANK.NS: 1804 rows stored in DB
2026-08-19 10:43:18,746 - INFO - Processing: BAJFINANCE.NS
2026-08-19 10:43:19,794 - INFO -   BAJFINANCE.NS: 1803 rows stored in DB
2026-08-19 10:43:19,795 - INFO - Processing: ASIANPAINT.NS
2026-08-19 10:43:20,919 - INFO -   ASIANPAINT.NS: 1802 rows stored in DB
2026-08-19 10:43:20,919 - INFO - Processing: MARUTI.NS
2026-08-19 10:43:21,965 - INFO -   MARUTI.NS: 1802 rows stored in DB
2026-08-19 10:43:21,965 - INFO - Processing: SUNPHARMA.NS
2026-08-19 10:43:23,094 - INFO -   SUNPHARMA.NS: 1802 rows stored in DB
2026-08-19 10:43:23,095 - INFO - Processing: WIPRO.NS
2026-08-19 10:43:24,443 - INFO -   WIPRO.NS: 1803 rows stored in DB
2026-08-19 10:43:24,443 - INFO - Processing: POWERGRID.NS
2026-08-19 10:43:25,518 - INFO -   POWERGRID.NS: 1804 rows stored in DB
2026-08-19 10:43:25,518 - INFO - Processing: NTPC.NS
2026-08-19 10:43:26,535 - INFO -   NTPC.NS: 1804 rows stored in DB
2026-08-19 10:43:26,535 - INFO - Processing: ONGC.NS
2026-08-19 10:43:27,621 - INFO -   ONGC.NS: 1804 rows stored in DB
2026-08-19 10:43:27,621 - INFO - Processing: ^NSEI
2026-08-19 10:43:28,640 - INFO -   ^NSEI: 1874 rows stored in DB
2026-08-19 10:43:28,640 - INFO - Processing: ^NSEBANK
2026-08-19 10:43:29,579 - INFO -   ^NSEBANK: 1874 rows stored in DB
2026-08-19 10:43:29,579 - INFO - Processing: ^BSESN
2026-08-19 10:43:30,508 - INFO -   ^BSESN: 1874 rows stored in DB
2026-08-19 10:43:30,509 - INFO - Processing: ^NSEMDCP50
2026-08-19 10:43:31,485 - INFO -   ^NSEMDCP50: 1874 rows stored in DB
2026-08-19 10:43:31,485 - INFO - Processing: NIFTY_FIN_SERVICE.NS
2026-08-19 10:43:32,460 - INFO -   NIFTY_FIN_SERVICE.NS: 1874 rows stored in DB
2026-08-19 10:43:32,517 - INFO - README updated.
2026-08-19 10:43:32,518 - INFO - All done.
2026-08-19 11:03:53,682 - INFO - Processing 25 symbols
2026-08-19 11:03:53,682 - INFO - Processing: RELIANCE.NS
2026-08-19 11:03:54,098 - WARNING - No data: RELIANCE.NS
2026-08-19 11:03:54,098 - INFO - Processing: HDFCBANK.NS
2026-08-19 11:03:55,111 - INFO -   HDFCBANK.NS: 1804 rows stored in DB
2026-08-19 11:03:55,111 - INFO - Processing: ICICIBANK.NS
2026-08-19 11:03:56,131 - INFO -   ICICIBANK.NS: 1802 rows stored in DB
2026-08-19 11:03:56,131 - INFO - Processing: INFY.NS
2026-08-19 11:03:57,399 - INFO -   INFY.NS: 1804 rows stored in DB
2026-08-19 11:03:57,399 - INFO - Processing: TCS.NS
2026-08-19 11:03:58,358 - INFO -   TCS.NS: 1803 rows stored in DB
2026-08-19 11:03:58,358 - INFO - Processing: ITC.NS
2026-08-19 11:03:59,808 - INFO -   ITC.NS: 1804 rows stored in DB
2026-08-19 11:03:59,809 - INFO - Processing: HINDUNILVR.NS
2026-08-19 11:04:00,961 - INFO -   HINDUNILVR.NS: 1803 rows stored in DB
2026-08-19 11:04:00,962 - INFO - Processing: SBIN.NS
2026-08-19 11:04:02,279 - INFO -   SBIN.NS: 1804 rows stored in DB
2026-08-19 11:04:02,279 - INFO - Processing: BHARTIARTL.NS
2026-08-19 11:04:03,066 - INFO -   BHARTIARTL.NS: 1802 rows stored in DB
2026-08-19 11:04:03,066 - INFO - Processing: KOTAKBANK.NS
2026-08-19 11:04:04,460 - INFO -   KOTAKBANK.NS: 1804 rows stored in DB
2026-08-19 11:04:04,460 - INFO - Processing: LT.NS
2026-08-19 11:04:05,652 - INFO -   LT.NS: 1803 rows stored in DB
2026-08-19 11:04:05,652 - INFO - Processing: AXISBANK.NS
2026-08-19 11:04:06,692 - INFO -   AXISBANK.NS: 1804 rows stored in DB
2026-08-19 11:04:06,692 - INFO - Processing: BAJFINANCE.NS
2026-08-19 11:04:07,695 - INFO -   BAJFINANCE.NS: 1803 rows stored in DB
2026-08-19 11:04:07,695 - INFO - Processing: ASIANPAINT.NS
2026-08-19 11:04:08,801 - INFO -   ASIANPAINT.NS: 1802 rows stored in DB
2026-08-19 11:04:08,801 - INFO - Processing: MARUTI.NS
2026-08-19 11:04:09,664 - INFO -   MARUTI.NS: 1802 rows stored in DB
2026-08-19 11:04:09,664 - INFO - Processing: SUNPHARMA.NS
2026-08-19 11:04:10,916 - INFO -   SUNPHARMA.NS: 1802 rows stored in DB
2026-08-19 11:04:10,916 - INFO - Processing: WIPRO.NS
2026-08-19 11:04:12,091 - INFO -   WIPRO.NS: 1803 rows stored in DB
2026-08-19 11:04:12,091 - INFO - Processing: POWERGRID.NS
2026-08-19 11:04:13,092 - INFO -   POWERGRID.NS: 1804 rows stored in DB
2026-08-19 11:04:13,093 - INFO - Processing: NTPC.NS
2026-08-19 11:04:14,466 - INFO -   NTPC.NS: 1804 rows stored in DB
2026-08-19 11:04:14,466 - INFO - Processing: ONGC.NS
2026-08-19 11:04:15,325 - INFO -   ONGC.NS: 1804 rows stored in DB
2026-08-19 11:04:15,325 - INFO - Processing: ^NSEI
2026-08-19 11:04:16,115 - INFO -   ^NSEI: 1874 rows stored in DB
2026-08-19 11:04:16,115 - INFO - Processing: ^NSEBANK
2026-08-19 11:04:16,886 - INFO -   ^NSEBANK: 1874 rows stored in DB
2026-08-19 11:04:16,886 - INFO - Processing: ^BSESN
2026-08-19 11:04:17,756 - INFO -   ^BSESN: 1874 rows stored in DB
2026-08-19 11:04:17,757 - INFO - Processing: ^NSEMDCP50
2026-08-19 11:04:18,710 - INFO -   ^NSEMDCP50: 1874 rows stored in DB
2026-08-19 11:04:18,710 - INFO - Processing: NIFTY_FIN_SERVICE.NS
2026-08-19 11:04:19,646 - INFO -   NIFTY_FIN_SERVICE.NS: 1874 rows stored in DB
2026-08-19 11:04:19,693 - INFO - README updated.
2026-08-19 11:04:19,693 - INFO - All done.
2026-08-20 03:47:17,105 - INFO - Processing 25 symbols
2026-08-20 03:47:17,105 - INFO - Processing: RELIANCE.NS
2026-08-20 03:47:18,113 - INFO -   RELIANCE.NS: 1445 rows stored in DB
2026-08-20 03:47:18,113 - INFO - Processing: HDFCBANK.NS
2026-08-20 03:47:18,915 - INFO -   HDFCBANK.NS: 1446 rows stored in DB
2026-08-20 03:47:18,915 - INFO - Processing: ICICIBANK.NS
2026-08-20 03:47:19,718 - INFO -   ICICIBANK.NS: 1444 rows stored in DB
2026-08-20 03:47:19,718 - INFO - Processing: INFY.NS
2026-08-20 03:47:20,532 - INFO -   INFY.NS: 1446 rows stored in DB
2026-08-20 03:47:20,532 - INFO - Processing: TCS.NS
2026-08-20 03:47:21,324 - INFO -   TCS.NS: 1445 rows stored in DB
2026-08-20 03:47:21,324 - INFO - Processing: ITC.NS
2026-08-20 03:47:22,134 - INFO -   ITC.NS: 1446 rows stored in DB
2026-08-20 03:47:22,134 - INFO - Processing: HINDUNILVR.NS
2026-08-20 03:47:22,978 - INFO -   HINDUNILVR.NS: 1446 rows stored in DB
2026-08-20 03:47:22,979 - INFO - Processing: SBIN.NS
2026-08-20 03:47:23,768 - INFO -   SBIN.NS: 1446 rows stored in DB
2026-08-20 03:47:23,768 - INFO - Processing: BHARTIARTL.NS
2026-08-20 03:47:24,543 - INFO -   BHARTIARTL.NS: 1444 rows stored in DB
2026-08-20 03:47:24,543 - INFO - Processing: KOTAKBANK.NS
2026-08-20 03:47:25,335 - INFO -   KOTAKBANK.NS: 1446 rows stored in DB
2026-08-20 03:47:25,335 - INFO - Processing: LT.NS
2026-08-20 03:47:26,203 - INFO -   LT.NS: 1446 rows stored in DB
2026-08-20 03:47:26,203 - INFO - Processing: AXISBANK.NS
2026-08-20 03:47:26,998 - INFO -   AXISBANK.NS: 1446 rows stored in DB
2026-08-20 03:47:26,999 - INFO - Processing: BAJFINANCE.NS
2026-08-20 03:47:27,775 - INFO -   BAJFINANCE.NS: 1446 rows stored in DB
2026-08-20 03:47:27,776 - INFO - Processing: ASIANPAINT.NS
2026-08-20 03:47:28,574 - INFO -   ASIANPAINT.NS: 1445 rows stored in DB
2026-08-20 03:47:28,574 - INFO - Processing: MARUTI.NS
2026-08-20 03:47:29,840 - INFO -   MARUTI.NS: 1445 rows stored in DB
2026-08-20 03:47:29,840 - INFO - Processing: SUNPHARMA.NS
2026-08-20 03:47:30,638 - INFO -   SUNPHARMA.NS: 1445 rows stored in DB
2026-08-20 03:47:30,638 - INFO - Processing: WIPRO.NS
2026-08-20 03:47:31,431 - INFO -   WIPRO.NS: 1445 rows stored in DB
2026-08-20 03:47:31,431 - INFO - Processing: POWERGRID.NS
2026-08-20 03:47:32,315 - INFO -   POWERGRID.NS: 1446 rows stored in DB
2026-08-20 03:47:32,316 - INFO - Processing: NTPC.NS
2026-08-20 03:47:33,139 - INFO -   NTPC.NS: 1446 rows stored in DB
2026-08-20 03:47:33,139 - INFO - Processing: ONGC.NS
2026-08-20 03:47:33,939 - INFO -   ONGC.NS: 1446 rows stored in DB
2026-08-20 03:47:33,939 - INFO - Processing: ^NSEI
2026-08-20 03:47:34,674 - INFO -   ^NSEI: 1502 rows stored in DB
2026-08-20 03:47:34,674 - INFO - Processing: ^NSEBANK
2026-08-20 03:47:35,441 - INFO -   ^NSEBANK: 1502 rows stored in DB
2026-08-20 03:47:35,441 - INFO - Processing: ^BSESN
2026-08-20 03:47:36,179 - INFO -   ^BSESN: 1499 rows stored in DB
2026-08-20 03:47:36,179 - INFO - Processing: ^NSEMDCP50
2026-08-20 03:47:36,915 - INFO -   ^NSEMDCP50: 1502 rows stored in DB
2026-08-20 03:47:36,915 - INFO - Processing: NIFTY_FIN_SERVICE.NS
2026-08-20 03:47:37,649 - INFO -   NIFTY_FIN_SERVICE.NS: 1502 rows stored in DB
2026-08-20 03:47:37,711 - INFO - README updated.
2026-08-20 03:47:37,711 - INFO - All done.
2026-08-20 04:22:11,775 - INFO - Processing 25 symbols
2026-08-20 04:22:11,776 - INFO - Processing: RELIANCE.NS
2026-08-20 04:22:12,799 - INFO -   RELIANCE.NS: 1480 rows stored in DB
2026-08-20 04:22:12,799 - INFO - Processing: HDFCBANK.NS
2026-08-20 04:22:13,616 - INFO -   HDFCBANK.NS: 1481 rows stored in DB
2026-08-20 04:22:13,616 - INFO - Processing: ICICIBANK.NS
2026-08-20 04:22:14,399 - INFO -   ICICIBANK.NS: 1479 rows stored in DB
2026-08-20 04:22:14,399 - INFO - Processing: INFY.NS
2026-08-20 04:22:15,254 - INFO -   INFY.NS: 1481 rows stored in DB
2026-08-20 04:22:15,254 - INFO - Processing: TCS.NS
2026-08-20 04:22:16,098 - INFO -   TCS.NS: 1480 rows stored in DB
2026-08-20 04:22:16,098 - INFO - Processing: ITC.NS
2026-08-20 04:22:16,945 - INFO -   ITC.NS: 1481 rows stored in DB
2026-08-20 04:22:16,945 - INFO - Processing: HINDUNILVR.NS
2026-08-20 04:22:17,806 - INFO -   HINDUNILVR.NS: 1481 rows stored in DB
2026-08-20 04:22:17,806 - INFO - Processing: SBIN.NS
2026-08-20 04:22:18,601 - INFO -   SBIN.NS: 1481 rows stored in DB
2026-08-20 04:22:18,601 - INFO - Processing: BHARTIARTL.NS
2026-08-20 04:22:19,374 - INFO -   BHARTIARTL.NS: 1479 rows stored in DB
2026-08-20 04:22:19,374 - INFO - Processing: KOTAKBANK.NS
2026-08-20 04:22:20,193 - INFO -   KOTAKBANK.NS: 1481 rows stored in DB
2026-08-20 04:22:20,193 - INFO - Processing: LT.NS
2026-08-20 04:22:21,026 - INFO -   LT.NS: 1481 rows stored in DB
2026-08-20 04:22:21,026 - INFO - Processing: AXISBANK.NS
2026-08-20 04:22:21,818 - INFO -   AXISBANK.NS: 1481 rows stored in DB
2026-08-20 04:22:21,818 - INFO - Processing: BAJFINANCE.NS
2026-08-20 04:22:22,634 - INFO -   BAJFINANCE.NS: 1481 rows stored in DB
2026-08-20 04:22:22,634 - INFO - Processing: ASIANPAINT.NS
2026-08-20 04:22:23,479 - INFO -   ASIANPAINT.NS: 1480 rows stored in DB
2026-08-20 04:22:23,479 - INFO - Processing: MARUTI.NS
2026-08-20 04:22:24,304 - INFO -   MARUTI.NS: 1480 rows stored in DB
2026-08-20 04:22:24,304 - INFO - Processing: SUNPHARMA.NS
2026-08-20 04:22:25,136 - INFO -   SUNPHARMA.NS: 1480 rows stored in DB
2026-08-20 04:22:25,136 - INFO - Processing: WIPRO.NS
2026-08-20 04:22:25,939 - INFO -   WIPRO.NS: 1480 rows stored in DB
2026-08-20 04:22:25,940 - INFO - Processing: POWERGRID.NS
2026-08-20 04:22:26,803 - INFO -   POWERGRID.NS: 1481 rows stored in DB
2026-08-20 04:22:26,803 - INFO - Processing: NTPC.NS
2026-08-20 04:22:27,614 - INFO -   NTPC.NS: 1481 rows stored in DB
2026-08-20 04:22:27,614 - INFO - Processing: ONGC.NS
2026-08-20 04:22:28,450 - INFO -   ONGC.NS: 1481 rows stored in DB
2026-08-20 04:22:28,450 - INFO - Processing: ^NSEI
2026-08-20 04:22:29,164 - INFO -   ^NSEI: 1537 rows stored in DB
2026-08-20 04:22:29,164 - INFO - Processing: ^NSEBANK
2026-08-20 04:22:29,922 - INFO -   ^NSEBANK: 1537 rows stored in DB
2026-08-20 04:22:29,922 - INFO - Processing: ^BSESN
2026-08-20 04:22:30,667 - INFO -   ^BSESN: 1522 rows stored in DB
2026-08-20 04:22:30,667 - INFO - Processing: ^NSEMDCP50
2026-08-20 04:22:31,400 - INFO -   ^NSEMDCP50: 1537 rows stored in DB
2026-08-20 04:22:31,400 - INFO - Processing: NIFTY_FIN_SERVICE.NS
2026-08-20 04:22:32,161 - INFO -   NIFTY_FIN_SERVICE.NS: 1537 rows stored in DB
2026-08-20 04:22:32,225 - INFO - README updated.
2026-08-20 04:22:32,225 - INFO - All done.
2026-08-20 05:02:05,056 - INFO - Processing 25 symbols
2026-08-20 05:02:05,056 - INFO - Processing: RELIANCE.NS
2026-08-20 05:02:05,944 - INFO -   RELIANCE.NS: 1519 rows stored in DB
2026-08-20 05:02:05,944 - INFO - Processing: HDFCBANK.NS
2026-08-20 05:02:06,633 - INFO -   HDFCBANK.NS: 1521 rows stored in DB
2026-08-20 05:02:06,633 - INFO - Processing: ICICIBANK.NS
2026-08-20 05:02:07,377 - INFO -   ICICIBANK.NS: 1519 rows stored in DB
2026-08-20 05:02:07,377 - INFO - Processing: INFY.NS
2026-08-20 05:02:08,054 - INFO -   INFY.NS: 1521 rows stored in DB
2026-08-20 05:02:08,055 - INFO - Processing: TCS.NS
2026-08-20 05:02:08,747 - INFO -   TCS.NS: 1520 rows stored in DB
2026-08-20 05:02:08,747 - INFO - Processing: ITC.NS
2026-08-20 05:02:09,437 - INFO -   ITC.NS: 1521 rows stored in DB
2026-08-20 05:02:09,438 - INFO - Processing: HINDUNILVR.NS
2026-08-20 05:02:10,198 - INFO -   HINDUNILVR.NS: 1521 rows stored in DB
2026-08-20 05:02:10,198 - INFO - Processing: SBIN.NS
2026-08-20 05:02:10,865 - INFO -   SBIN.NS: 1521 rows stored in DB
2026-08-20 05:02:10,866 - INFO - Processing: BHARTIARTL.NS
2026-08-20 05:02:11,575 - INFO -   BHARTIARTL.NS: 1519 rows stored in DB
2026-08-20 05:02:11,575 - INFO - Processing: KOTAKBANK.NS
2026-08-20 05:02:12,263 - INFO -   KOTAKBANK.NS: 1521 rows stored in DB
2026-08-20 05:02:12,263 - INFO - Processing: LT.NS
2026-08-20 05:02:12,962 - INFO -   LT.NS: 1521 rows stored in DB
2026-08-20 05:02:12,962 - INFO - Processing: AXISBANK.NS
2026-08-20 05:02:13,671 - INFO -   AXISBANK.NS: 1521 rows stored in DB
2026-08-20 05:02:13,672 - INFO - Processing: BAJFINANCE.NS
2026-08-20 05:02:14,364 - INFO -   BAJFINANCE.NS: 1521 rows stored in DB
2026-08-20 05:02:14,364 - INFO - Processing: ASIANPAINT.NS
2026-08-20 05:02:15,074 - INFO -   ASIANPAINT.NS: 1520 rows stored in DB
2026-08-20 05:02:15,075 - INFO - Processing: MARUTI.NS
2026-08-20 05:02:15,749 - INFO -   MARUTI.NS: 1520 rows stored in DB
2026-08-20 05:02:15,749 - INFO - Processing: SUNPHARMA.NS
2026-08-20 05:02:16,410 - INFO -   SUNPHARMA.NS: 1520 rows stored in DB
2026-08-20 05:02:16,410 - INFO - Processing: WIPRO.NS
2026-08-20 05:02:17,092 - INFO -   WIPRO.NS: 1520 rows stored in DB
2026-08-20 05:02:17,092 - INFO - Processing: POWERGRID.NS
2026-08-20 05:02:17,814 - INFO -   POWERGRID.NS: 1521 rows stored in DB
2026-08-20 05:02:17,814 - INFO - Processing: NTPC.NS
2026-08-20 05:02:18,504 - INFO -   NTPC.NS: 1521 rows stored in DB
2026-08-20 05:02:18,504 - INFO - Processing: ONGC.NS
2026-08-20 05:02:19,188 - INFO -   ONGC.NS: 1521 rows stored in DB
2026-08-20 05:02:19,188 - INFO - Processing: ^NSEI
2026-08-20 05:02:19,855 - INFO -   ^NSEI: 1577 rows stored in DB
2026-08-20 05:02:19,855 - INFO - Processing: ^NSEBANK
2026-08-20 05:02:20,488 - INFO -   ^NSEBANK: 1577 rows stored in DB
2026-08-20 05:02:20,488 - INFO - Processing: ^BSESN
2026-08-20 05:02:21,134 - INFO -   ^BSESN: 1562 rows stored in DB
2026-08-20 05:02:21,134 - INFO - Processing: ^NSEMDCP50
2026-08-20 05:02:21,744 - INFO -   ^NSEMDCP50: 1577 rows stored in DB
2026-08-20 05:02:21,744 - INFO - Processing: NIFTY_FIN_SERVICE.NS
2026-08-20 05:02:22,357 - INFO -   NIFTY_FIN_SERVICE.NS: 1577 rows stored in DB
2026-08-20 05:02:22,418 - INFO - README updated.
2026-08-20 05:02:22,418 - INFO - All done.
2026-08-20 05:40:14,116 - INFO - Processing 25 symbols
2026-08-20 05:40:14,116 - INFO - Processing: RELIANCE.NS
2026-08-20 05:40:15,494 - INFO -   RELIANCE.NS: 1558 rows stored in DB
2026-08-20 05:40:15,494 - INFO - Processing: HDFCBANK.NS
2026-08-20 05:40:16,454 - INFO -   HDFCBANK.NS: 1559 rows stored in DB
2026-08-20 05:40:16,454 - INFO - Processing: ICICIBANK.NS
2026-08-20 05:40:17,450 - INFO -   ICICIBANK.NS: 1557 rows stored in DB
2026-08-20 05:40:17,451 - INFO - Processing: INFY.NS
2026-08-20 05:40:18,443 - INFO -   INFY.NS: 1559 rows stored in DB
2026-08-20 05:40:18,443 - INFO - Processing: TCS.NS
2026-08-20 05:40:19,442 - INFO -   TCS.NS: 1558 rows stored in DB
2026-08-20 05:40:19,442 - INFO - Processing: ITC.NS
2026-08-20 05:40:20,425 - INFO -   ITC.NS: 1559 rows stored in DB
2026-08-20 05:40:20,426 - INFO - Processing: HINDUNILVR.NS
2026-08-20 05:40:21,410 - INFO -   HINDUNILVR.NS: 1559 rows stored in DB
2026-08-20 05:40:21,410 - INFO - Processing: SBIN.NS
2026-08-20 05:40:22,386 - INFO -   SBIN.NS: 1559 rows stored in DB
2026-08-20 05:40:22,386 - INFO - Processing: BHARTIARTL.NS
2026-08-20 05:40:23,379 - INFO -   BHARTIARTL.NS: 1557 rows stored in DB
2026-08-20 05:40:23,380 - INFO - Processing: KOTAKBANK.NS
2026-08-20 05:40:24,346 - INFO -   KOTAKBANK.NS: 1559 rows stored in DB
2026-08-20 05:40:24,346 - INFO - Processing: LT.NS
2026-08-20 05:40:25,340 - INFO -   LT.NS: 1559 rows stored in DB
2026-08-20 05:40:25,340 - INFO - Processing: AXISBANK.NS
2026-08-20 05:40:26,334 - INFO -   AXISBANK.NS: 1559 rows stored in DB
2026-08-20 05:40:26,334 - INFO - Processing: BAJFINANCE.NS
2026-08-20 05:40:27,295 - INFO -   BAJFINANCE.NS: 1559 rows stored in DB
2026-08-20 05:40:27,295 - INFO - Processing: ASIANPAINT.NS
2026-08-20 05:40:28,253 - INFO -   ASIANPAINT.NS: 1558 rows stored in DB
2026-08-20 05:40:28,254 - INFO - Processing: MARUTI.NS
2026-08-20 05:40:29,235 - INFO -   MARUTI.NS: 1558 rows stored in DB
2026-08-20 05:40:29,235 - INFO - Processing: SUNPHARMA.NS
2026-08-20 05:40:30,227 - INFO -   SUNPHARMA.NS: 1558 rows stored in DB
2026-08-20 05:40:30,227 - INFO - Processing: WIPRO.NS
2026-08-20 05:40:31,192 - INFO -   WIPRO.NS: 1558 rows stored in DB
2026-08-20 05:40:31,192 - INFO - Processing: POWERGRID.NS
2026-08-20 05:40:32,186 - INFO -   POWERGRID.NS: 1559 rows stored in DB
2026-08-20 05:40:32,186 - INFO - Processing: NTPC.NS
2026-08-20 05:40:33,166 - INFO -   NTPC.NS: 1559 rows stored in DB
2026-08-20 05:40:33,166 - INFO - Processing: ONGC.NS
2026-08-20 05:40:34,159 - INFO -   ONGC.NS: 1559 rows stored in DB
2026-08-20 05:40:34,159 - INFO - Processing: ^NSEI
2026-08-20 05:40:35,040 - INFO -   ^NSEI: 1615 rows stored in DB
2026-08-20 05:40:35,040 - INFO - Processing: ^NSEBANK
2026-08-20 05:40:35,922 - INFO -   ^NSEBANK: 1615 rows stored in DB
2026-08-20 05:40:35,923 - INFO - Processing: ^BSESN
2026-08-20 05:40:36,801 - INFO -   ^BSESN: 1600 rows stored in DB
2026-08-20 05:40:36,801 - INFO - Processing: ^NSEMDCP50
2026-08-20 05:40:37,684 - INFO -   ^NSEMDCP50: 1615 rows stored in DB
2026-08-20 05:40:37,684 - INFO - Processing: NIFTY_FIN_SERVICE.NS
2026-08-20 05:40:38,597 - INFO -   NIFTY_FIN_SERVICE.NS: 1615 rows stored in DB
2026-08-20 05:40:38,657 - INFO - README updated.
2026-08-20 05:40:38,658 - INFO - All done.
